chr12:57523550-57557000	0.176018	-0.607980	-0.453161	-0.068683	0.110790	-0.149493	0.012893	0.183759	0.071262	0.031819	-0.036037	0.230714	-0.005332	0.015627	0.121922	-0.041395	-0.156548	-0.082659	0.223081	0.081487	-0.289087	-0.149816	-0.056654	-0.091010	0.153183	0.041028	-0.040122	-0.010618	-0.084510	0.018176	-0.006571	0.074580	0.214966	0.157895	-0.065358	0.100381	0.253069	-0.015723	-0.008047	0.019052	-0.075341	-0.101142	-0.090923	0.095565	0.163249	0.291675	0.049375	-0.107530	-0.192744	0.037212	-0.092554	-0.120964	0.156076	-0.048939	0.086035	-0.135823	-0.010161	-0.044561	0.124412	-0.021424	0.041804	0.021761	0.171921	0.098892	0.081263	-0.133706	0.071266	-0.099598	-0.028460	0.040759	0.102604	-0.007566	-0.163797	0.095802	-0.044154	-0.010948	-0.068124	-0.180830	-0.074955	0.002043	-0.046306	0.109808	0.030222	-0.155036	-0.007257	-0.111566	-0.059416	0.160247	0.114951	0.106229	-0.041939	0.072713	-0.095189	0.079321	-0.085727	0.008799	-0.074878	0.041289	0.016042	0.011730	-0.001479	0.064069	-0.030043	0.010291	-0.000785	-0.065694	0.087360	0.175811	0.060542	0.070982	-0.166737	-0.089421	0.013594	0.184918	0.066948	-0.192909	-0.160209	0.055996	0.048595	0.178878	0.068910	0.017917	0.074574	0.134195	-0.282079	0.003712	0.121648	-0.017046
chr12:66580602-66583000	0.813211	0.877667	0.213082	0.154665	-0.258291	0.133038	0.011302	-0.377343	-0.346563	-0.478983	-0.162969	-0.042215	-0.036302	-0.116399	-0.335334	0.107086	-0.135912	0.081255	0.294099	-0.226384	-0.077984	-0.090280	0.213829	0.258344	0.333193	0.009733	0.022908	-0.072518	-0.110869	0.082356	0.064610	0.016183	-0.226117	-0.037187	-0.211327	-0.085705	-0.150405	-0.092597	0.133023	-0.006466	-0.141627	0.026174	0.202781	0.069230	0.018887	-0.014926	-0.163050	-0.100766	0.105648	0.082144	-0.014962	-0.007963	-0.096929	0.257172	-0.059662	-0.080551	0.041368	-0.116694	0.071773	0.202981	-0.017678	-0.124642	0.041278	-0.220624	0.242915	0.177505	-0.103291	-0.068524	-0.059245	0.137356	0.060928	-0.201399	0.169135	0.044118	-0.114654	-0.104956	-0.027368	-0.204929	-0.113205	-0.026482	0.005685	0.045633	0.083075	0.057131	-0.074299	-0.042068	-0.031597	-0.039949	0.168552	-0.082549	0.213753	-0.197673	0.034303	0.156411	0.065879	0.074570	0.023384	-0.060171	0.268199	0.176784	-0.090801	-0.054559	0.014503	0.130966	-0.114066	0.006618	0.033399	0.153021	0.011613	0.034115	-0.181324	0.019196	-0.046109	-0.044599	-0.069374	0.136012	0.001583	0.055617	-0.177869	0.105599	-0.079795	0.000792	0.142381	-0.014030	-0.133393	0.030248	0.018556	-0.111797
chr3:187602695-187702695	0.830730	0.136994	0.069385	0.002722	-0.049739	-0.174750	-0.148125	0.092587	0.058804	-0.050956	0.015703	-0.165191	0.134718	-0.007024	0.124780	0.087604	-0.299828	-0.063255	0.076377	-0.163372	-0.093637	-0.090534	-0.018113	-0.127629	0.081299	-0.050795	-0.008862	-0.209301	-0.086296	0.008191	0.001377	-0.067681	0.052634	0.052107	0.005921	-0.020780	-0.132404	0.026165	0.102740	-0.296970	0.150293	-0.135599	0.062646	-0.182101	0.056612	-0.355724	-0.023641	0.046965	0.203662	-0.266542	0.146566	-0.028096	-0.069224	0.084349	-0.084843	0.060683	0.036985	0.073267	-0.049061	-0.121785	0.011034	-0.031424	-0.001444	-0.074172	-0.156832	-0.003290	0.041092	-0.009109	-0.035260	0.075604	-0.023336	-0.091851	-0.088222	-0.046520	0.074418	-0.167154	0.078110	-0.084658	0.016315	-0.009067	-0.103891	0.003650	-0.110832	-0.027360	-0.067813	-0.053368	-0.104933	0.128269	-0.243360	-0.033366	0.046623	0.177748	-0.195386	0.025204	-0.063802	-0.235265	-0.139862	0.132109	0.007358	-0.136577	-0.069256	0.007804	-0.048304	0.198061	0.105036	0.052392	-0.064262	-0.087903	0.055994	0.188111	0.004882	0.082515	-0.099258	0.229458	-0.089143	-0.048425	0.057559	-0.033119	-0.063559	-0.016062	-0.055732	-0.113107	-0.163075	-0.006217	0.009503	-0.084582	0.055853	-0.090976
chr3:187443146-187468463	0.565317	-0.148779	0.004041	0.013064	0.036259	-0.416176	0.089747	0.158834	-0.031117	-0.029128	-0.019263	0.107068	-0.196219	-0.091719	-0.192091	-0.007426	-0.243159	-0.019238	-0.034287	-0.093387	-0.242896	0.008589	0.019689	-0.009845	0.008092	0.094558	0.157034	-0.113835	-0.002883	-0.090893	0.123942	0.121731	-0.072467	0.055553	-0.166758	0.055699	0.010566	0.024877	0.096820	0.039673	0.189261	0.042295	0.038564	-0.088382	0.017597	-0.311099	0.099354	0.014804	-0.098354	-0.094654	-0.091368	0.047162	-0.030179	-0.002104	0.019377	-0.220584	-0.095498	0.012351	-0.073246	-0.166816	-0.115740	-0.028421	0.018617	0.039359	-0.013002	0.061927	0.126923	0.056689	-0.042269	0.062149	0.033576	-0.093340	-0.073267	-0.008799	0.098514	0.002638	-0.241962	0.096853	0.120216	0.099750	0.060790	0.019939	0.024326	0.133184	-0.156991	0.151034	0.121686	-0.145607	0.003879	0.040382	-0.038514	0.031462	-0.055350	-0.175438	-0.090747	0.030200	-0.103575	-0.075813	0.059579	-0.043401	-0.153381	-0.099979	-0.036547	0.097808	-0.148179	-0.047481	-0.092460	-0.065357	-0.150012	-0.083778	-0.092091	0.115710	-0.122319	-0.063687	0.098377	0.205819	0.007364	-0.013694	0.164130	-0.163717	0.006863	0.106347	0.024016	0.055155	0.048540	-0.009014	-0.038504	-0.004231
chr8:128857956-128964803	0.505252	-0.763237	-0.026285	-0.083952	-0.022849	-0.137309	-0.022180	-0.009604	-0.018647	-0.057610	0.209380	0.080417	-0.035935	-0.018013	-0.055547	-0.009409	0.013989	-0.251415	0.058086	-0.056733	0.069367	0.131244	0.116938	-0.150315	-0.007629	-0.122911	-0.075243	0.060993	-0.192156	-0.064938	0.110183	0.023534	-0.097988	0.049657	0.001198	0.078960	-0.063809	-0.037247	0.068828	0.098487	-0.012385	-0.073618	-0.109413	0.001364	-0.097548	0.066400	0.085986	-0.009859	-0.027275	-0.054563	-0.107951	-0.029302	0.024906	0.059918	0.079824	0.045128	-0.035091	0.066933	0.239813	0.069246	0.024202	-0.165694	0.076145	0.114950	-0.046186	-0.092671	0.082300	-0.055608	-0.112514	0.231498	-0.118203	-0.021207	-0.178581	-0.020182	-0.122227	-0.012469	0.089981	-0.050706	-0.061106	0.004472	0.084792	-0.083050	-0.093993	0.182557	-0.102870	-0.049221	-0.104832	-0.066423	-0.037972	-0.054319	0.064512	-0.024418	0.064233	0.030223	-0.019159	-0.107463	0.030296	-0.010595	0.126570	-0.109465	0.176961	0.175023	0.017320	0.102046	-0.069993	0.229782	-0.004578	-0.091866	-0.057140	-0.046323	0.007211	-0.181827	0.026336	-0.024516	0.135090	-0.074815	-0.141208	-0.005084	-0.081836	0.128953	-0.087330	0.173618	0.007428	0.002616	0.031775	0.014519	-0.145794	-0.077254
chr3:187800876-187841876	0.553787	-0.520832	-0.121305	-0.100960	0.001722	-0.260711	0.035926	0.054129	-0.116228	-0.170247	-0.069965	0.197494	-0.137659	-0.047907	-0.161867	-0.078324	-0.082525	0.044886	0.306922	0.291599	-0.135476	0.130871	0.065388	0.096344	-0.082284	0.012225	0.032674	0.124603	-0.057710	-0.087077	0.055305	-0.062319	0.011465	0.191807	-0.284422	-0.078711	0.023084	-0.071358	0.025853	-0.010782	0.059331	0.236262	-0.097405	-0.119995	-0.051961	0.184697	0.025171	0.065573	-0.000365	-0.126648	0.051883	0.029230	-0.118392	-0.162494	-0.170971	0.011329	-0.048684	-0.127502	0.005176	0.146661	-0.041768	0.091808	-0.019831	-0.043090	0.193229	0.009082	0.253345	0.034158	0.105072	0.050670	-0.069305	0.175164	0.039879	0.064100	0.056631	0.110349	-0.120046	-0.079631	-0.049007	0.039204	0.106825	0.213446	-0.099472	-0.147787	-0.178081	0.013718	-0.053068	0.127845	0.055601	0.130768	-0.100003	0.044559	-0.104692	0.005270	-0.016440	0.008871	-0.009129	0.165755	0.162950	0.077204	-0.135676	-0.035972	0.029440	0.076327	0.060241	0.079551	-0.069720	-0.017208	0.138856	0.171761	0.186167	-0.047597	-0.056992	-0.092951	0.120913	-0.061025	0.132826	-0.118311	-0.105538	-0.147159	0.034536	-0.091826	-0.030736	0.117555	0.057863	0.114361	-0.059467	0.068435
chr3:187951516-187966329	0.478495	-0.984458	0.041682	0.026486	-0.154277	0.026006	0.027329	0.219810	-0.008803	0.017872	-0.048863	-0.123170	-0.135139	0.057356	0.078546	-0.103681	0.010794	-0.124600	0.127278	-0.130828	-0.095488	-0.035270	0.067034	0.116645	0.106970	0.050484	-0.002331	0.069885	0.021988	0.169637	0.115126	0.028375	-0.094624	0.139352	0.019889	0.094526	0.039848	0.022217	-0.092527	-0.016567	-0.171817	-0.133635	-0.026280	-0.042514	-0.135753	-0.008202	0.103825	-0.076656	0.064538	0.109168	-0.033501	0.026362	-0.047406	0.141454	0.104860	0.065063	-0.202970	-0.043649	0.008313	0.036273	-0.017225	0.104174	-0.095461	-0.064111	-0.069729	-0.027554	-0.030282	-0.046920	0.026346	0.100744	0.064049	-0.019357	-0.004499	0.085236	-0.052656	-0.057818	0.101722	0.114178	-0.052048	-0.076191	-0.014084	-0.105865	-0.052969	-0.062332	0.015505	0.049104	0.139270	0.142944	-0.087369	-0.008019	0.080005	-0.002113	0.025080	-0.118735	-0.004844	0.005228	0.048395	0.018612	-0.091257	-0.080615	0.050330	-0.097659	-0.092942	0.041714	0.048494	0.044647	0.010640	0.104395	0.066660	0.103064	-0.203455	-0.032532	0.004392	0.118061	-0.005905	0.018166	-0.034633	0.135998	-0.068790	0.152126	-0.076582	0.043770	-0.183224	0.057636	-0.158883	0.023454	0.013796	-0.026957
chr11:8288480-8290480	-0.102798	-0.562505	-0.429241	-0.159181	0.100761	0.489795	-0.014311	-0.139249	0.076597	-0.123229	-0.115645	-0.310648	0.081037	0.186286	-0.065325	0.072179	0.009148	0.169960	-0.016121	0.053298	-0.036611	0.111122	0.327798	-0.067323	0.174955	0.056756	0.087678	-0.064966	-0.107625	0.014696	-0.098566	0.081667	0.079561	-0.128814	-0.189578	-0.054957	-0.253766	-0.050903	0.013519	0.030176	-0.061934	-0.125857	0.167001	0.117131	-0.007292	0.095661	-0.089005	0.148024	-0.168149	-0.064172	-0.172793	0.159539	0.175896	0.092989	-0.116114	0.125882	-0.077602	0.065403	-0.169620	0.274446	0.295674	0.050140	-0.016048	-0.179741	-0.054796	-0.137843	-0.037036	-0.039216	0.026354	-0.017686	0.054850	-0.098753	0.021512	-0.074787	0.073279	-0.080930	0.063619	-0.003623	-0.063510	-0.069302	-0.091981	-0.023320	-0.184642	-0.081086	-0.122382	0.073121	-0.137004	0.144123	-0.020630	0.006549	-0.039803	0.167000	-0.014982	0.021835	-0.155050	-0.112511	-0.032743	0.151661	-0.047060	0.041499	-0.055589	0.020359	-0.007594	-0.114775	0.063885	-0.213179	-0.045890	-0.143838	0.098846	0.081976	0.141356	0.074432	0.053794	0.130363	-0.185324	0.027325	-0.066575	0.036401	-0.120556	0.072246	-0.073572	-0.077120	-0.088805	-0.075907	-0.002078	-0.030664	0.218830	-0.068419
chr1:47703954-47705983	0.259775	-0.969972	-0.175275	-0.042786	-0.195302	0.036082	0.018464	0.148730	-0.146945	-0.016386	-0.016421	-0.144076	0.000016	-0.019982	-0.045951	0.043206	0.017931	0.107208	-0.031015	-0.089891	0.085481	0.084762	-0.023120	-0.003571	-0.049973	-0.001024	-0.219557	-0.007414	-0.088347	0.190979	-0.130942	0.235189	0.008846	0.183864	-0.124426	-0.007528	-0.111235	-0.121158	-0.281328	0.115452	0.018575	-0.099205	0.009750	-0.061521	-0.045227	-0.053554	-0.089312	0.246361	-0.230984	-0.033914	-0.096894	0.003092	0.038315	0.000643	-0.060733	0.022254	0.121848	-0.052011	0.088485	0.019151	-0.211952	0.080943	-0.064060	0.085390	-0.085998	0.177525	0.078363	0.093719	0.050336	0.050187	0.001003	-0.210973	-0.032133	0.109950	0.115188	0.011661	0.115517	-0.223359	0.016486	-0.087187	0.006193	0.185842	-0.040129	-0.156466	0.031380	-0.137399	-0.075349	-0.111139	0.085761	-0.097566	-0.009283	0.074041	0.175003	0.090652	-0.001166	-0.026039	0.034033	0.024616	-0.125167	-0.030304	-0.071398	-0.004357	-0.011043	0.013538	0.038691	-0.093332	-0.029228	-0.003752	-0.008380	0.051428	-0.094244	0.014120	0.097877	0.022413	-0.086379	-0.001299	-0.104608	-0.020439	0.045200	0.069434	-0.095986	-0.020256	0.061201	-0.171546	-0.008549	0.028525	-0.041512	-0.044740
chr3:187777802-187780400	0.615139	-0.982938	0.263424	0.180594	-0.288813	0.060092	0.066987	0.067433	-0.083863	0.058161	-0.072241	0.118382	-0.093738	0.001644	-0.287695	-0.028023	0.102322	-0.192114	-0.084342	0.031182	0.076399	0.058780	0.103124	-0.071778	-0.153549	0.028923	0.225817	-0.021711	-0.072757	-0.091956	-0.089145	-0.087470	-0.016105	0.021371	0.082248	0.035672	-0.022984	-0.279742	0.020548	-0.123645	0.147041	0.214669	0.143165	-0.031510	0.028673	-0.180868	0.103082	0.090198	0.044919	0.010050	-0.009087	0.006796	0.154030	-0.010073	0.018309	0.091283	-0.169221	-0.028356	-0.062692	-0.081344	-0.048550	0.149211	-0.000563	-0.006248	-0.022205	0.014045	0.018232	-0.059389	-0.016278	0.022288	-0.121567	0.104324	0.075742	-0.007522	-0.052405	-0.032643	0.039192	0.131617	0.250347	0.010440	0.096210	0.110371	-0.066274	-0.018064	0.034790	0.052792	0.090692	-0.163670	0.034440	0.057142	0.253455	0.058291	0.038112	0.052033	-0.010032	0.093405	-0.055526	-0.094693	0.008392	0.090208	0.187677	-0.142553	0.090783	-0.193740	-0.166593	0.117007	-0.001237	-0.115832	0.045577	-0.062545	-0.104548	-0.078304	0.006525	0.008287	0.056852	-0.169423	-0.015590	0.073866	0.063560	-0.074760	-0.007099	-0.073204	0.018986	0.034355	0.001709	-0.028735	0.117683	0.053513
chr3:187781802-187783600	0.425445	0.446875	0.020418	-0.026198	0.224122	-0.328905	0.251846	0.073362	0.067901	0.246081	0.288361	0.081393	0.304899	-0.056112	-0.257410	0.124338	-0.002331	0.033939	-0.011780	0.174088	-0.074277	-0.053582	0.365469	-0.013196	0.088290	-0.139785	-0.041629	0.081723	-0.137379	-0.071962	-0.048179	0.011519	0.121867	0.199696	0.053926	-0.079583	0.001336	-0.105740	-0.051977	0.176994	0.000403	-0.015297	-0.225297	0.004154	0.070769	0.083994	0.031057	0.050083	-0.075799	0.152081	0.074536	-0.193594	-0.054076	-0.213809	0.067097	0.068243	-0.009813	0.097718	-0.029434	-0.294457	0.154413	0.025516	-0.190197	0.056789	0.038451	0.004745	0.149331	0.139164	0.150984	-0.089285	0.078858	-0.066872	0.163128	0.055846	-0.014253	-0.180516	0.147161	0.027515	-0.170857	-0.101325	-0.086092	0.045028	0.154115	-0.204160	0.061598	0.063808	0.119514	0.099238	0.036587	0.142155	0.159577	-0.059768	0.132335	-0.075076	-0.025588	0.118924	0.175780	0.001983	-0.094374	0.026394	-0.052343	0.023756	-0.141256	0.093151	0.008346	0.072174	0.069295	-0.016003	0.115931	0.012246	-0.062367	0.050056	0.030325	0.106294	0.017014	-0.009359	-0.093301	0.005990	0.173427	-0.136589	0.035085	0.010414	0.139791	0.188879	0.025170	-0.071305	-0.050166	-0.005024
chr3:187784002-187785200	0.105144	1.388301	0.006927	0.239084	0.002337	0.187118	0.206676	0.236907	0.034146	-0.155375	0.296602	-0.036675	-0.209305	0.045960	0.011252	0.094453	-0.053553	-0.108929	-0.019677	0.079296	0.014955	-0.107962	0.147981	0.141731	-0.357164	-0.029983	-0.205192	0.035058	-0.071804	0.032821	0.010898	0.305326	0.053687	0.170863	-0.116415	-0.140714	0.064587	0.020279	0.055770	0.018828	-0.115015	0.018137	-0.006008	0.141672	-0.007681	-0.119648	-0.155746	-0.169679	0.106173	-0.150424	-0.044726	0.193552	-0.224375	0.009663	-0.193066	0.016349	0.204390	0.022455	-0.097632	-0.070867	0.041922	0.031163	0.203153	0.026759	-0.150236	0.027444	0.023633	0.120084	-0.120821	0.038628	0.033790	0.093568	-0.019556	0.061559	-0.115028	-0.113602	-0.122823	-0.020931	-0.017515	0.151638	-0.045909	0.224118	0.153354	-0.083296	-0.011191	-0.088968	0.081594	0.057662	-0.086998	0.025841	-0.005411	0.036336	0.136267	-0.038753	-0.019984	-0.061116	-0.206467	-0.063192	-0.081308	-0.010521	0.056437	-0.078244	0.080131	-0.166066	-0.330003	0.068898	-0.064955	0.015912	0.019706	0.028332	0.046680	-0.038929	0.210160	-0.145852	0.028898	-0.048642	0.151704	0.166330	0.041118	0.075423	-0.007018	-0.013173	-0.070272	-0.006231	-0.020963	-0.103715	0.057264	0.228293
chr3:187785402-187786600	-0.231231	0.827602	0.196137	0.023818	0.103698	0.009794	0.057615	0.038851	0.088721	0.097141	0.020328	-0.130732	0.112192	0.226043	-0.073243	-0.051862	0.143117	-0.087444	0.031263	-0.018088	0.175795	-0.072693	0.077353	-0.331471	0.005846	-0.009784	-0.151216	-0.246490	-0.039727	0.200551	-0.146438	0.020995	-0.112750	0.170273	0.127358	-0.067258	-0.168782	0.107166	-0.214209	0.111570	-0.110452	0.011216	-0.073937	-0.160655	0.112141	0.097898	0.056113	-0.191652	0.137067	-0.316548	0.148368	0.014817	-0.001195	-0.175005	0.099140	-0.099967	0.039106	0.023310	0.227192	-0.064656	-0.011689	0.021996	-0.153588	0.018013	-0.099553	0.074551	0.025150	0.088397	-0.126954	-0.154094	-0.120090	0.060669	-0.035346	0.104355	0.076872	0.060391	0.169131	-0.004085	-0.076045	0.160617	0.219684	0.062449	-0.000411	0.262922	-0.140061	0.058398	-0.085927	0.018385	0.027821	0.001856	0.060695	-0.066870	-0.261803	0.054766	0.052454	-0.185819	0.011369	-0.174704	-0.145898	-0.162615	-0.082709	-0.124436	-0.046123	-0.064618	-0.079029	-0.110418	-0.133236	-0.198600	-0.048203	-0.028554	-0.403923	-0.010794	0.068157	0.025570	0.069047	0.050141	-0.051922	-0.034572	0.159630	-0.197774	-0.035146	0.056638	-0.097611	0.080829	-0.144196	-0.150703	-0.062774	-0.037411
chr3:187787202-187787400	-4.306930	-0.132695	0.123039	-0.759346	-0.074575	-0.217082	0.029966	0.162902	0.152928	0.111215	-0.122120	-0.043321	0.387615	-0.258155	-0.121166	-0.073866	-0.062459	-0.018121	0.203817	0.015593	0.099802	-0.036374	0.368000	0.225203	0.002060	0.114076	-0.062521	-0.139645	-0.004422	-0.175513	0.021213	-0.097236	0.137124	-0.124808	-0.078998	-0.404318	-0.080466	0.091204	-0.071593	0.027091	0.003310	0.186997	-0.080993	0.311183	0.008406	-0.303282	0.268634	-0.178962	0.009129	0.154972	-0.041414	0.219423	0.185560	0.205244	-0.463151	-0.213523	-0.026849	-0.024044	0.350055	0.003578	0.077568	-0.193932	0.040315	-0.097910	-0.084086	0.017426	-0.132461	-0.001912	-0.072303	-0.018987	0.125788	-0.023710	-0.011421	0.017932	-0.023354	0.080375	-0.042870	-0.002829	-0.196995	-0.100443	0.103622	0.002033	0.304656	0.028211	-0.155383	-0.023937	0.044174	0.095983	-0.027102	0.030614	-0.080065	-0.060928	-0.119342	0.170251	-0.010917	0.043155	0.105959	0.120554	0.130947	-0.032456	-0.015652	0.131945	0.049285	-0.146078	0.051621	0.010821	-0.097575	0.026632	-0.024209	0.008579	-0.099444	-0.116865	0.040325	0.276659	-0.039742	0.015019	-0.136988	-0.188050	-0.060982	-0.021891	0.098644	-0.001821	-0.006731	0.065064	0.062326	0.123018	0.000008	-0.187184
chr3:187789602-187790200	-1.715056	0.476659	0.249505	-0.140574	0.001264	0.243408	0.250854	-0.127509	0.051246	-0.113233	-0.039348	0.128901	0.148893	-0.155932	0.118444	0.061295	0.111619	-0.037829	-0.133747	-0.032747	0.068813	-0.173115	0.159986	0.349045	-0.168822	0.275394	-0.281555	-0.058004	-0.101212	-0.275526	-0.291570	0.117431	0.030497	-0.144142	-0.287532	0.108150	0.122802	0.122476	0.052742	-0.240201	0.252516	0.305855	-0.099065	-0.039261	-0.207738	-0.163887	0.220261	-0.130395	0.011559	-0.072159	-0.018082	-0.298461	-0.064080	0.048387	-0.160758	-0.136578	-0.012886	-0.055307	-0.180856	-0.253382	-0.044648	0.027739	-0.220744	0.309934	-0.119771	-0.019722	-0.079447	-0.065023	0.051920	-0.157369	-0.165299	-0.099250	-0.208434	0.081307	0.023897	-0.179605	-0.002121	-0.048185	-0.033088	0.099741	0.244463	0.085180	-0.097552	-0.160867	-0.162872	0.084169	-0.234484	0.065749	-0.043833	0.108842	-0.009935	-0.068386	0.003231	0.045847	-0.013908	0.203692	-0.076266	0.065118	0.184403	0.083034	0.144735	0.095129	-0.034639	-0.129479	-0.030298	-0.204325	-0.120489	-0.090331	-0.088356	0.010179	0.043612	-0.193427	0.017984	0.002696	-0.113375	0.074016	-0.133598	0.165541	0.066831	0.306875	-0.054438	0.123520	0.101615	-0.039883	0.055469	-0.030951	0.082911	0.001972
chr3:187790202-187790800	-0.994685	-0.196193	0.276888	-0.283207	0.159083	0.500765	-0.104941	0.472674	0.039086	0.172237	-0.106061	0.068973	0.104471	0.169025	0.074434	-0.030468	-0.058613	0.029098	0.022656	0.265996	-0.002026	0.018849	-0.084941	0.028712	0.218061	0.116816	-0.139097	0.023985	0.115767	0.318299	-0.261400	0.107210	-0.006449	0.089141	-0.144465	0.227382	-0.168560	0.019365	0.260311	0.050024	0.190306	-0.067277	0.244290	0.042395	0.004505	-0.111735	0.281076	-0.039689	-0.092499	-0.172491	-0.065068	0.245600	-0.179522	-0.151465	-0.010725	-0.084885	-0.059556	-0.098191	0.108402	-0.030431	0.005519	-0.200036	0.100809	-0.184535	0.231183	0.028969	-0.113160	-0.059297	-0.225646	-0.107422	0.031977	-0.048509	0.060837	-0.071493	-0.298751	0.141866	-0.101346	-0.196091	-0.165945	0.036431	-0.073229	0.199428	0.075123	0.058142	-0.300587	0.064645	-0.245261	-0.026763	0.012976	0.191807	-0.169070	-0.053160	-0.112394	0.011886	-0.118486	-0.035411	-0.172893	0.199232	-0.120123	-0.154137	0.126563	0.150073	-0.207120	0.231926	0.036346	0.213093	0.205663	0.006105	-0.172127	0.039179	-0.070184	0.117268	-0.089501	0.207950	0.088651	0.027709	-0.339085	-0.090875	0.021699	-0.022236	-0.126790	0.072670	0.171698	0.001321	-0.079407	-0.078094	0.096820	-0.169363
chr3:187793202-187796600	0.612467	0.154351	-0.153424	-0.040313	0.141420	-0.144282	0.084053	0.099286	-0.125502	-0.178704	-0.077828	0.213718	0.015064	0.080797	0.073389	-0.061591	-0.066000	-0.007162	-0.134751	0.011632	-0.110693	0.037689	0.181523	-0.028433	0.079440	-0.001287	0.056900	-0.152867	0.222819	0.092199	-0.017564	0.010816	0.119272	0.094930	-0.008613	-0.118352	0.200828	-0.116791	-0.004533	-0.175856	0.154983	-0.046602	-0.109999	-0.201098	-0.011360	-0.026447	0.083008	0.145437	-0.142777	-0.025612	-0.049181	-0.140509	0.065139	0.082755	0.120263	-0.137369	0.097273	0.130581	-0.021349	-0.017008	0.029109	-0.104681	-0.063042	-0.026267	-0.151085	0.019786	0.131918	0.062901	0.108605	0.091844	-0.127160	-0.040511	0.037630	0.140758	-0.062669	0.093358	-0.038279	-0.112071	0.022512	0.016076	-0.121744	-0.041734	-0.004616	0.128321	-0.004141	0.086188	-0.086896	0.098340	-0.087943	0.043715	0.103475	0.071800	-0.116010	0.045255	-0.172122	0.058484	-0.114641	-0.024438	-0.008965	0.116042	-0.031290	0.134779	-0.147040	0.072354	0.084101	0.244592	0.109034	0.033784	-0.100763	0.042272	0.008088	0.130905	0.020644	0.024452	0.035442	0.021681	0.042612	0.044114	0.088295	0.077801	-0.037314	-0.036435	-0.143087	0.031579	-0.058308	-0.072960	0.045050	-0.070651
chr3:187798802-187801400	0.732321	-0.497852	0.002773	0.016194	0.122457	-0.088950	-0.064440	0.099295	0.118379	0.000463	0.300757	0.114653	0.062233	-0.281551	-0.142400	-0.036251	-0.109889	-0.269852	0.076686	-0.020179	-0.099940	-0.102078	0.032734	0.012891	-0.016237	-0.004031	-0.161219	0.035029	-0.004060	-0.090194	0.041467	-0.083826	0.043276	0.037846	0.005617	0.101762	-0.086423	-0.018775	-0.052596	-0.033249	0.144441	0.155726	-0.191320	-0.084074	0.204769	0.237596	0.162454	-0.138245	-0.019648	-0.075389	0.017381	0.097550	-0.122079	-0.064145	-0.056496	-0.083168	0.044535	-0.081423	-0.027475	-0.151495	0.083743	-0.133015	0.069449	-0.291771	0.151187	-0.140084	0.043839	0.128525	0.039703	0.109130	-0.079280	-0.159577	0.043349	-0.006594	-0.012687	0.161142	-0.088333	0.038081	0.147084	-0.159276	-0.157940	-0.095974	-0.064285	-0.185988	-0.158705	0.097614	-0.137218	0.046380	0.166941	-0.047184	-0.124202	0.128245	-0.113570	-0.000457	0.039377	0.094057	-0.206271	-0.039446	0.216504	0.057778	0.085063	0.024492	0.002663	0.035872	0.038734	-0.005129	0.006063	0.265182	-0.113990	-0.059951	0.051905	-0.043023	0.188386	-0.009150	-0.084237	0.021083	0.168428	0.056621	-0.067921	0.053557	0.044777	0.019049	0.063254	0.070868	0.028794	0.135315	0.089749	-0.136154
chr3:187801802-187802000	-4.169631	0.051071	-0.040790	-0.757526	-0.089129	-0.448765	-0.124686	0.000190	-0.077006	0.075019	-0.098526	-0.270050	-0.186743	0.097674	-0.110000	0.109895	0.056024	-0.124578	-0.081645	0.192664	-0.138853	0.170220	-0.273628	0.116042	-0.219657	0.104286	-0.164292	0.165064	-0.356440	-0.067788	-0.119958	0.193903	0.166645	0.056619	0.048218	0.104804	-0.214494	-0.287232	-0.073930	-0.090237	0.116594	-0.174711	0.023864	-0.074988	0.196988	0.143516	0.013889	-0.440224	0.137887	0.045974	-0.076938	-0.017130	0.085419	0.253429	-0.075937	0.167362	-0.073635	-0.180742	-0.078148	-0.235740	-0.230910	-0.006922	-0.368861	-0.151303	0.126876	-0.063730	0.180408	0.006921	-0.003435	0.025279	-0.129338	0.069771	-0.024717	-0.076125	0.111159	0.421335	-0.216919	-0.005487	-0.021183	-0.165807	0.134793	0.066128	-0.228060	0.192645	0.136764	0.185151	0.205009	-0.058769	0.039134	0.020881	-0.088315	-0.111459	-0.021372	-0.032297	0.059601	0.091824	-0.047348	-0.018704	0.077742	-0.061257	-0.274377	-0.139602	-0.121619	0.217609	0.086661	-0.114867	0.053132	-0.296827	-0.099812	-0.004592	-0.018494	0.051952	0.173327	-0.169826	-0.045273	0.216929	0.049514	-0.114977	0.010042	0.008113	-0.037988	-0.022529	-0.094792	0.012038	0.031278	-0.016136	0.072934	0.035237
chr3:187802002-187804000	0.339119	-0.469941	0.056122	-0.192251	0.099090	-0.114135	-0.141159	-0.039937	-0.078462	0.020672	-0.199912	0.044315	-0.030562	-0.047549	-0.248128	-0.193872	0.040401	-0.095391	0.291371	0.067468	0.027395	0.066836	0.052117	0.085759	-0.103667	0.052250	0.015124	0.000925	-0.073062	-0.018409	-0.004431	-0.114899	-0.057854	0.163479	-0.366453	-0.048971	-0.006325	-0.082509	0.025542	0.183809	-0.054030	0.101451	0.060400	-0.078127	-0.006095	0.198588	-0.070138	-0.060319	-0.010034	-0.061696	0.249634	0.176700	0.042432	-0.102838	-0.080962	0.032582	0.048196	-0.107785	0.092046	0.147590	-0.026134	0.141417	0.080351	0.118650	-0.025867	-0.019646	0.228196	-0.056986	0.151822	0.101245	0.104816	0.104672	-0.010723	0.217615	-0.030658	0.095127	-0.052466	-0.087484	0.018739	0.088641	0.039546	0.104466	0.007667	-0.235301	-0.046562	0.043304	0.010157	-0.015041	-0.195434	0.005274	-0.118042	-0.078722	0.068394	0.044279	0.021308	-0.140384	-0.005638	0.094028	0.017213	0.047089	-0.072415	-0.126443	-0.073423	0.055752	0.070243	-0.189685	-0.027562	0.175815	0.152315	0.157652	0.167767	-0.003413	0.016266	0.029632	0.164134	0.035654	0.162408	-0.049468	0.063703	-0.195116	0.008668	-0.048744	0.108446	-0.177069	0.001651	0.176079	-0.082511	-0.078482
chr3:187806802-187811600	0.590924	-0.668958	-0.211130	-0.025242	-0.098573	-0.128161	-0.053680	0.105513	-0.156760	-0.021701	-0.098278	-0.048402	-0.044598	-0.023398	-0.157329	0.054088	0.005038	0.020851	-0.018265	-0.041307	0.077843	0.068755	0.149533	-0.159365	-0.078344	0.138973	-0.047998	0.098991	0.093902	-0.206181	0.052362	0.161497	-0.133382	-0.059906	-0.015063	-0.049130	0.003216	0.011170	0.016211	0.041412	-0.057300	-0.169240	-0.086657	-0.150384	-0.034821	-0.058509	0.120283	-0.065554	0.038242	0.034296	-0.060926	0.100503	0.061213	0.083370	-0.059625	0.120851	-0.200002	0.123503	-0.121511	-0.075548	0.021391	0.027145	0.018107	0.220306	0.011409	-0.233286	0.159977	-0.002759	0.148682	0.067799	0.267011	-0.041429	-0.014769	0.104218	0.092876	-0.074911	-0.091805	-0.104200	-0.001655	-0.045896	-0.069009	-0.052002	-0.072246	-0.061713	0.091347	-0.143601	-0.018838	-0.197182	-0.097113	0.065222	0.081644	0.010321	-0.006354	0.081257	0.026051	-0.048726	-0.020393	-0.093842	0.071614	-0.030156	0.116933	-0.013540	-0.028227	0.087965	0.048817	0.096395	-0.034151	-0.097955	-0.145149	-0.043417	0.074233	0.200325	0.086812	0.000309	0.001570	-0.063304	0.083842	0.116893	-0.069181	-0.083539	-0.025072	-0.052684	0.039176	-0.008829	0.142290	-0.078913	-0.080962	-0.011684
chr3:187811602-187811800	-4.020527	0.228676	0.354414	-0.775401	-0.065131	-0.078763	0.151364	0.143117	-0.132210	-0.208463	-0.029745	-0.002773	0.084003	0.165107	0.032002	0.130108	0.065459	-0.103067	-0.052078	0.188266	0.082403	-0.245724	0.128769	0.036744	0.245145	-0.049673	0.070433	0.098817	-0.017046	0.247081	0.008480	-0.115219	0.239904	-0.366708	-0.003364	-0.021150	-0.017191	0.072151	-0.255698	0.019500	0.108289	-0.080212	0.365069	0.017597	-0.315914	-0.083005	0.077449	-0.117282	-0.031862	-0.024608	0.040624	-0.337191	-0.010831	0.016697	-0.299838	0.320742	0.289871	-0.131701	-0.070118	0.081033	0.092925	0.219578	0.047019	-0.014957	-0.003144	-0.188055	0.190623	-0.180552	0.124013	-0.206299	0.100589	-0.022985	-0.002819	0.094310	0.394070	0.240617	-0.234158	0.019977	0.159567	-0.082301	0.008435	0.139961	-0.172909	-0.005447	0.008595	-0.201027	0.061355	-0.103532	0.010903	0.251080	-0.165835	-0.106746	-0.082468	-0.012282	-0.437379	-0.029923	0.318891	0.014061	-0.177449	-0.196523	-0.053707	0.163458	0.295099	0.065438	0.126762	-0.006392	0.012048	-0.002050	-0.046013	0.094171	0.014468	-0.007613	0.035452	-0.260945	0.029465	0.047753	0.153329	-0.107924	-0.144042	0.002261	-0.019816	0.005940	0.064765	-0.164940	-0.144857	-0.072281	-0.035955	0.005781
chr3:187813202-187813600	-2.812409	-0.190505	0.384710	-0.642363	-0.415996	0.238764	0.119415	0.188775	0.031726	-0.033764	-0.228955	-0.080708	-0.026924	-0.142552	-0.081325	-0.015234	0.080177	0.097722	0.094441	0.026310	0.064372	-0.309072	0.295798	-0.151115	0.057204	-0.030711	0.054876	0.183541	-0.081066	-0.004411	-0.081633	-0.018789	0.158618	-0.077914	0.073116	-0.176035	-0.100681	0.142240	-0.257734	-0.018391	0.115931	0.181981	0.065185	0.230354	-0.003782	0.018493	0.134966	0.006007	-0.129488	0.322517	-0.002010	0.112763	-0.282673	0.119613	0.095208	-0.047346	-0.208835	0.096734	-0.065369	0.013761	0.176690	-0.204340	0.004708	0.121745	0.279503	0.093384	0.012157	-0.155991	0.101644	0.215951	-0.006618	-0.112486	0.183092	0.030923	-0.021414	-0.024017	0.200705	0.076516	-0.235748	-0.006294	0.028455	0.208683	-0.051927	0.104596	0.126522	-0.049185	-0.069384	-0.131096	-0.067299	0.056782	-0.149236	0.061671	-0.040753	0.105814	-0.063073	0.000631	-0.010512	-0.072410	0.081626	-0.033100	-0.131266	0.059576	0.153648	0.047619	-0.022487	0.013207	-0.089270	0.096943	-0.086373	-0.078769	0.005513	0.102559	-0.061292	0.062539	-0.145409	0.117339	-0.076157	0.029520	0.088763	-0.006506	0.031101	0.020197	-0.054578	-0.038328	0.084807	-0.102212	-0.109715	0.008403
chr3:187815202-187816400	-0.188016	-0.074424	-0.083430	-0.053991	-0.148183	0.138766	0.060464	-0.367260	-0.059038	-0.021835	-0.019826	0.060396	-0.118781	0.015865	0.086803	-0.050670	-0.011292	0.228626	-0.119830	-0.070298	-0.312049	0.050357	-0.271313	-0.026019	0.271094	-0.158745	-0.171332	0.064813	-0.080985	-0.151391	0.031829	0.051465	-0.052135	0.103580	-0.040114	-0.028124	0.292617	-0.139739	0.146053	0.160230	0.006820	-0.044521	0.053159	-0.082556	0.120927	-0.113488	-0.163412	0.067708	-0.193727	0.260683	0.024155	-0.017950	0.050843	-0.138283	-0.021599	-0.019650	0.206266	0.029774	0.369070	0.052645	-0.121266	-0.195561	0.106624	-0.143982	-0.058116	-0.208733	0.011846	0.016328	0.230574	0.083424	0.018310	0.448967	-0.150284	-0.070374	-0.143751	0.215955	-0.181917	-0.070841	-0.023821	-0.109803	-0.058573	-0.095347	0.026790	-0.101386	-0.024783	0.112263	-0.000232	-0.003225	-0.106109	0.219634	0.013579	-0.114011	-0.007524	-0.004220	-0.008325	-0.036451	0.161926	0.226652	0.031594	-0.144921	-0.082608	-0.073298	0.096616	0.209953	-0.220640	-0.028836	0.078804	-0.123580	0.041085	-0.113143	-0.026312	0.079118	0.119692	-0.101455	0.051340	0.158375	-0.183540	-0.022072	-0.028661	-0.008452	-0.008398	-0.002730	-0.093408	0.048108	-0.067039	-0.068918	0.042201	-0.014024
chr3:187817602-187818600	0.061263	0.459683	0.378753	0.141510	-0.263974	0.413343	-0.417914	-0.017841	0.061144	-0.057114	-0.172337	0.339786	-0.130237	0.040327	-0.006520	0.128509	0.023255	-0.050026	-0.144182	0.036826	-0.086424	0.250126	-0.179874	0.091008	0.261478	0.018614	-0.112804	-0.059099	0.145556	0.181870	-0.145991	0.091394	-0.032752	0.060106	0.123974	0.050552	0.132760	-0.021787	-0.147679	-0.056016	0.175968	-0.029667	0.007960	0.108936	0.033831	0.207798	-0.090092	0.219514	0.085419	0.093426	0.102699	-0.045795	0.279287	-0.045564	-0.002699	0.208172	0.100987	0.112306	-0.103809	0.134709	-0.102958	0.238212	-0.136547	-0.235634	0.008432	0.034240	-0.024001	-0.014117	-0.414147	0.092307	-0.046837	0.101688	0.054132	-0.078231	0.161446	0.040872	-0.036935	0.111564	-0.031560	-0.104952	0.017981	0.096105	-0.176752	-0.090969	0.241699	-0.115570	0.040790	-0.077352	0.118556	0.005164	0.063235	0.064435	-0.172262	0.204939	-0.150861	0.104645	0.204646	-0.106141	-0.086461	0.165957	-0.009084	0.078053	-0.028895	0.189486	0.211465	-0.072050	-0.130016	0.027672	0.035563	0.092783	0.027600	0.142373	0.076000	-0.095915	-0.011228	-0.003372	-0.116102	0.136135	-0.067854	-0.075792	0.094798	0.116699	-0.003323	0.113247	0.137202	0.042291	-0.175295	0.042886
chr10:6074002-6104800	0.756678	-0.164626	-0.225428	0.029621	-0.059964	-0.166442	0.090790	0.025968	-0.095036	-0.037741	0.008231	-0.112559	0.343573	0.206388	0.142395	-0.074867	0.021504	-0.176502	-0.073966	0.296531	-0.131683	-0.039179	-0.150136	-0.106860	-0.054622	0.276984	-0.021264	0.056070	0.116334	0.084463	0.032912	-0.014167	0.047850	0.057931	0.081295	-0.161465	-0.016213	-0.029773	-0.062749	0.046562	-0.019929	0.019174	0.027566	-0.015580	0.072246	-0.045061	0.082980	-0.009752	0.068732	-0.185491	-0.092212	0.169391	0.075222	0.032420	0.024611	0.102877	-0.087264	0.137094	-0.006006	0.020487	0.051207	0.209718	0.134707	-0.004227	0.038466	0.003000	0.106436	-0.105800	-0.005081	-0.002725	0.169771	-0.066255	0.191343	-0.137610	-0.047168	-0.057576	0.031914	0.032361	0.245220	0.029075	0.130529	-0.049334	0.296030	-0.105373	0.034639	-0.082896	0.067851	0.162075	0.197926	0.118662	-0.144055	-0.027281	-0.160618	-0.148124	-0.036480	0.077329	-0.068816	-0.064471	-0.004923	0.002018	-0.181858	-0.026772	-0.054816	0.143544	0.110626	-0.002716	-0.137123	0.085902	-0.036760	0.060355	0.081875	-0.015835	0.105906	0.090923	0.035091	0.014481	0.122627	0.085015	-0.017013	-0.126273	-0.104017	0.002933	-0.039006	0.055471	0.034369	0.046414	-0.058994	-0.017033
chr8:129067402-129081000	0.555812	-0.724216	0.066112	-0.122332	0.019162	-0.314386	0.015117	0.063580	-0.058477	-0.119728	-0.101944	-0.128904	-0.061609	-0.048731	0.154062	0.151229	-0.029087	0.020623	0.172077	0.013748	-0.022972	0.112704	-0.130726	0.188288	0.008239	0.063682	-0.160145	-0.076618	0.071230	-0.056671	0.017437	0.075940	-0.110323	-0.083943	-0.081250	-0.102929	0.113092	0.098307	-0.074452	0.047526	-0.152126	-0.166893	-0.102889	0.270991	0.017471	-0.047602	-0.012586	0.047699	-0.043474	-0.058037	0.069210	-0.069953	0.081438	-0.043119	0.118577	0.186882	0.041625	0.059421	-0.087157	-0.113227	0.084122	0.008750	-0.000884	0.107396	-0.057900	0.146194	-0.124954	-0.094536	-0.060751	-0.006046	-0.091390	0.012694	0.157679	-0.016670	-0.073122	0.071101	-0.253635	0.142916	-0.039857	0.054715	-0.109834	0.030384	0.057721	0.017818	-0.018362	0.022135	-0.142116	-0.046176	0.075002	-0.178681	-0.149561	-0.133017	0.081876	-0.079479	-0.016749	-0.079700	-0.081343	-0.139638	0.020121	0.070966	0.122171	0.022037	-0.097730	0.054409	0.009956	-0.101906	0.030447	0.046629	0.018612	-0.007482	-0.032598	0.036064	-0.032113	0.017873	0.064901	0.117565	-0.067897	-0.091475	-0.037357	-0.137173	0.072941	-0.172789	-0.054567	0.261020	0.063812	-0.047960	0.102037	-0.016445
chr8:128191002-128193600	1.114388	1.798192	-0.068798	0.244449	0.503502	-0.167087	0.213552	0.181646	-0.019562	-0.320391	-0.074886	-0.130956	-0.204756	0.217176	-0.033012	-0.098032	0.037139	0.156555	-0.121632	-0.056247	-0.186228	-0.145260	0.177206	-0.048242	0.001096	0.114600	-0.031474	0.058578	0.067744	-0.012024	0.149553	-0.138853	0.003366	-0.011206	-0.057821	0.069505	0.104918	-0.108449	-0.109762	-0.017651	0.167690	-0.077378	-0.030604	0.091963	-0.140090	-0.103224	0.012685	-0.093473	-0.013575	-0.123616	0.011333	-0.031607	-0.035462	-0.007505	-0.087379	0.079374	-0.004244	0.149871	0.067566	0.087687	-0.035089	-0.021083	0.065144	0.013534	0.036420	0.048177	0.230417	0.027431	0.080098	0.080756	0.063681	-0.087732	-0.003038	0.010048	0.111643	-0.235120	-0.095391	0.033567	-0.145518	-0.009306	-0.039846	0.050994	0.005685	-0.069619	0.076861	-0.035909	-0.094671	-0.209056	0.049895	0.007525	-0.098033	-0.089414	0.108015	0.062785	0.007850	-0.056093	0.001326	0.088089	0.183346	0.184360	-0.122215	-0.009272	-0.104560	-0.085264	0.050020	0.068527	-0.177444	0.080104	-0.092641	0.089834	0.139704	0.079843	-0.064647	-0.045951	-0.047552	-0.148012	-0.043952	0.125300	-0.000780	0.033383	0.029615	-0.011526	0.098885	-0.005989	-0.047465	0.141683	0.081364	-0.125897
chr8:129175602-129199400	0.899924	0.407966	0.107422	0.087637	0.029294	-0.132088	0.254210	0.142843	-0.134701	-0.015308	-0.061599	-0.183941	-0.028902	0.116590	0.031863	-0.084964	0.166889	0.042959	0.054934	-0.046674	-0.059648	-0.090695	-0.124160	0.069375	0.110563	-0.093809	-0.028079	0.272089	0.093146	-0.093741	0.046850	0.023532	-0.090062	-0.166346	-0.074644	-0.091996	0.023170	0.116056	-0.255137	-0.024376	-0.044723	-0.119953	0.008472	0.040478	-0.085179	0.038484	0.013744	-0.010818	0.041019	-0.087393	0.024777	0.124498	0.228222	-0.095110	-0.018975	0.037953	0.040555	-0.040075	-0.067520	0.015576	0.053397	0.087472	-0.031148	-0.026567	0.064183	0.037156	0.051967	0.024352	0.053250	-0.035722	-0.024218	0.047940	0.051082	0.094091	-0.063581	-0.046075	-0.019159	-0.207159	-0.027056	0.040097	0.011373	0.131008	-0.069446	-0.124537	-0.063875	0.068854	0.026708	-0.150630	0.047457	-0.031817	0.096132	0.070063	-0.035441	0.011396	0.039344	0.092219	-0.069405	0.101181	-0.097223	-0.113464	0.209634	-0.052885	0.175409	0.058672	-0.060673	-0.099296	0.038147	0.033321	-0.097584	0.225105	0.046047	0.042498	0.093203	0.146604	0.057917	0.064535	0.081759	-0.130148	0.080607	0.067923	0.153944	0.209395	0.081247	-0.142752	-0.093116	-0.020604	-0.040504	-0.128864
chr1:66726202-66753400	0.865130	-0.233303	0.366830	0.132377	-0.149249	-0.104618	0.161073	-0.013907	-0.138542	-0.077433	0.138756	0.062025	0.026240	0.046599	0.005373	0.036767	-0.125192	0.044016	-0.008583	0.044209	-0.011525	-0.093211	-0.070543	0.045763	0.165667	-0.062481	-0.017661	-0.046968	0.003193	0.146447	-0.081156	0.159301	0.107519	-0.119595	-0.142896	0.056375	0.038938	-0.140844	0.178639	-0.032223	-0.184133	0.031264	-0.025211	-0.020222	0.209603	0.049669	0.046655	0.170844	-0.154383	0.052079	0.051607	0.074319	0.129324	-0.054704	0.027223	0.069858	0.065161	-0.011916	-0.007047	-0.185734	-0.010362	0.045625	-0.316226	0.123110	0.011927	-0.195576	-0.081619	0.036232	-0.055013	0.129940	0.008391	0.064655	-0.027423	-0.021502	-0.070832	-0.023722	0.088630	-0.038622	-0.027450	-0.034510	-0.218570	-0.157667	0.042037	0.205406	0.066827	-0.071723	-0.055190	-0.083529	-0.073291	-0.073666	-0.151408	-0.051009	-0.121328	0.048194	0.276272	-0.078739	-0.064672	0.116446	0.111997	0.053657	0.004552	-0.000510	-0.094471	-0.199406	-0.035642	0.033749	-0.044812	0.061970	0.190358	-0.010204	0.111960	0.069276	0.054172	-0.213790	-0.157139	0.037718	-0.087608	-0.269297	-0.171455	-0.038291	-0.049551	-0.053918	-0.047325	0.047871	-0.056170	0.004394	0.010720	-0.105613
chr3:128320778-128328914	0.154198	-0.689008	-0.578382	-0.057045	-0.121330	0.006733	-0.060845	0.107297	-0.095894	-0.109401	-0.037552	0.011109	-0.182896	0.217501	-0.066758	0.185941	-0.055830	-0.086934	-0.223921	-0.092529	-0.088180	-0.008037	0.258879	0.021740	0.169950	0.088252	-0.031653	0.003125	0.067362	-0.085314	-0.173124	0.050633	-0.029572	-0.036964	0.032145	-0.051496	0.123854	-0.118245	-0.100926	-0.066307	-0.089725	0.068753	0.033947	0.082073	0.043813	0.075889	0.015447	-0.135923	-0.023755	-0.030987	0.142787	-0.033770	0.042954	0.190675	0.159479	0.008872	-0.003329	-0.000464	-0.143727	-0.018567	-0.175967	0.059565	-0.021838	-0.159007	-0.094146	-0.082641	-0.039290	-0.100449	0.179227	-0.058471	0.030560	-0.086775	-0.017128	0.004172	-0.076873	-0.035224	0.150968	0.116283	-0.044396	-0.067204	0.135949	0.081352	0.062062	-0.037524	-0.109558	-0.149836	-0.041917	0.102115	0.004025	0.083245	-0.146041	0.160591	-0.080874	0.028393	-0.090641	-0.142782	0.094120	-0.122361	0.052194	0.031055	0.000461	-0.145046	0.121911	-0.007946	0.025427	0.073899	-0.022162	0.053025	-0.219029	-0.035065	-0.051556	0.095542	-0.047268	-0.086436	0.148488	-0.041323	-0.088131	-0.061699	-0.004373	-0.000244	0.120898	-0.110453	-0.117595	-0.142901	-0.070306	-0.070860	-0.025148	0.067101
chr3:128291911-128293310	0.177441	0.015917	0.517473	-0.108899	0.134228	0.019293	-0.587931	-0.043654	-0.262016	0.081685	0.136883	0.193224	-0.022110	-0.237006	0.090204	-0.080783	0.040040	-0.287384	0.029429	0.039597	-0.156033	0.227571	0.225293	-0.031529	0.240831	-0.015266	-0.008662	-0.032748	0.089487	0.185917	0.181151	0.062905	0.005730	0.136011	-0.033235	-0.148646	0.189608	-0.172785	-0.098933	-0.056378	0.072883	0.237751	-0.022714	-0.020398	0.013733	0.159107	0.017545	0.038933	-0.058414	-0.271951	-0.248867	-0.089686	0.279349	0.066723	0.100360	-0.190872	0.126553	-0.018248	-0.272747	0.146227	-0.041090	-0.057229	-0.034608	-0.043065	-0.022805	0.063225	-0.006897	0.101801	-0.198318	0.173727	0.110566	0.130612	0.120655	0.154076	0.010105	-0.052498	-0.111425	0.124603	-0.057749	0.046697	-0.017006	-0.086535	0.090854	-0.130695	0.053031	-0.044556	0.003688	0.033196	0.033430	0.148319	0.086796	-0.032351	0.092638	0.183242	0.274248	-0.044708	0.008690	0.018003	-0.145442	-0.041372	0.017454	0.143126	-0.133262	-0.096797	-0.134524	-0.076644	0.129611	0.019054	-0.157585	-0.080547	0.018804	-0.135381	0.124983	-0.099994	-0.059508	0.174973	0.033368	0.110961	0.057609	0.039404	0.001789	-0.082488	-0.184937	-0.082143	-0.100227	-0.081708	0.003948	-0.207078
chr22:40741514-40743514	0.296515	0.037785	0.033616	0.197292	-0.546333	-0.186909	-0.008089	-0.098034	-0.054525	0.153695	0.069975	0.003764	-0.040177	0.130847	0.071609	-0.037581	-0.026531	0.167919	0.125593	-0.083277	-0.144517	0.032381	-0.025278	0.167123	0.005006	-0.120742	0.053135	0.074744	-0.297580	0.063546	-0.063107	-0.011172	0.020972	0.091497	0.053217	0.063444	0.076877	0.147831	-0.101185	-0.219985	-0.099707	0.123753	-0.189744	0.095017	-0.064967	0.001683	0.056263	-0.075329	0.164773	-0.046216	0.097610	-0.035502	-0.053537	-0.079335	0.054658	0.028612	-0.201785	0.039464	-0.097033	0.037983	0.073867	0.027804	-0.039675	0.133111	-0.131438	0.004022	-0.111513	-0.119765	-0.195727	0.035549	-0.188280	-0.062231	-0.166618	-0.137538	-0.045122	-0.065049	0.057858	0.044453	-0.029851	-0.063452	0.023550	0.256832	-0.109288	-0.292312	0.176637	-0.073465	0.064001	-0.013215	0.144335	-0.066703	0.091162	-0.033201	-0.197235	-0.003744	0.102069	0.096540	0.176158	0.235780	0.092527	-0.158403	-0.020503	0.003977	-0.191347	-0.130373	-0.040019	0.119596	0.195837	0.054410	-0.173385	-0.017315	0.072484	-0.051574	0.042534	0.127063	-0.017885	0.027739	0.165872	-0.144274	0.019660	-0.110991	-0.171247	0.037912	0.005013	-0.018703	0.109413	-0.007098	0.105172	-0.030959
chr10:102978207-102980207	0.554990	0.042879	0.306414	-0.060951	-0.109651	-0.363103	-0.084036	-0.019688	-0.045323	0.203475	-0.034414	-0.229571	0.021607	-0.118934	-0.073945	0.007840	-0.072542	0.081245	0.073153	0.107524	-0.028026	-0.135162	0.084083	-0.167711	0.062537	0.075200	-0.002924	0.049636	0.080819	-0.201565	0.201537	0.000836	0.036530	-0.178031	0.259276	0.091215	-0.152007	-0.303722	0.001984	-0.019477	0.004723	0.055588	-0.198163	0.048461	0.073660	-0.239199	-0.124797	-0.071630	-0.055193	0.135414	0.055202	0.178230	-0.205478	-0.024720	0.150820	0.083191	0.040551	0.001182	-0.155463	0.001123	0.116898	-0.182058	0.035982	0.050807	-0.047124	0.196741	0.030316	-0.162055	-0.142560	0.071333	0.151688	0.091060	-0.055796	-0.103410	0.138998	0.024072	0.072103	-0.137957	-0.092173	0.010552	0.132315	-0.217037	-0.084855	-0.005728	0.031233	-0.075075	-0.034810	0.029179	0.144669	-0.120268	-0.149237	-0.003064	-0.035793	-0.099051	-0.045643	-0.032226	-0.152173	-0.038572	-0.092409	-0.089704	0.031789	0.223891	-0.012192	0.087812	0.018046	0.105016	-0.026649	0.073730	0.137439	-0.085121	0.019817	-0.085060	0.167971	0.085127	-0.038078	-0.039087	-0.001264	-0.150342	-0.001363	-0.027130	-0.082610	0.036235	-0.179321	-0.031189	-0.051856	-0.025132	-0.224503	-0.212264
chr2:233154402-233159800	0.861066	0.604730	-0.088722	0.161571	-0.214097	0.163766	0.116978	0.104289	0.024255	-0.063536	0.023540	0.027845	-0.067063	0.036132	-0.035433	-0.039076	0.038445	0.024101	0.142943	0.023779	-0.000017	-0.186015	0.080159	-0.051833	-0.102766	0.203739	-0.047220	-0.097786	-0.046251	0.028313	0.317464	0.032777	0.087537	-0.076326	0.033595	0.013230	-0.115682	0.013601	-0.060325	0.171300	0.061476	-0.019967	-0.175689	-0.052509	0.070335	0.033100	0.210603	-0.032399	0.139238	-0.089657	0.054330	-0.171480	0.010904	0.039035	0.098797	0.048629	-0.079255	0.117471	-0.029689	0.059830	-0.008229	-0.081061	-0.122587	0.053460	0.083619	0.070951	0.004386	-0.324079	0.004246	-0.169584	0.047815	0.184794	-0.060465	0.032193	-0.002724	-0.036828	0.000866	-0.105306	-0.007880	0.026274	0.021580	-0.087912	-0.111394	-0.038821	-0.046806	-0.068462	0.053213	-0.132883	-0.212351	-0.039293	0.177400	-0.023006	0.077482	0.027051	0.006501	0.144437	-0.066106	-0.035798	0.076198	0.007897	-0.109916	0.080615	0.082913	0.042106	0.054265	-0.115224	0.140716	0.152528	-0.080004	0.026067	-0.012875	0.102727	-0.121689	-0.039402	-0.052233	0.101575	-0.027285	-0.099127	-0.102852	0.066125	0.060068	0.032890	0.057747	0.005813	0.204537	-0.032794	-0.038447	-0.075201
chr5:1725202-1726000	-1.301599	-0.088482	-0.630132	-0.472671	0.129493	0.345408	0.098647	0.026358	0.121135	0.044025	0.002306	0.000077	-0.122952	-0.070808	-0.103061	0.098884	-0.196299	0.208200	-0.123852	0.071945	-0.002548	0.048819	0.157559	0.180483	0.051020	0.192699	0.017078	-0.052372	-0.098508	0.008019	-0.212287	-0.092127	-0.035768	0.115749	0.035614	-0.107703	-0.061978	-0.092250	-0.034217	0.111935	0.111002	0.175222	-0.054048	0.087919	-0.058660	0.006972	0.046478	0.183877	-0.147677	-0.015528	-0.084641	0.090802	-0.194643	-0.121926	-0.136375	0.147047	0.010299	-0.107793	0.189853	-0.059028	-0.133708	0.045115	0.127641	0.127420	0.120527	0.172232	-0.051654	0.093502	-0.082434	-0.097633	-0.241462	0.209141	0.126994	-0.097480	-0.007382	-0.007143	-0.143423	-0.073005	0.028232	-0.062144	0.049644	-0.027061	-0.065301	-0.101080	-0.047971	0.183598	-0.025479	0.118718	-0.120272	0.089408	0.136252	0.165895	-0.072744	0.132826	0.047626	-0.113023	0.108759	0.056265	-0.059269	-0.185329	-0.186530	0.086258	0.071353	-0.099967	0.162381	-0.055089	0.181836	0.059727	-0.110943	-0.050136	-0.027653	-0.227390	-0.175134	-0.055921	-0.008440	0.030364	-0.005790	-0.046830	0.034411	-0.061247	0.113432	0.176297	0.030770	0.150590	-0.023847	-0.077155	0.051449	0.016761
chr16:663202-685800	0.620616	0.150385	-0.723663	0.093439	0.070276	0.092563	-0.220943	0.098359	0.117072	-0.089616	0.120863	0.083139	-0.126711	-0.133148	0.102875	0.087473	-0.038934	0.097268	-0.199074	0.064121	0.188601	0.015074	-0.206170	0.100787	-0.084038	-0.214723	0.129569	0.072554	-0.098106	-0.033835	0.139334	0.018327	-0.184844	-0.070448	-0.037582	-0.016203	-0.058107	0.052853	0.137271	0.140520	0.032247	-0.084304	-0.194397	-0.107759	0.002743	0.166036	-0.122674	0.030321	-0.162460	0.226251	0.131044	-0.031192	0.053668	-0.045026	0.108626	-0.064758	-0.032236	-0.216582	-0.141341	-0.040217	-0.231279	0.070181	-0.016406	-0.010885	0.070646	-0.045865	-0.208470	0.010132	-0.128479	0.023408	-0.280529	-0.099662	0.197430	-0.014681	0.023935	0.042760	0.068415	-0.015335	-0.005063	-0.086002	0.032332	0.182647	-0.054012	-0.041208	-0.047346	-0.021118	-0.004256	-0.051690	-0.164738	0.030541	0.099418	-0.066236	0.116785	-0.104434	0.052180	0.033503	-0.005706	-0.027966	0.031219	-0.078538	-0.012748	0.212825	-0.034684	-0.057419	-0.038087	-0.066260	-0.154802	-0.048582	0.061384	0.087757	-0.134735	-0.072841	0.004821	0.060782	0.038022	-0.106682	-0.077860	0.236148	-0.048765	-0.100121	-0.117428	0.000141	0.149836	0.008915	0.102342	0.037515	0.004309	-0.006547
chr5:124708335-124710392	0.568172	-0.888260	0.042541	-0.053848	0.069579	0.079744	0.127503	-0.027072	0.081479	-0.126482	0.031035	-0.128382	0.090958	0.290338	0.124802	0.340865	-0.026220	0.092308	-0.015898	0.141753	-0.053451	0.260891	0.223132	0.144381	-0.098864	-0.264897	-0.028914	0.020090	-0.053796	-0.121028	-0.081973	-0.021479	0.197964	-0.145336	-0.019029	0.027705	-0.114768	0.186609	0.009823	0.025905	0.059739	0.066857	0.070800	0.179218	0.033035	-0.055059	-0.227620	-0.003051	0.165431	0.096903	0.052183	0.055645	-0.002237	0.011667	0.043775	-0.163013	0.054944	-0.136488	-0.040281	-0.028188	0.053006	0.114475	-0.029319	0.039597	0.128508	-0.076905	0.087657	-0.258239	0.032911	0.121452	-0.155685	-0.081336	-0.004058	0.038498	-0.072818	-0.126054	-0.065452	0.009407	-0.216833	0.075567	-0.174559	-0.109024	0.032889	0.209159	-0.000888	-0.106843	0.061118	0.213100	-0.060129	0.097156	0.010584	-0.165826	0.021742	-0.041831	0.052526	-0.175865	0.105598	0.040431	0.008119	0.060110	0.063082	0.000314	-0.304535	-0.127357	0.139972	0.004867	0.038611	-0.000536	-0.066016	0.066637	0.053703	-0.143540	0.112839	-0.176553	0.156416	0.063174	0.084578	-0.059521	-0.126647	-0.098122	-0.024392	-0.043768	-0.118611	0.016631	0.056403	0.160375	-0.060545	0.035671
chr5:124651163-124654187	0.595965	-1.027775	-0.055972	-0.139355	0.340906	0.037108	0.043977	0.150866	0.032050	-0.048207	-0.005427	-0.037264	-0.117505	-0.027935	0.027304	-0.036470	0.042977	0.054366	0.048528	-0.041177	-0.121863	-0.063642	0.192114	-0.179517	-0.180634	-0.172341	-0.140078	0.007522	0.173500	-0.056617	-0.069297	-0.143935	0.014835	-0.105500	-0.193252	0.093212	0.058268	0.024850	0.011074	0.051589	-0.041174	0.015620	0.082192	0.165457	0.029993	0.062734	0.185117	-0.105598	0.002250	-0.035240	0.049689	-0.064261	-0.181700	0.000106	-0.072125	-0.068134	-0.071225	0.033250	0.045865	-0.188009	-0.062552	-0.017505	0.116029	0.003871	-0.160386	0.066950	-0.179318	0.150153	0.095435	0.109374	-0.008547	-0.152477	0.032577	-0.084281	0.047752	-0.037518	-0.049970	-0.032857	0.035319	0.067623	0.022801	-0.088205	0.038534	-0.095823	0.063756	0.127135	0.142146	0.029462	0.087447	0.092695	0.049592	-0.119155	0.081811	0.150512	-0.075657	-0.135442	-0.086219	-0.006889	-0.006473	0.013885	0.127486	0.011002	0.143433	0.094099	-0.077241	-0.011002	-0.157573	-0.095223	-0.112669	-0.013500	-0.135688	0.047783	-0.070226	-0.039909	-0.017998	0.088838	0.086757	-0.080695	0.059609	0.053692	-0.002002	-0.122059	-0.049046	0.059649	-0.044876	0.050695	-0.015326	0.060338
chr5:125344507-125346243	0.102081	-0.722979	0.095612	-0.083426	-0.026053	0.109752	-0.017299	0.013692	-0.054414	-0.111438	0.100306	0.098509	0.229288	0.263511	0.000866	-0.080830	0.040809	-0.009329	-0.064430	0.007490	0.003418	-0.027241	-0.047079	-0.042926	0.070705	0.124197	-0.036487	0.005561	0.048585	-0.032799	0.040559	-0.051797	-0.026035	0.031195	0.024005	0.098382	0.071943	-0.225794	0.031049	0.063089	0.117162	-0.042705	0.019344	-0.084378	-0.031002	0.055139	0.066323	0.138395	0.142110	0.027180	0.021009	-0.030690	0.149516	0.142404	-0.130264	0.027179	-0.013443	0.035351	0.129347	-0.131701	0.053517	-0.025269	-0.265339	0.017247	-0.257180	0.008309	-0.145327	-0.118138	0.068600	0.217045	0.082638	-0.062380	-0.079752	-0.057393	-0.119030	-0.019447	0.124833	0.100110	0.107031	-0.035865	0.045587	0.219855	-0.146726	-0.085770	0.150626	0.062224	-0.018000	-0.125334	-0.006156	0.257603	-0.074000	-0.014180	0.158905	-0.149275	-0.149969	0.006854	0.026190	0.046776	0.065437	0.101883	0.034291	-0.010418	-0.082051	-0.169763	0.021313	0.036726	0.100399	-0.060158	-0.158783	0.025106	0.078777	-0.136286	-0.065752	0.055445	0.017089	-0.059327	-0.076504	0.052388	0.067606	0.005917	0.157497	0.020662	0.088241	0.053815	0.163064	0.094406	-0.040062	-0.110604
chr1:206941402-206947400	0.164987	-1.177399	-0.084590	-0.057625	-0.087376	-0.096877	0.005530	0.106800	-0.140129	-0.082994	-0.175401	-0.004963	-0.020259	0.089614	0.008810	0.116507	-0.020115	0.224604	0.115957	0.076724	-0.047230	-0.129129	-0.062728	-0.019162	-0.056954	-0.068498	-0.008962	0.023777	-0.038717	0.191948	-0.073183	-0.022409	0.061572	-0.107109	-0.079403	-0.133641	-0.051083	0.080224	-0.089012	-0.023627	-0.228037	-0.056097	-0.057762	-0.025260	0.103079	0.068097	-0.050642	0.064333	-0.024963	0.138932	0.160727	0.086423	-0.090910	-0.139753	0.056363	-0.117483	-0.076879	0.055498	-0.065539	0.094889	-0.033187	0.141473	-0.044144	-0.056701	-0.106647	0.058922	-0.180279	-0.038517	0.030282	0.174781	0.115416	-0.070318	0.133776	0.072583	-0.194361	0.026103	0.071080	-0.127614	-0.055720	0.005179	0.065121	0.052894	-0.110861	0.088634	0.033287	0.217023	-0.086660	0.025085	0.006500	0.134857	-0.079986	-0.020518	-0.017627	-0.066724	-0.170747	0.087144	0.007902	-0.043781	0.054534	0.031607	-0.149568	-0.076145	-0.000915	0.056026	-0.082871	-0.139919	0.044671	-0.150302	0.115141	-0.107803	-0.062861	-0.024437	-0.076816	-0.002520	-0.075413	0.042656	-0.060351	0.044073	-0.063484	0.101569	0.006570	0.126190	-0.050849	0.101563	0.057844	0.014524	-0.084041	0.028401
chr10:124217002-124220400	0.249537	-1.266490	-0.281600	-0.080082	-0.209252	0.058125	0.186659	0.138831	-0.116156	-0.026463	-0.131759	-0.106175	0.036423	0.092211	0.110011	-0.084448	0.117462	-0.009331	-0.114157	0.276607	-0.002872	-0.094038	0.041404	-0.197709	0.102059	0.047194	-0.123396	0.117258	0.169908	0.112615	-0.040472	0.043194	0.075583	0.001005	0.085472	-0.176116	-0.163081	-0.010647	-0.157504	0.035773	-0.039030	-0.054745	0.096298	-0.002962	0.108790	-0.043761	-0.017990	-0.076377	0.042269	-0.020856	-0.055201	0.008357	-0.175004	-0.067513	0.104609	-0.167444	0.147820	-0.026494	-0.066486	0.023058	-0.047607	-0.036983	0.094873	0.057981	0.034620	0.067183	0.002158	-0.198652	-0.005082	0.147329	-0.009261	-0.109038	-0.137655	-0.059313	0.095794	0.157048	0.070847	0.085668	-0.008225	-0.046222	-0.009023	0.138952	0.032284	0.070377	-0.143323	0.089895	-0.049849	-0.091352	0.009425	0.005476	0.054076	0.007523	-0.138059	-0.004861	0.149421	0.108151	-0.058862	-0.003675	0.054869	-0.141805	0.073754	-0.120880	-0.035942	0.245288	0.106399	-0.083209	0.020238	-0.096768	-0.046285	0.091309	0.075403	-0.084130	-0.063023	-0.091076	-0.175162	-0.031885	0.032132	0.019736	-0.055070	0.037280	-0.014282	-0.109045	0.148501	0.079205	0.099148	-0.013937	0.147717	-0.062923
chr4:100075402-100080200	0.951209	0.944562	0.351641	0.043675	0.387022	-0.064869	0.069374	0.082577	-0.158275	-0.046913	-0.032870	-0.061314	-0.147843	-0.137108	0.096959	-0.028645	0.122581	-0.118720	0.023963	-0.084974	0.106967	-0.147246	-0.160760	-0.001726	-0.072622	0.047999	0.127283	0.177694	-0.006370	-0.124964	-0.013850	0.065921	-0.051143	-0.040414	-0.072403	-0.123722	0.012530	-0.036594	-0.041541	0.074542	0.102354	0.033804	-0.307666	-0.000011	-0.079635	0.041972	0.069096	0.154443	0.079328	-0.187758	0.038122	-0.090723	-0.128900	-0.077548	-0.153838	-0.080889	-0.063339	0.025177	-0.045617	-0.005211	-0.108213	0.027905	-0.071768	-0.042634	0.057301	-0.040598	-0.013166	0.057549	0.042980	0.096393	-0.088187	-0.054880	-0.043166	-0.059115	0.093940	-0.065996	0.020765	-0.005535	-0.112762	-0.043404	0.001204	0.180036	-0.061410	0.111185	0.153447	0.096034	0.073169	-0.003568	0.075506	-0.030315	-0.052134	0.076141	0.084255	0.009691	-0.055701	0.153542	-0.046200	0.042617	-0.152801	-0.066123	-0.058252	0.014954	0.089820	0.071854	0.080861	0.016505	0.002456	-0.016034	-0.064469	-0.229894	0.126498	0.037256	-0.026740	-0.006305	-0.083996	0.102704	0.120802	-0.144461	-0.047991	0.036572	0.089414	-0.030748	-0.033730	0.093767	-0.019730	0.008830	0.063738	-0.109155
chr2:8440002-8455200	0.549173	-0.541928	-0.225900	0.004980	-0.038082	-0.080635	0.129588	-0.218032	-0.016654	-0.154512	-0.161035	0.092807	0.108822	-0.027445	-0.136462	-0.163027	-0.010557	-0.055188	0.000990	0.085142	-0.139477	0.005703	0.093821	-0.029027	0.041359	-0.234877	0.105214	0.123228	0.089230	-0.222223	0.085923	-0.096331	-0.129558	-0.043075	0.074635	-0.173198	0.054151	0.214126	-0.008043	0.082135	0.187297	-0.053146	0.125831	-0.099223	0.117556	-0.095873	-0.033165	0.031021	-0.193320	0.087056	-0.002562	0.183010	-0.040571	-0.036265	-0.167348	-0.073195	-0.051217	0.118460	0.020358	0.152781	-0.108279	-0.175198	0.025591	0.113858	-0.048130	0.036379	-0.018158	-0.003655	-0.002962	-0.172864	0.102338	-0.048084	-0.039713	0.097860	0.106607	-0.039976	-0.019012	-0.131166	-0.014377	0.023648	-0.234228	0.104598	0.047691	-0.009860	-0.108077	-0.060956	0.025566	0.011160	-0.037164	-0.139056	0.073071	0.033459	-0.143530	-0.115155	-0.035195	-0.018463	0.006392	-0.203079	0.052477	-0.046347	-0.082040	-0.018447	-0.110119	0.051645	0.181032	-0.163312	-0.009286	-0.059230	0.083764	-0.081457	0.075380	0.224412	0.024557	0.173124	-0.092357	-0.160669	-0.061971	0.118399	-0.008069	0.170029	-0.081595	0.010944	0.075044	0.044954	0.008946	-0.198901	0.028032	0.110205
chr14:73602802-73603000	-4.040852	0.000902	0.330857	-0.836969	-0.124073	-0.144890	0.052746	0.051522	0.037709	-0.025558	-0.005530	0.062254	-0.204945	-0.146689	-0.064513	-0.023277	0.207607	-0.005609	0.063294	-0.134795	-0.053144	0.058193	0.353234	-0.072077	0.136652	-0.085796	0.007235	0.043047	-0.219345	0.270557	-0.121410	-0.078256	-0.230784	-0.318638	0.022447	-0.001834	-0.015046	0.013300	0.056023	-0.088924	-0.271016	0.062202	0.251025	0.024739	0.413074	0.000886	0.212655	-0.045392	-0.201440	-0.069912	0.002047	-0.034188	0.351319	0.114929	-0.023928	0.111631	0.092080	-0.061690	0.068915	-0.151977	-0.115524	0.111468	-0.149657	0.172598	-0.120106	-0.177189	-0.024845	-0.201753	0.347217	0.087910	0.145095	-0.069786	-0.004690	-0.245312	0.052407	-0.091395	-0.128851	0.187376	0.205671	0.120819	0.101749	-0.057042	0.076611	0.152857	0.004976	-0.013942	0.195783	-0.145157	-0.029384	-0.135078	-0.117343	-0.059027	-0.108834	-0.220173	0.306935	0.175878	-0.244901	0.043006	0.116465	0.008839	-0.389252	0.204476	0.054846	-0.015076	-0.256268	0.068104	-0.089200	-0.175711	-0.169869	0.070782	-0.133925	0.110580	0.009818	0.052025	0.177575	-0.138037	0.157623	0.137993	0.096236	0.048751	-0.024021	0.017941	-0.018923	0.218098	-0.049971	0.281292	0.141347	0.051473
chr19:9943002-9945400	0.615365	0.344256	-0.154714	0.084574	-0.605141	0.220843	0.356291	-0.126463	0.060097	0.107779	0.114142	-0.214680	-0.052429	0.228160	0.158880	0.021888	-0.012077	-0.046806	0.025561	-0.061143	-0.146782	0.123390	-0.067989	-0.002603	-0.104597	0.096231	-0.057378	-0.061629	-0.145935	-0.021340	-0.010384	-0.041066	-0.110239	-0.041700	0.136561	-0.106816	0.361923	0.079918	0.045662	0.029190	-0.089219	-0.154247	0.009076	-0.002773	0.050996	-0.152862	-0.119003	0.087360	-0.047182	0.034985	-0.045882	0.023655	0.052833	0.009674	-0.105822	-0.099861	-0.063218	-0.066908	-0.042061	-0.001061	0.084542	-0.272554	0.092905	-0.091341	-0.037280	-0.009928	0.090061	-0.047092	0.156828	0.037676	0.026325	0.124289	0.208656	0.135608	0.276756	0.051340	-0.102672	-0.021873	-0.051022	-0.000322	0.159920	-0.143881	0.033653	-0.096661	0.141827	-0.062639	-0.062326	0.057156	-0.108827	-0.117201	0.027679	0.037999	0.138518	0.216639	0.222590	0.059173	0.080407	0.179500	0.092747	0.075586	0.121857	0.049115	0.068467	-0.073165	0.061906	-0.048434	-0.088092	-0.104048	0.088127	0.090131	-0.059102	-0.177952	-0.015810	-0.051635	-0.078366	-0.018859	0.173147	0.020138	0.047220	0.042311	-0.039715	-0.027912	-0.102098	-0.039029	-0.018637	0.115685	0.152387	0.190400
chr8:27449602-27475600	0.280577	-0.980335	-0.300122	-0.164018	-0.072049	0.123273	0.002084	0.181444	0.032896	-0.054525	-0.089598	0.001782	-0.306883	-0.066352	0.141897	0.087522	-0.140479	-0.043682	-0.114099	0.026253	-0.020558	-0.248044	0.076769	-0.034862	-0.108167	-0.036199	-0.088044	0.051390	-0.085943	-0.042530	0.008175	-0.027751	-0.002334	-0.014420	0.014101	0.123088	-0.023332	0.072114	0.000338	0.026957	-0.054764	-0.015642	0.169548	0.062483	0.092705	0.050229	-0.057330	0.076762	0.066312	0.059348	0.107720	-0.079922	0.106716	-0.093484	0.067094	-0.077882	0.011235	0.002150	-0.104338	-0.128768	0.152667	0.131336	-0.193807	-0.196567	0.020473	0.010114	0.077819	0.018546	-0.023825	0.076398	-0.161204	0.160025	-0.013909	0.060409	-0.000326	0.046598	-0.066839	0.073538	0.036480	-0.163182	-0.082197	0.061806	-0.057430	0.109778	-0.186493	0.029546	0.062165	0.061537	0.031370	-0.151230	0.035451	-0.127670	0.008263	0.054762	-0.061288	-0.006001	0.024852	0.104119	-0.049663	0.029608	-0.055772	0.027737	-0.060132	-0.043444	-0.048229	-0.083700	-0.075990	0.017377	-0.138770	0.089102	-0.025716	-0.004327	-0.083392	-0.066109	0.070770	-0.114014	0.149812	-0.065603	-0.090294	0.007585	-0.072957	-0.173388	0.062520	0.081008	-0.208747	0.067280	0.071961	-0.008243
chr20:62588602-62596200	-0.088000	-0.792050	-0.831141	-0.143578	-0.046867	0.069961	-0.100453	-0.169929	-0.034815	0.012449	-0.112838	-0.212013	0.042101	0.071506	-0.059087	-0.017528	0.003386	0.121249	0.039168	-0.283836	0.055460	0.077415	0.008720	-0.107098	0.046646	0.147503	0.034432	0.105582	0.127050	0.070053	0.007601	-0.075585	0.030395	0.100498	-0.097878	0.191916	-0.074811	0.018458	-0.109378	0.082352	-0.069049	-0.131960	0.058905	0.021733	0.042753	0.000392	-0.007587	0.185949	0.014620	-0.061591	-0.016682	-0.026727	0.005068	0.005463	0.060793	-0.058064	-0.000030	0.038721	-0.119907	0.054355	0.103696	-0.014627	-0.043482	0.008837	0.093626	0.059641	0.090712	0.006619	-0.077597	0.122466	0.001422	-0.089967	-0.008115	0.119981	0.015760	-0.013700	-0.066654	-0.101035	0.008787	0.017733	-0.069617	0.041081	0.129115	-0.064684	0.113813	0.179217	0.100936	0.139026	0.036571	0.104367	0.133015	0.119872	0.075860	0.130242	0.070563	0.020501	0.183160	-0.058169	0.147068	-0.088004	0.002229	0.054115	0.017316	-0.004925	-0.029925	0.178986	0.113280	0.170499	-0.087359	0.091240	0.002719	-0.072073	-0.063615	-0.053447	0.103293	-0.031338	-0.031632	-0.090270	0.029299	0.104769	-0.009992	-0.047698	-0.229934	0.167357	0.137551	0.021679	0.033819	0.057756
chr11:31534353-31542527	0.866812	-0.056841	0.404298	0.107813	-0.033991	-0.150740	0.073402	0.233850	0.047323	-0.084466	0.063723	0.070625	-0.239954	0.045231	0.104418	-0.062401	-0.183872	0.220148	0.079898	0.118785	0.028994	-0.146951	-0.094769	-0.245975	-0.099389	-0.267571	-0.030416	-0.020128	-0.086061	-0.097787	0.045061	-0.009586	0.074981	-0.105128	0.011966	0.057810	-0.084472	0.067150	0.014927	0.142612	0.037068	0.270503	-0.047109	-0.011025	0.048228	0.117515	0.285093	-0.215533	0.067614	0.013592	-0.017723	0.153845	0.054571	-0.023747	0.029617	-0.276625	-0.067361	-0.075777	-0.037061	-0.095783	0.090799	-0.079083	-0.011602	0.061164	-0.176178	-0.117680	-0.004461	0.079674	0.072547	0.045330	-0.114812	0.111119	0.225733	0.120870	-0.054237	0.170701	0.138502	0.103496	-0.101564	0.007016	-0.037207	0.014297	0.143017	0.020813	-0.066248	0.145021	-0.094704	0.090440	0.165113	0.121107	-0.198418	-0.140075	0.212674	0.124908	-0.086313	0.093826	0.121952	-0.232888	0.010609	-0.081218	-0.043060	0.062360	0.129003	0.001928	-0.180114	0.034016	-0.018979	0.061274	-0.092788	-0.079880	-0.084274	0.117263	0.081540	-0.112807	0.101128	0.079778	0.092631	0.069312	0.090777	-0.231384	-0.045467	0.054632	0.023983	-0.016140	0.036782	-0.016229	0.050094	0.103566
chr11:31676019-31679740	1.093517	-0.080312	0.422480	0.080789	0.019723	0.151662	-0.043787	0.072537	0.006534	0.141689	-0.071075	0.113987	0.085120	0.114127	-0.000174	-0.028893	-0.075817	0.114660	0.140422	0.009021	-0.019950	-0.037317	0.018358	-0.198219	0.032319	-0.019228	-0.096580	-0.108111	0.115998	0.196803	-0.006192	-0.014788	0.001203	-0.059671	0.117760	0.015864	-0.040209	0.215752	0.055320	0.257275	-0.036031	0.013639	-0.067116	-0.191601	-0.159000	-0.040852	0.197764	-0.046121	-0.014320	0.050745	-0.040392	-0.193337	0.052660	0.195341	-0.326578	0.219483	0.124019	0.108079	0.104041	-0.082055	0.147621	0.057949	-0.180232	-0.012936	0.029167	-0.062813	0.074109	0.127943	0.036524	-0.045411	-0.040105	0.073343	-0.117164	0.187816	-0.047752	0.041073	-0.073585	-0.236906	-0.036472	0.147355	-0.065693	0.016212	-0.076500	-0.017879	0.012404	-0.238768	0.030022	0.027817	-0.159684	0.032935	-0.064407	0.022293	-0.034330	-0.111281	0.129610	-0.084289	-0.010828	-0.095401	0.138302	-0.092943	0.001987	0.087623	-0.121356	-0.043550	0.127141	-0.028327	0.100658	-0.087036	-0.168562	0.002449	-0.021797	-0.090380	0.055034	-0.040098	-0.018990	0.127924	-0.152034	0.038513	-0.002785	0.036581	-0.093523	-0.137563	-0.048211	0.187087	0.149921	0.178132	-0.025273	0.019616
chr13:47471402-47471600	-3.602742	1.541596	0.005660	-0.539184	0.222345	-0.350207	0.190912	0.050840	-0.158627	0.162182	0.000336	-0.015538	0.085016	0.129511	0.057494	0.123079	-0.088820	0.260191	0.071836	-0.008687	-0.355905	-0.061507	-0.091530	0.039599	-0.011337	-0.140367	0.323997	-0.125126	0.025347	0.222326	-0.089986	0.350619	0.115928	-0.299254	0.229458	-0.094029	-0.125005	0.180257	0.031292	0.165469	0.128411	-0.408003	-0.085041	0.013471	-0.167672	0.220840	0.112556	0.056993	0.027245	0.292381	-0.084573	0.054962	-0.163579	0.065238	-0.204599	0.078596	-0.008441	-0.152063	-0.095344	0.066898	0.105661	-0.257919	0.162367	0.149505	-0.061561	-0.082867	-0.079377	0.057193	0.143375	-0.082026	-0.142766	-0.166663	-0.317015	-0.047719	-0.031322	0.075290	0.173372	0.001030	0.397062	-0.094981	0.068218	0.157314	-0.090188	0.006591	-0.145182	-0.248527	0.015018	-0.172546	0.144258	0.458429	0.093480	-0.150928	0.020929	-0.074778	-0.128659	0.079344	-0.015655	-0.197144	-0.173751	-0.086809	-0.133800	-0.108738	-0.196575	-0.180544	0.091084	-0.073776	-0.066158	-0.055560	0.022591	-0.168074	-0.170291	-0.044377	0.100718	-0.068010	0.197076	0.043533	0.018040	0.270330	-0.055884	-0.040030	-0.203630	0.177436	-0.015731	0.012911	0.047301	0.126358	0.176401	-0.081249
chr1:173886202-173887200	-0.571758	-0.385484	0.063675	-0.214517	0.439751	0.177505	0.027595	-0.328050	-0.003016	-0.056037	0.099349	-0.029421	-0.120817	0.273828	0.078424	0.118855	-0.216321	0.237490	-0.104558	0.058093	0.010231	0.363297	0.018219	0.110718	0.077586	-0.074184	-0.047642	-0.092564	-0.079099	0.173185	0.277949	-0.128364	-0.026509	0.134641	-0.069827	-0.069837	-0.166489	-0.008370	-0.209141	-0.013701	0.245434	0.129304	-0.216065	-0.192540	0.335321	-0.156890	0.203488	-0.003727	-0.141051	0.027459	0.162350	-0.145785	0.113995	0.055919	-0.016671	0.303400	-0.057028	-0.095808	0.022082	-0.017006	0.122009	-0.139211	-0.078392	0.009368	0.028239	-0.038391	-0.045050	0.007359	0.041785	0.148752	-0.036304	0.083331	0.094228	-0.039200	-0.020836	0.118038	0.084521	0.012085	0.055837	0.081044	0.138160	-0.107368	-0.062008	-0.025401	0.046723	0.013092	-0.093659	-0.081000	0.013202	0.038781	-0.152072	-0.091204	0.046970	-0.026249	0.012600	-0.081668	-0.028815	-0.030897	-0.031987	0.052362	-0.110047	-0.089592	-0.016572	0.157557	-0.020164	0.136670	-0.097590	0.235606	-0.100244	0.060469	0.068358	0.219132	-0.100552	0.227472	0.138238	0.037391	-0.044554	-0.003610	0.088192	-0.173268	0.076499	0.074635	0.115070	0.006085	-0.046405	-0.149493	0.209030	0.063785
chr5:147257162-147259162	0.053200	0.478418	0.166607	-0.132960	0.204164	0.061991	0.001076	-0.238029	-0.129021	0.112648	-0.198809	-0.179001	-0.124229	-0.357540	-0.074335	-0.072044	-0.081682	0.144421	-0.187833	-0.099197	-0.109571	0.079993	0.276235	0.151357	-0.033419	0.202203	0.052328	-0.087100	0.046396	-0.109954	-0.055249	-0.205134	-0.024419	0.008879	0.034142	-0.031851	0.087776	0.002126	-0.114872	-0.176531	-0.032206	0.058944	-0.139889	-0.003867	-0.069855	0.200337	0.150962	-0.008054	-0.135550	0.008897	0.041011	-0.206462	0.043446	-0.051794	0.042648	0.052473	0.046974	0.029969	0.016010	-0.012826	0.161956	-0.023316	0.071699	-0.253098	-0.044342	-0.031324	0.100076	-0.119933	0.092078	0.029020	-0.021545	0.080442	-0.122606	0.054982	-0.092813	0.038574	-0.003972	-0.099760	0.132051	0.033360	-0.029322	0.082532	0.119041	0.095104	0.145206	-0.125812	0.038118	0.035983	0.158835	0.074430	-0.103879	0.236113	0.133106	-0.066395	0.025197	0.261626	-0.000918	0.040658	-0.018597	-0.071050	-0.083345	0.041021	0.158494	0.039039	-0.257874	0.156885	0.261868	0.108360	0.128992	0.189780	-0.093447	-0.185358	0.127491	0.054275	-0.223915	-0.042240	0.024384	-0.030404	0.050099	-0.001788	0.025170	0.167863	0.048800	0.085535	0.097749	-0.117106	-0.116098	0.201040
chr5:156604202-156609777	0.921596	0.435218	0.408428	0.034472	0.017105	0.025232	-0.400939	0.406984	-0.075575	-0.160898	0.262379	0.109185	-0.109448	-0.285592	-0.097327	-0.029315	-0.146103	0.023806	-0.099241	0.027210	0.047687	0.108836	-0.051444	0.080373	0.077246	-0.053464	0.182996	-0.098028	-0.127346	0.041579	-0.184118	-0.322154	0.073977	0.000153	-0.018761	0.055998	-0.143938	-0.060165	-0.032474	-0.103543	-0.058291	-0.100489	-0.126335	-0.121545	0.012854	0.086196	-0.156949	0.110799	-0.103791	-0.003871	-0.158034	-0.080014	0.066158	-0.144239	-0.073635	-0.058256	-0.019854	0.020072	-0.218907	-0.066692	-0.019240	-0.048112	0.034785	-0.064091	0.011609	-0.165890	0.050438	-0.074489	-0.072481	0.071416	0.004527	-0.094008	0.160077	-0.221455	-0.152732	-0.148751	-0.000176	-0.268116	0.164563	0.019070	-0.078967	-0.070458	0.095788	0.196214	-0.066011	0.107909	0.022376	-0.152048	0.228933	0.079742	-0.046247	-0.117904	-0.087664	0.125754	0.019363	0.011269	0.066299	-0.149172	0.011314	-0.019770	0.170377	-0.052148	-0.168165	0.016318	0.139995	0.127423	-0.047617	0.018390	-0.169768	0.148270	0.038152	-0.064779	0.082899	-0.196723	0.023520	0.133862	0.109103	-0.133537	0.015043	-0.076935	0.019102	0.107591	0.077557	-0.050864	-0.076962	0.067129	-0.010413	0.008158
chr17:38028120-38030120	0.668132	1.141340	0.072557	0.130018	-0.209183	-0.234277	-0.041119	-0.218035	-0.059125	0.056643	-0.010470	0.126655	0.125778	0.252717	-0.116821	-0.011253	-0.132351	0.194379	0.041154	-0.013843	-0.094497	-0.148462	0.095965	-0.053352	-0.020368	-0.131231	-0.055824	0.101480	0.073057	-0.040397	-0.114264	0.031939	0.127214	-0.182196	0.029059	-0.106689	0.199449	0.016377	0.062057	-0.016045	0.118391	-0.091286	0.096661	-0.205525	0.023182	-0.107376	-0.013221	0.136776	0.007665	-0.142588	-0.102324	-0.005992	0.047245	0.102770	0.060151	0.043800	0.069357	0.007994	0.127753	0.050084	0.034960	-0.185042	0.236024	0.144621	-0.054651	-0.012835	0.108844	0.004839	0.113025	0.007289	0.100372	0.130026	-0.050553	0.061476	-0.090232	-0.171766	-0.223198	0.039643	-0.150689	0.047798	0.102938	-0.026718	-0.075192	-0.126287	-0.073869	0.132718	-0.004955	-0.012201	-0.098267	-0.129679	0.091011	-0.244488	-0.169075	-0.162345	-0.125777	-0.082924	0.196124	-0.025081	-0.242619	0.027493	-0.072954	0.125759	0.097369	-0.000883	-0.188334	-0.109649	-0.048545	0.141274	-0.075712	0.110237	0.005362	-0.092308	-0.075595	0.006137	0.088470	-0.089480	-0.003396	0.089107	0.076530	-0.110906	0.015019	0.029877	0.023131	0.089596	0.044990	0.001107	-0.022909	0.132402
chr17:38071002-38082600	0.712938	-0.053496	0.017103	0.061479	0.247581	-0.533868	-0.119216	-0.132702	-0.033503	-0.000226	0.001536	-0.017219	-0.208617	-0.157940	0.022038	0.103333	0.113878	-0.002976	-0.102652	0.084361	-0.067123	0.087420	-0.111429	0.036380	0.204808	0.087497	-0.090593	0.052019	-0.013051	0.029884	0.052180	-0.038572	-0.192836	-0.126520	0.037915	0.015893	0.068717	0.024548	0.131250	0.115044	0.223162	0.073774	-0.133670	-0.098348	-0.062036	-0.090759	-0.145052	0.122277	-0.313354	0.089338	0.305861	0.094535	-0.033543	-0.005109	-0.095042	0.099783	-0.119090	-0.044043	-0.095877	0.019846	-0.119200	0.033305	0.093085	-0.120406	0.045661	-0.193429	0.048055	-0.033537	0.094143	0.149380	-0.028064	-0.150234	0.085592	-0.077495	-0.093992	-0.021759	0.042099	0.160050	0.017305	-0.126465	0.091526	0.078592	0.012445	0.008334	-0.128635	0.168066	0.078651	-0.037747	0.060087	-0.169116	0.016235	0.055482	0.106337	-0.071973	0.170197	0.000208	0.084275	-0.025948	-0.136283	-0.017890	0.006005	0.022572	0.008651	-0.175677	0.122113	-0.011886	-0.044448	-0.081744	0.145651	-0.062590	0.033034	0.163488	-0.120641	-0.038836	-0.070969	0.141768	-0.004431	0.117210	0.059686	0.062804	0.133870	-0.033190	-0.153944	-0.007321	-0.065989	-0.124909	-0.137568	0.030963
chr3:123323002-123427800	0.684471	0.716050	-0.540070	-0.099814	0.331566	0.101574	0.123370	0.053795	-0.031905	0.039352	-0.274085	-0.140332	-0.019952	0.069133	-0.006663	0.068596	0.273069	0.085650	0.087810	0.087015	-0.015371	-0.046397	0.075317	-0.146128	0.169174	0.137524	-0.030252	-0.060711	0.030215	0.034735	-0.007685	0.066970	0.016141	-0.035701	0.102864	0.028681	-0.026915	0.098098	-0.088250	0.153876	0.188242	-0.056511	-0.033872	0.021612	-0.030485	0.104847	0.087882	-0.128218	0.043989	-0.023884	0.074250	0.136868	0.036534	0.039843	-0.101545	-0.070660	0.079925	-0.064106	0.031305	0.000060	-0.077189	0.033836	0.120767	-0.030982	0.121956	0.025920	0.088212	-0.197002	0.060254	0.111751	-0.002201	-0.121582	0.079879	-0.162379	-0.092669	-0.035233	0.007757	0.075372	-0.115838	0.037574	0.045039	-0.066606	-0.164350	0.068748	-0.191269	-0.138118	0.037073	0.079607	-0.022271	0.000945	-0.167453	-0.009693	0.041988	0.084241	0.029289	0.158963	0.160641	0.012628	-0.135277	-0.040233	-0.016016	-0.040482	-0.005968	0.011601	-0.038785	-0.057891	0.059870	0.029665	-0.057118	-0.042238	-0.087536	0.167436	0.015143	-0.077442	-0.106247	0.103455	0.096649	0.111830	0.042323	-0.084900	0.094618	-0.168116	0.011024	0.047936	-0.019653	-0.052732	-0.064264	0.125207
chr17:34204402-34208600	0.325798	-1.023063	-0.190686	-0.039679	-0.058815	-0.226971	-0.055906	0.189648	-0.007262	0.138482	-0.270724	0.078737	-0.010359	0.223807	-0.112937	0.010074	-0.153664	-0.039978	0.062186	0.044650	0.061851	-0.185435	-0.215293	-0.109463	0.001779	0.075708	0.146225	-0.062744	0.015898	0.038070	0.111364	-0.201597	-0.073831	0.150080	0.209043	0.167996	-0.002052	0.188247	-0.061480	-0.016820	0.131413	-0.041310	0.073114	0.280245	0.117862	-0.088553	-0.016830	0.077139	-0.078571	-0.013559	-0.009075	-0.093541	0.085599	0.043817	0.016770	-0.050950	0.011578	-0.048537	-0.041495	0.104546	-0.096270	-0.031929	0.022657	0.032153	0.114611	-0.117202	0.307536	0.018983	0.124500	-0.063689	0.063049	-0.006044	-0.151570	-0.110382	-0.076172	-0.108177	0.045023	-0.063567	-0.056010	-0.129522	0.028257	-0.112035	-0.011470	0.117998	-0.006401	-0.074407	-0.205969	0.041440	-0.258484	0.042604	0.007186	-0.107637	-0.083134	0.170728	-0.114446	0.050005	-0.011362	0.053975	0.168305	0.053200	-0.062220	-0.174101	-0.097434	-0.016828	-0.196871	0.037332	0.017596	0.041291	-0.051575	-0.003147	0.010863	0.097646	0.013738	-0.011971	-0.092129	-0.008204	-0.145638	0.115375	0.089810	0.223102	0.050530	0.014123	0.089752	0.018607	0.071770	0.081541	0.004241	0.031245
chr2:71077802-71079600	0.088622	-0.344465	-0.233749	-0.019012	-0.100559	0.030454	-0.034774	-0.029842	-0.098117	-0.008634	-0.081860	-0.070905	0.035363	0.109679	-0.141069	-0.018749	0.137094	-0.008335	0.078841	0.042336	-0.106304	0.075767	-0.224948	-0.127021	-0.019125	-0.014566	0.108800	0.236035	-0.206901	0.130077	0.128231	0.138451	0.051142	-0.017298	0.048471	0.137434	0.076117	-0.083291	-0.023097	0.016611	-0.117414	-0.053386	-0.045251	-0.014916	0.059393	-0.124372	-0.031919	-0.017411	-0.107335	0.005197	-0.090241	-0.050708	0.026742	0.035197	-0.076715	-0.066603	-0.035917	-0.025235	-0.026884	-0.088146	-0.110888	-0.127677	0.127201	0.275672	-0.078706	0.055252	0.061333	-0.327027	-0.019383	0.026627	0.033688	0.200680	0.124314	0.011654	0.031481	-0.059190	0.096570	0.042601	-0.099679	0.021769	-0.175864	0.017107	-0.067537	0.184381	0.022645	0.133184	-0.013689	-0.014316	0.001728	0.067722	0.060429	0.037466	0.196245	0.028254	0.018957	-0.072480	0.007969	0.000373	0.059243	-0.064865	-0.062959	0.069154	0.059972	0.081777	-0.068532	0.036541	-0.018530	-0.083665	-0.120526	-0.157598	0.161670	0.001176	0.009138	-0.100107	-0.047028	0.017043	0.070704	-0.125262	0.014823	-0.033638	-0.037955	-0.068086	0.143565	-0.166209	0.061373	-0.077122	-0.023329	-0.168008
chr4:111709169-111711169	0.571215	0.740159	0.220997	0.044953	0.440661	-0.193910	0.151702	0.021619	0.012728	0.069449	0.086562	0.020161	-0.187977	-0.224464	-0.105306	0.031595	-0.166959	-0.017171	0.046707	-0.057966	-0.091856	-0.100535	-0.254656	0.082769	0.065708	0.112322	-0.019203	-0.079596	-0.113799	0.076573	0.192882	0.037700	0.013365	-0.049548	0.001399	0.236424	0.014828	-0.014239	-0.094441	0.193080	-0.026914	0.098331	-0.068884	0.057029	-0.002805	-0.077945	-0.013809	-0.003649	0.010603	0.115088	0.023809	0.203735	-0.074889	-0.028359	-0.206717	-0.141467	0.016610	0.153971	0.038686	-0.083799	-0.059068	0.063485	0.030190	0.114387	-0.086786	0.053347	0.231257	0.054906	0.122855	0.059117	-0.227791	-0.079978	-0.047206	-0.086300	-0.000463	-0.126505	0.131511	0.113487	0.052517	-0.082247	0.179407	-0.142918	0.039541	-0.083264	-0.044686	0.008159	-0.093634	-0.052048	0.096540	-0.034179	-0.035577	-0.016229	0.191175	0.027092	0.002786	-0.133313	0.045712	0.187606	-0.037432	0.043602	0.078300	0.030269	0.277949	0.024581	0.119935	-0.017525	-0.007786	-0.170608	-0.129123	0.070428	0.115759	0.046415	0.012957	0.026506	-0.148673	0.047357	-0.007419	-0.051797	0.021566	0.075251	-0.032284	-0.004855	-0.065715	0.026673	0.030445	0.039008	0.087859	-0.042791
chr1:170586602-170590000	0.744745	-0.920017	0.122100	-0.111689	0.278646	0.097569	-0.175200	-0.441380	-0.012852	-0.074643	-0.032966	0.052828	0.005639	-0.249170	0.085604	-0.015916	0.136645	0.002795	-0.133958	-0.102818	0.020738	0.044676	-0.129946	0.072529	0.037578	0.102073	0.083334	0.036698	-0.036014	-0.129088	-0.000685	-0.062847	-0.152357	0.064840	-0.021253	0.000353	0.018611	0.216425	-0.162805	0.144640	0.031013	-0.097184	0.078251	-0.033139	0.082977	0.020194	0.062703	0.035590	0.027419	0.050375	0.117588	0.195437	-0.101910	0.099109	0.052633	0.055990	-0.147061	-0.160351	-0.105464	-0.074268	-0.196667	-0.255677	0.151911	-0.010843	0.112315	0.036736	0.261378	-0.102439	0.095056	0.087945	-0.196831	-0.059054	-0.002628	-0.117128	-0.077578	0.031496	0.088390	0.144289	0.023036	-0.013184	-0.005382	-0.108748	0.128108	-0.183385	0.121231	0.097779	0.069824	-0.090842	0.035971	0.023059	0.029503	-0.037966	-0.122488	-0.123960	-0.000820	-0.031337	-0.102273	-0.133613	-0.189561	0.018107	0.005807	0.160528	0.110614	0.036147	0.016447	-0.052544	0.022017	0.114459	-0.055224	0.077474	-0.049270	-0.046289	0.213807	-0.016568	0.054737	-0.038047	-0.009867	-0.025179	-0.032904	-0.198307	-0.037897	0.030794	0.122650	-0.017658	-0.053216	0.023406	-0.050040	0.087720
chr4:62860941-62862941	0.423882	-0.473050	0.546636	0.152651	0.383581	0.158085	0.273647	0.091915	0.191178	-0.246815	0.035052	-0.059092	-0.093428	-0.120300	0.040675	-0.218507	0.354696	0.093882	0.178796	-0.032349	0.404738	0.236707	-0.041524	-0.084690	-0.157374	-0.176396	-0.054341	0.386957	0.263758	-0.443535	-0.297955	0.286823	-0.017348	0.198838	0.186785	-0.143666	-0.042592	0.054462	0.303642	-0.291987	-0.109699	0.250253	-0.000938	-0.050188	0.039400	-0.119701	-0.029392	0.112547	-0.115513	0.001287	-0.131883	-0.117012	0.213474	-0.058066	-0.102211	-0.031363	-0.046832	-0.024397	-0.135051	0.120788	0.007952	-0.086882	-0.010902	-0.068878	0.028091	0.150342	0.265408	-0.106493	-0.146279	-0.062050	-0.163550	0.062327	-0.047890	-0.036164	-0.004783	-0.104252	0.063318	0.003860	0.179253	-0.111842	0.066672	-0.053372	0.010033	0.162915	0.128775	-0.011095	0.031157	0.070540	-0.052532	0.035528	-0.077548	-0.131080	0.001294	0.047657	0.039568	0.019467	0.169477	0.014233	-0.103049	-0.023422	-0.016717	0.025511	-0.000634	0.125814	0.069710	0.019437	-0.050409	-0.000315	0.022648	0.082150	0.005943	-0.084153	0.022059	-0.021766	0.127072	-0.046395	-0.087745	0.014541	0.096871	-0.024659	-0.009932	0.016432	0.217896	0.106708	-0.076944	0.099917	-0.034484	0.004289
chr4:62861251-62863251	0.831638	0.823476	0.407974	0.171863	0.614308	-0.080481	0.061332	-0.046816	0.206076	-0.126178	0.036911	0.015204	0.121688	-0.009251	0.016847	-0.210874	0.301410	0.190177	0.053281	-0.072764	0.321263	0.110415	-0.023017	-0.168014	-0.107737	-0.240788	-0.047599	0.394833	0.296579	-0.298639	-0.287293	0.221936	-0.000179	0.054885	0.136144	-0.121520	-0.137264	-0.108027	0.210500	-0.344966	-0.095764	0.282796	-0.009420	-0.203566	0.115939	-0.074645	0.034759	0.004945	-0.140348	0.017513	-0.125245	-0.036894	0.131446	-0.046477	-0.072200	-0.029857	-0.119297	-0.084655	-0.071187	0.138344	0.094126	-0.009691	0.017630	0.069543	0.032293	0.063921	0.207260	-0.086997	-0.096472	-0.096675	-0.028227	0.075128	-0.100485	-0.091630	0.125281	-0.086721	0.031637	-0.012490	0.171106	0.027003	0.097599	-0.030996	-0.058151	0.212312	0.122181	-0.021466	0.020628	0.004692	-0.086609	-0.043360	-0.179561	-0.012653	0.006913	0.046542	0.097854	-0.059501	0.199768	-0.008431	-0.064146	-0.171175	-0.122876	0.026875	-0.001818	0.079293	0.081068	0.024589	-0.045044	-0.037725	-0.064059	0.131443	-0.113819	-0.116980	-0.035781	0.074701	0.044947	-0.004236	-0.132929	-0.034155	0.078010	-0.059159	0.055768	-0.073755	0.037894	-0.042431	-0.075444	0.038662	-0.034802	-0.002808
chr4:62860964-62862964	0.258630	-1.361176	0.545602	0.072732	0.230704	-0.017203	0.125455	-0.135632	0.176900	-0.168735	-0.037326	0.001539	-0.044433	-0.084730	0.030960	-0.224140	0.360345	0.058032	0.165806	-0.011969	0.386268	0.228524	-0.044625	-0.105325	-0.131506	-0.176078	-0.071222	0.411099	0.263507	-0.445107	-0.310004	0.257712	0.006675	0.189523	0.188901	-0.113960	-0.041553	0.020039	0.300297	-0.289370	-0.111235	0.256697	-0.007810	-0.065683	0.027677	-0.131637	-0.001361	0.121969	-0.145509	-0.005123	-0.099636	-0.125701	0.221862	-0.042684	-0.089966	-0.044578	-0.027226	-0.022998	-0.144690	0.092848	0.044686	-0.067592	-0.002170	-0.089973	0.023514	0.129093	0.237966	-0.070972	-0.143511	-0.080376	-0.163299	0.039886	-0.021768	-0.047298	-0.032718	-0.063486	0.053601	0.003678	0.213038	-0.109460	0.079500	-0.056073	0.018893	0.183653	0.121854	-0.038356	0.035333	0.073267	-0.079213	0.000815	-0.066562	-0.137434	0.034680	0.045127	0.056745	0.035262	0.159647	0.009038	-0.092360	-0.023188	-0.005952	0.039604	0.000697	0.136016	0.049251	-0.015490	-0.056558	0.001304	0.009720	0.104383	0.015098	-0.042992	0.010009	-0.030561	0.088804	-0.033986	-0.059506	-0.052219	0.099069	-0.012632	0.019359	0.006055	0.172913	0.128444	-0.059665	0.080333	-0.018134	-0.000558
chrX:1732783-1734783	0.124776	0.242610	-0.332968	0.029232	-0.287840	-0.233304	-0.012288	-0.039185	0.287896	0.149000	0.178829	0.109251	-0.125504	-0.103483	-0.178866	0.135905	-0.065181	-0.059708	-0.208975	-0.244745	0.051867	0.077731	-0.038979	-0.099337	0.135523	0.204923	0.106468	0.272420	0.055106	0.251561	-0.124952	0.140623	-0.172657	-0.077083	-0.046131	0.078667	0.088312	0.109956	0.201773	-0.053108	-0.045540	0.153808	-0.164740	0.079160	-0.243849	-0.066020	-0.109990	-0.242769	-0.135993	-0.247983	0.199161	-0.010876	0.088197	-0.027641	-0.032825	0.062366	0.030324	-0.072008	0.127963	-0.032997	0.049883	-0.089573	0.074642	0.140195	-0.152282	-0.119405	0.112188	-0.014133	0.114334	0.130005	-0.116646	-0.054748	0.027168	0.021669	-0.016603	-0.046385	0.012746	0.081835	-0.195307	0.002618	-0.167354	0.025989	0.066885	0.062339	0.029871	-0.083601	-0.110956	0.013968	-0.037777	0.231349	-0.046712	-0.018910	0.086633	0.014956	0.117229	0.117095	-0.107400	-0.030094	0.109399	-0.139334	-0.108736	-0.065832	-0.202139	-0.176681	0.150019	0.012292	-0.048754	-0.068633	0.096860	0.060009	0.112217	0.095794	0.143953	-0.021225	-0.352757	-0.071781	0.006306	0.007260	0.133974	-0.011833	0.048083	0.137347	-0.001771	-0.042345	-0.004502	0.041454	0.036249	0.100588
chrX:1732892-1734892	0.320118	0.587341	-0.211977	0.074665	-0.358594	0.034000	0.229201	0.259220	0.302063	0.137725	0.163735	-0.046699	-0.189139	-0.127714	-0.202979	0.169828	-0.158188	-0.105953	-0.207937	-0.316895	0.019683	0.016806	-0.057572	-0.028702	0.019873	0.162968	0.122953	0.246276	0.079340	0.299948	-0.167296	0.199381	-0.079782	-0.110652	-0.020169	0.009559	0.022987	0.178732	0.124302	-0.029479	-0.062952	0.212583	-0.173067	0.070466	-0.251550	-0.028885	-0.186415	-0.160397	-0.040967	-0.302911	0.194674	0.014080	0.035924	-0.021216	-0.023324	0.036547	0.005239	-0.078712	0.086987	0.016163	-0.057346	-0.056396	0.032100	0.151537	-0.095314	-0.102783	0.143109	-0.009723	0.158885	0.070305	-0.063569	0.021653	0.066673	-0.057903	-0.002423	0.027803	-0.010208	0.081829	-0.213230	-0.033160	-0.137258	0.020912	0.091757	0.044340	0.012201	-0.096804	-0.125344	0.013397	0.004136	0.201812	-0.050576	-0.046841	0.050104	-0.002280	0.089980	0.048602	-0.154972	0.035230	0.010193	-0.048739	-0.063459	0.049701	-0.178868	-0.179604	0.072819	-0.012731	-0.100454	-0.027538	0.051849	0.037092	0.083535	0.109691	0.185758	-0.023229	-0.328291	-0.057996	-0.067034	0.065839	0.093698	-0.010398	0.101333	0.059650	0.043743	-0.059320	0.085027	0.054929	-0.027532	0.197018
chr5:25966202-25968000	0.028375	-0.645453	0.344989	-0.014797	0.156351	-0.146379	-0.127228	-0.230623	-0.005676	0.004426	0.146231	0.327567	-0.203365	-0.064045	0.211554	-0.149405	-0.036235	-0.075228	-0.205704	0.056257	0.240193	0.191392	0.091380	0.096010	-0.096706	0.150685	-0.183569	0.044023	0.123663	-0.065021	0.034108	0.239957	0.065565	-0.193600	0.033106	-0.119487	0.020091	-0.004055	-0.129369	-0.026507	0.128374	0.036127	0.034896	-0.061351	-0.025550	0.050283	-0.127790	-0.107405	-0.121369	-0.074305	0.061287	-0.000652	0.035154	-0.059100	-0.003366	0.152447	0.218711	-0.054899	0.035456	0.182126	0.033589	0.148875	0.091028	0.003978	0.213262	0.095298	-0.038915	-0.246250	0.173241	0.120278	-0.058224	-0.020604	-0.092165	-0.016470	0.063085	0.046663	0.102301	0.151827	-0.008235	-0.070817	0.008285	-0.073753	0.173596	-0.075557	-0.170289	0.159630	-0.005159	0.160455	-0.024544	-0.263939	0.005356	0.054391	0.112907	0.165023	0.098911	0.082954	-0.188960	-0.114425	0.039665	0.081778	0.123171	-0.062090	-0.009931	-0.085288	0.042131	-0.031654	-0.035825	-0.156334	0.096938	0.054544	0.065552	0.058253	0.059395	-0.174218	0.221181	-0.167000	0.088030	-0.138107	-0.021395	0.163134	0.019398	0.050311	-0.197725	0.032379	0.091938	-0.051491	0.122728	-0.127905
chr5:96273002-96281400	0.934056	0.593870	0.096347	0.157902	0.344025	-0.665393	0.158469	0.055630	0.004814	-0.088535	-0.008256	-0.082768	-0.284509	0.014389	-0.033071	0.121065	-0.165916	-0.150629	-0.107196	-0.055489	0.005713	-0.004049	0.239628	-0.145883	0.109103	0.005096	0.039872	-0.217148	0.152679	-0.134378	-0.040945	-0.019882	-0.178206	-0.015206	-0.032635	0.007628	-0.019262	0.069422	0.073092	0.051951	-0.225835	0.003116	0.022080	-0.103817	-0.219092	0.019521	-0.068060	0.103343	0.039498	-0.062293	-0.115474	-0.193340	-0.138335	0.118739	-0.079974	0.053687	-0.072094	0.117258	0.093775	0.156345	-0.337660	0.040234	-0.059328	-0.179437	0.133155	0.097402	0.101032	0.038837	0.134367	0.082634	0.009738	-0.004722	0.005034	0.143774	0.040304	0.025020	0.052425	0.153273	0.019854	0.205728	-0.077042	0.213051	0.127420	-0.106002	0.004076	-0.137198	-0.069443	0.140099	0.002532	-0.010289	0.006156	0.075397	-0.020794	0.083578	-0.049863	-0.020460	0.097357	-0.131297	-0.054450	-0.015853	-0.079205	0.070471	0.030981	0.080411	-0.067760	-0.002939	0.019441	0.032065	0.049623	-0.053101	0.073661	-0.020760	0.115181	-0.124881	-0.082963	0.114386	-0.119998	0.013952	-0.035343	-0.078218	0.105122	0.082472	0.073707	0.104217	-0.016598	-0.053363	-0.028993	0.023559
chr11:113845402-113846400	0.004191	0.528995	0.483384	0.014520	-0.153317	0.518654	0.222778	-0.113104	-0.174565	0.024137	-0.172035	0.066699	-0.068487	-0.272927	-0.182427	0.119084	0.105828	-0.196285	0.088981	0.199246	0.294247	-0.236899	-0.099156	0.004847	-0.085680	0.088463	-0.080810	-0.034087	0.183103	0.004377	0.020187	-0.048702	0.034586	0.028790	0.051695	0.178168	-0.097753	-0.112047	-0.046197	0.056495	0.217779	-0.052624	-0.176251	0.089437	0.014496	0.039621	-0.206024	0.053003	-0.121846	-0.131910	-0.025906	0.068974	0.087757	0.091078	0.315678	0.267035	0.048430	0.126398	-0.007492	0.073292	0.047446	0.000013	0.154650	-0.046611	0.097075	-0.026759	0.125511	-0.116658	-0.092665	-0.036652	-0.212520	-0.042988	-0.090207	-0.151755	-0.008234	0.011920	0.123284	-0.042685	-0.130554	-0.018144	0.010454	0.145509	-0.051345	-0.055614	-0.106960	0.083165	-0.146212	0.147192	-0.105944	0.086492	-0.080415	-0.149580	0.028330	-0.137818	0.168928	-0.004087	0.091280	0.028188	0.017967	0.107967	0.026399	-0.067227	0.066740	0.052008	0.074680	0.041722	-0.276072	-0.013565	-0.098206	0.084260	0.007944	-0.067645	-0.304579	0.059960	-0.040886	-0.028222	-0.073311	-0.025434	-0.164239	-0.073437	-0.000246	-0.014419	0.043980	-0.081617	-0.118362	0.027615	0.181848	-0.088876
chr1:98514539-98516539	0.379158	0.103256	0.103557	0.108258	-0.097305	0.015635	-0.141134	-0.152447	-0.192539	-0.151242	-0.238162	0.109062	-0.032079	0.077762	0.052318	0.023333	-0.080800	-0.084436	-0.124926	-0.033023	0.091232	0.100619	-0.084877	-0.124069	0.167831	-0.023713	-0.023398	0.237326	0.042346	-0.111734	-0.027997	-0.064493	0.000288	-0.017955	-0.036640	0.177709	-0.070522	-0.082600	-0.166592	-0.054778	-0.012701	0.019244	-0.093453	0.237312	-0.236203	-0.031452	0.030181	0.016200	0.020100	0.044147	-0.124967	0.101877	0.007576	-0.004392	-0.059491	-0.161938	-0.011854	-0.104133	0.168549	-0.071418	0.084332	-0.290390	0.020454	-0.028171	-0.058284	0.035695	-0.021288	0.027257	0.027651	-0.000198	0.120449	-0.048036	0.093932	0.027260	-0.029750	0.099092	0.092649	-0.087436	-0.013214	-0.112925	0.069416	-0.108247	-0.110564	0.079447	0.070463	0.015063	0.015013	-0.073702	-0.094046	0.003139	0.088839	-0.119591	0.300210	-0.094111	-0.034279	-0.029177	0.023807	0.138104	-0.137620	-0.125195	-0.030115	-0.012901	-0.066035	0.152908	0.086450	-0.057027	0.135161	0.089445	-0.092127	-0.022680	0.105033	0.141342	0.041697	-0.024096	0.051362	0.024213	0.054897	-0.122450	0.060922	0.040640	0.099955	-0.027698	-0.089350	0.013477	0.047846	-0.055277	0.056668	0.009406
chr22:29195757-29197757	0.471827	0.238690	-0.025478	0.168696	-0.197872	0.148389	-0.018286	0.026296	-0.008807	0.433252	-0.064477	0.249754	-0.028965	-0.356093	0.073721	-0.314428	-0.204957	-0.139009	-0.073076	0.147253	-0.136189	0.040435	0.156216	0.261767	-0.347670	0.187859	0.237707	-0.032947	-0.141827	0.148134	-0.111494	0.172432	-0.056115	0.076825	0.035994	-0.101490	-0.007995	0.089558	0.109267	0.384164	-0.107609	0.063417	0.008263	0.010013	-0.056356	-0.054439	-0.165752	0.012957	0.135876	0.005250	-0.110325	0.087988	0.114105	-0.007311	-0.003109	0.118836	-0.206227	0.015893	0.025730	-0.183707	0.109233	-0.207990	0.019285	-0.036998	-0.007617	-0.032161	0.061872	-0.066904	-0.036753	-0.036711	0.034434	-0.114590	-0.105423	0.034115	0.254473	-0.127911	-0.041106	0.115367	0.052972	-0.017149	-0.141602	-0.077023	-0.035203	0.041142	0.051215	0.071877	0.253788	0.008560	-0.089922	-0.122597	0.115782	0.105200	0.081062	-0.118807	-0.009806	-0.180623	0.031048	-0.020952	-0.152919	0.049368	-0.069140	0.024857	0.004497	-0.072297	0.053929	0.095858	0.065117	0.002155	0.081473	-0.034430	-0.010498	0.078487	-0.008296	-0.030048	0.102823	-0.115457	-0.143241	0.059148	-0.043702	0.048317	0.011973	0.171359	-0.016086	0.096627	0.083468	-0.058844	0.049714	-0.106446
chr12:2339802-2367400	0.707705	-0.195252	-0.177957	0.113517	0.063980	-0.091829	-0.116269	0.009148	-0.015391	0.191344	0.170731	-0.080976	0.000568	0.042609	0.228697	-0.144361	0.179608	-0.102392	-0.097841	-0.081519	-0.140474	0.048335	-0.154073	-0.049896	0.055104	-0.220631	0.004717	-0.217789	-0.040421	0.031258	0.235834	-0.088875	-0.329306	-0.090530	0.074160	-0.109585	-0.017421	0.074138	0.139135	-0.018933	0.023553	0.106260	-0.101222	-0.087395	0.104194	-0.035196	0.069293	-0.105868	0.076425	0.154772	-0.109749	0.108844	-0.022318	-0.100323	-0.068688	-0.022170	-0.010607	-0.066921	-0.128002	0.024102	-0.010255	-0.029351	-0.001139	0.027675	-0.056354	0.266237	-0.006650	-0.032514	0.084939	0.030007	0.000251	-0.042780	-0.070071	-0.002891	0.093667	-0.172696	-0.054013	-0.076587	-0.100917	0.028400	-0.200989	0.105965	-0.064405	0.221190	-0.042741	-0.009973	0.080302	0.049148	-0.026823	0.123973	-0.145367	0.122935	0.141787	-0.103540	-0.062454	0.184810	-0.048800	0.030753	-0.044184	0.106707	0.052391	-0.012938	-0.076138	-0.107863	-0.030017	-0.007330	0.181785	-0.079748	0.006809	0.019966	-0.047847	0.035338	0.121125	0.066406	-0.060516	0.039036	-0.017915	0.093730	-0.106575	-0.001216	-0.054074	0.039189	0.058801	-0.038042	-0.093287	0.036059	0.088533	0.047927
chr8:23081971-23083971	0.082376	-1.090858	-0.256038	-0.013538	0.052643	-0.050125	-0.186919	-0.083725	-0.003831	0.083022	-0.097378	-0.250315	0.011198	-0.052222	0.152233	-0.042761	0.045485	0.122494	-0.064449	0.110584	-0.021670	0.224265	0.044811	0.153112	0.108689	-0.200726	-0.086196	0.035761	-0.017706	0.282881	-0.057132	0.266549	-0.113953	-0.189236	-0.189034	-0.023743	0.063815	-0.113171	0.039177	-0.009893	0.010422	0.032163	-0.037482	0.055369	-0.190127	0.128436	-0.221441	0.081797	-0.056408	0.050093	0.115349	-0.031210	0.141832	0.105737	-0.199332	0.063722	0.010364	0.005733	0.168934	-0.076075	0.130010	0.154080	0.218462	-0.069575	0.048818	-0.010977	0.097647	0.132678	-0.040285	-0.121264	0.082408	0.194464	0.069296	0.096927	0.060327	0.014386	0.059247	0.004617	0.060424	0.023868	-0.020918	-0.077322	-0.111509	-0.050072	0.040174	0.032707	0.025047	0.086315	0.028789	0.142141	0.009872	0.018619	-0.210277	0.009384	0.160538	-0.010851	0.008045	-0.134013	0.137217	-0.005574	0.063407	-0.088135	-0.076285	0.136773	0.032697	0.049626	-0.007221	0.026737	-0.126169	0.147960	-0.122292	-0.025736	-0.034168	0.149701	0.001438	-0.151460	-0.076600	0.017163	0.062614	0.080208	0.082065	0.095528	-0.061012	-0.119677	-0.002925	-0.185725	-0.015799	-0.084297
chr17:71006202-71007000	-0.517101	0.568840	0.327810	-0.086155	0.147887	0.248831	-0.046427	0.167231	-0.005115	0.122555	0.078046	0.153992	-0.104555	0.141013	-0.241979	0.201310	0.167499	-0.019583	0.239668	0.045146	-0.163164	0.128786	-0.075736	0.026833	0.201881	-0.057221	0.287712	-0.100823	0.334122	-0.180696	-0.092827	-0.018863	-0.081971	-0.158933	-0.034116	-0.076265	-0.045660	0.095495	0.075873	0.197439	-0.044012	-0.152366	-0.154283	-0.146050	-0.258980	0.075036	0.158974	0.092800	-0.123154	0.091780	0.012082	-0.073227	0.196017	-0.006409	-0.049426	-0.031494	-0.231933	-0.094941	0.131992	0.026019	0.038026	0.112345	0.080463	0.110930	0.046359	0.028077	-0.072738	0.039807	0.247255	0.069082	-0.032514	-0.201500	0.059059	-0.047817	-0.165966	0.022462	-0.016107	0.278451	-0.073882	0.001596	-0.134987	-0.253251	0.183656	0.121142	0.000629	0.269084	-0.030743	-0.131757	0.025233	-0.022422	-0.205733	0.041158	-0.112977	0.138970	-0.021426	-0.079091	0.112159	-0.154087	0.262803	0.059374	0.135053	0.133481	0.117449	-0.001846	0.006552	0.045360	0.071104	0.001972	0.042008	0.030999	-0.126632	0.198941	0.079899	0.064244	0.021522	-0.152710	-0.052571	0.049209	0.315252	0.042971	-0.018601	-0.157763	0.142522	-0.040935	0.173500	-0.108170	-0.071254	-0.021650
chr17:71011473-71013473	0.122824	-0.209116	0.003466	-0.094716	0.104220	-0.133237	0.350569	0.070979	-0.022698	-0.005750	-0.164896	0.055363	0.117570	0.235300	0.222887	-0.199700	0.118695	-0.130342	-0.095846	0.056855	0.070441	-0.085558	0.001424	-0.060344	0.150782	-0.068733	0.195562	-0.009863	-0.136977	0.190893	-0.101626	0.057743	0.010782	0.080889	-0.077183	-0.203710	0.014489	-0.196027	-0.141344	0.070625	0.143115	-0.119925	0.056614	-0.247350	0.122451	0.082540	-0.000664	0.211221	0.067222	-0.027900	-0.153063	-0.068030	-0.047348	0.089943	0.090299	0.106775	0.071277	-0.130179	0.130217	0.072532	-0.135712	0.099722	-0.144201	0.191249	0.029256	0.048146	-0.013055	-0.012788	0.063650	-0.227874	-0.007688	-0.113076	0.000072	-0.053358	-0.106753	0.003711	0.050840	-0.062456	-0.019796	0.010873	-0.110948	0.070078	0.110688	0.010894	-0.186723	-0.007423	-0.077045	-0.012354	-0.017455	-0.146595	-0.009133	-0.155483	0.243986	0.118614	-0.009385	0.153515	-0.017304	-0.059359	-0.020008	0.072971	-0.125100	0.171286	0.134431	0.086891	0.247298	0.080764	-0.107395	0.111308	-0.158843	-0.108447	-0.045873	-0.082422	0.039635	0.013179	0.007648	0.046307	0.084977	-0.198225	0.020371	-0.003486	-0.068419	-0.054226	-0.023851	-0.103659	0.118247	0.051727	-0.053749	-0.042142
chr19:30295402-30298800	0.660504	0.529813	-0.443799	0.058717	0.207294	-0.122940	-0.031521	0.137820	0.071692	-0.041111	0.056830	-0.074143	-0.035222	-0.012070	0.010134	-0.017154	0.132258	0.087937	0.008753	0.012399	-0.179045	-0.122796	0.137867	0.133217	-0.116192	0.108036	0.102295	-0.003707	0.080479	0.018718	0.005529	-0.001258	-0.054314	-0.154505	-0.080795	-0.102009	-0.016743	0.157962	-0.056039	-0.153843	0.232822	0.015713	0.095853	-0.053408	0.121225	-0.005494	0.013548	-0.049335	0.035629	0.072175	-0.050353	0.241749	-0.126318	0.157416	0.045941	-0.120565	0.179808	0.037849	-0.015216	-0.023414	-0.118364	-0.115819	-0.014715	0.109040	-0.042580	0.085372	0.054036	0.032042	-0.139833	0.015616	-0.163245	0.056452	-0.005004	-0.231972	0.063226	-0.177822	0.127975	0.130310	0.052578	-0.084872	-0.198243	-0.028868	-0.051643	0.002925	-0.022276	-0.035082	0.010118	-0.112989	0.047419	0.107841	0.257049	0.011427	0.098824	-0.104903	-0.132997	0.048555	-0.211775	0.079432	-0.044503	-0.090170	0.184500	-0.048250	-0.015412	-0.063538	-0.037415	-0.103286	-0.023872	-0.083992	0.044397	0.064511	0.031978	0.035983	-0.018999	0.095914	0.164509	0.085999	-0.098195	-0.180342	0.037590	-0.118055	-0.004007	0.133774	-0.039296	-0.050258	-0.012689	-0.086691	-0.073423	0.194820
chrX:107711402-107712600	-0.428238	-0.197769	-0.322730	-0.191547	-0.105197	0.176941	-0.099161	-0.277764	-0.139474	-0.084040	0.186091	0.100447	0.026763	0.206271	0.122007	0.184221	0.144934	0.006117	-0.197628	-0.152378	-0.160914	-0.120269	-0.046464	-0.423754	0.166891	0.114267	-0.164885	-0.005614	-0.060042	0.012229	-0.063946	0.038121	0.111701	0.190574	0.102319	-0.207770	-0.210615	0.007325	0.012849	0.068166	0.046328	-0.037200	-0.013948	0.060240	0.067264	0.081779	0.073073	-0.065041	0.025731	-0.156942	0.195643	0.102804	-0.087098	-0.072578	-0.003492	0.077713	-0.115983	0.123127	0.034105	-0.180064	-0.143088	0.181486	0.213023	-0.176577	0.206141	0.134036	0.042649	0.035247	-0.048777	-0.031242	0.074697	0.221895	0.033535	0.151647	0.264110	0.024115	-0.081318	0.105467	-0.013409	0.013212	-0.011412	-0.242406	-0.006204	-0.177067	-0.043922	-0.156339	0.100301	-0.131923	0.199195	-0.031057	0.071111	-0.095136	0.024763	-0.039169	0.047341	-0.044147	0.103307	-0.111187	0.129072	0.170674	0.032663	-0.165087	-0.051615	0.094933	-0.059287	0.004819	-0.062489	-0.054542	-0.011562	0.052687	-0.193608	-0.057473	-0.037078	0.080405	-0.075633	0.083704	0.029558	0.135781	-0.052479	-0.059609	-0.375901	-0.040768	-0.003310	0.057537	-0.091689	-0.113226	-0.036701	0.110864
chrX:8640202-8640600	-3.023048	-0.733707	0.327280	-0.568960	-0.391696	0.046286	0.200000	0.080694	-0.202756	-0.279598	0.031688	-0.117880	-0.005353	-0.294837	0.073560	0.478169	0.067624	-0.125227	-0.088580	-0.074144	-0.187097	0.084173	0.282152	-0.044929	-0.088606	0.043730	0.137572	-0.012030	-0.251155	0.022048	-0.073245	0.141722	0.182889	-0.128171	-0.057342	-0.021725	0.043967	0.260729	0.178187	0.229606	-0.195636	-0.112691	-0.121977	-0.029252	-0.140177	0.023139	0.102851	-0.066408	0.048375	-0.023319	-0.245302	-0.109687	0.015598	-0.244896	-0.304278	-0.116140	0.149688	-0.034783	-0.083605	-0.033620	-0.171716	0.022955	0.144725	-0.299104	0.038287	-0.056670	-0.167904	0.102016	-0.091315	0.195868	0.221464	-0.093298	-0.000437	0.278087	-0.096504	-0.058221	-0.101184	-0.062350	0.062434	0.017089	0.115181	0.069002	0.170119	0.175638	0.011611	0.203378	-0.217742	0.164059	-0.112395	-0.146656	0.034731	-0.035493	0.019136	0.147216	0.142670	0.184303	0.083457	0.012839	0.081312	0.108546	0.004240	0.047436	0.029743	0.000629	0.063374	0.154494	-0.048325	-0.131798	0.086309	0.030263	-0.105204	-0.087310	0.040366	0.053872	-0.011083	0.130440	0.062659	-0.037072	0.331252	0.069638	0.022852	-0.044058	0.092622	-0.204707	-0.003934	0.019506	-0.090869	-0.193074
chr6:151193402-151207200	0.972358	0.051846	0.435507	0.208663	-0.339324	-0.037860	0.305320	-0.096516	-0.239349	-0.144927	-0.197352	-0.072626	0.109530	-0.012956	0.053958	-0.099928	-0.037765	-0.067620	-0.184553	0.008422	0.240188	-0.003385	-0.077874	-0.000482	0.020042	-0.109284	-0.279019	0.012957	0.123476	0.170969	0.150810	-0.156091	-0.120661	-0.011104	-0.052326	-0.037941	0.131721	0.038426	-0.036640	-0.000151	0.098552	-0.000536	0.144198	-0.049221	0.171185	0.095752	-0.056205	0.055431	0.122711	0.059177	-0.059432	-0.077971	0.032140	0.032970	0.125408	0.073295	0.039978	-0.083283	-0.001094	0.126441	-0.004159	0.028615	0.051825	-0.053589	0.054257	-0.041113	0.156388	-0.107113	0.078694	0.071113	0.104291	-0.202440	-0.092965	0.066008	0.132690	0.057433	-0.034744	0.054340	0.069297	0.211269	0.099293	0.056159	0.030243	0.085905	0.249937	-0.012376	-0.014057	-0.079079	-0.054729	-0.065355	-0.021444	0.122652	-0.113863	0.003913	0.024051	-0.109314	0.024121	0.082653	-0.133825	-0.248961	-0.063474	0.056860	0.030693	-0.006554	-0.116826	0.035342	0.004105	0.100147	0.142356	-0.001860	-0.043113	0.032786	-0.212711	0.061646	-0.088522	0.106411	-0.110793	0.156654	0.077414	0.068371	0.056300	-0.008270	0.148526	-0.019286	0.112880	0.033509	0.145193	-0.158942
chr10:90986602-91006000	0.769491	-0.360055	-0.030266	-0.028471	-0.065936	-0.121293	-0.137614	0.041792	-0.108064	0.150306	-0.113810	-0.193347	0.063727	0.136722	0.052608	0.022188	0.071727	-0.073414	0.099498	-0.036260	-0.014555	-0.083332	-0.064242	0.159401	0.041635	-0.027717	0.088330	-0.155049	-0.011341	-0.068157	-0.165076	-0.057928	-0.001919	-0.163499	0.119438	-0.130267	0.124927	0.013833	0.004044	0.074715	0.167863	0.030099	-0.035055	-0.008775	-0.025233	0.119289	-0.004191	0.017130	-0.131649	0.042745	-0.061348	-0.004268	0.062489	-0.105046	0.097848	0.132916	-0.114901	0.101743	-0.086163	0.009702	-0.123311	-0.115994	-0.021614	0.033311	-0.133165	-0.055643	0.047306	0.057882	-0.069073	-0.003838	-0.035890	-0.091987	0.099857	0.074527	0.042072	0.248249	0.069039	-0.023415	-0.112830	0.029984	-0.095800	0.000464	-0.058765	-0.174215	0.056101	-0.054961	0.213890	0.016282	-0.044975	0.002782	0.075030	0.172089	0.006520	-0.117064	-0.129590	0.133329	-0.156163	0.087738	0.000333	-0.024762	-0.004823	0.288826	-0.031178	-0.072653	-0.106653	0.016497	-0.011353	0.123016	0.011276	0.090058	-0.016226	-0.159553	0.107579	-0.021527	-0.056507	-0.047368	-0.079250	0.069253	-0.058439	-0.015038	-0.035776	-0.310410	0.018364	0.189255	0.047539	0.012592	-0.057622	-0.128766
chr4:101083002-101083200	-3.995365	-0.228238	0.148303	-0.681062	-0.401140	0.098164	0.227755	-0.043814	0.061040	-0.087629	0.032007	-0.032820	0.111764	-0.142277	0.051848	0.046494	0.086347	-0.026086	0.136426	-0.241273	-0.042774	0.004058	-0.036865	0.168844	-0.223359	0.099830	-0.036716	-0.031672	0.075336	0.438722	0.027444	0.020044	0.256538	0.029441	0.125612	0.025346	-0.260576	0.088618	-0.018180	0.033574	0.230116	0.110191	-0.112771	-0.272684	0.111558	0.005277	0.045788	0.002092	-0.060056	0.187394	-0.370666	-0.069968	-0.310489	-0.195479	-0.106549	-0.083423	-0.122723	0.208576	-0.026101	-0.024676	0.156996	0.037598	0.042747	-0.033947	0.289246	0.212893	-0.289983	-0.232237	-0.018593	0.489152	0.021775	0.001435	0.277656	0.029058	-0.055607	0.031872	0.096059	0.200904	-0.123618	0.331108	-0.079970	0.136111	-0.030907	-0.052675	-0.160401	-0.114967	0.038292	0.107869	-0.007980	-0.068588	-0.014435	0.155145	0.140929	-0.101534	0.158118	-0.254854	0.030064	0.167147	-0.119045	-0.024426	0.002776	-0.264463	0.072494	0.089818	0.028488	-0.116390	-0.109311	-0.061368	0.190588	-0.081729	0.032723	-0.041274	0.031778	-0.074193	-0.059771	0.091023	-0.114920	-0.016293	-0.043247	0.120468	0.261892	0.059991	0.005657	0.202841	-0.080710	-0.085974	-0.128664	0.233867
chr6:167395002-167395200	-4.046801	-0.005190	0.187926	-0.608397	-0.297045	-0.339860	0.134627	-0.277538	-0.082927	-0.097783	0.029847	0.085904	0.058272	-0.052522	0.547295	-0.116446	0.148609	0.184070	0.117102	0.279522	0.089002	-0.049838	0.012936	-0.079209	0.040820	-0.031312	0.328600	-0.179146	0.094873	-0.150954	0.098398	-0.217151	0.041237	-0.027483	0.094557	0.215476	0.142423	-0.132531	-0.037569	0.124637	0.269194	-0.062487	0.259195	0.240256	0.247548	-0.004732	-0.142503	0.020420	-0.154060	-0.223215	0.056502	-0.074268	0.156789	-0.058489	0.355380	-0.025138	-0.106952	0.237232	0.333972	0.165924	-0.041553	0.038683	0.063575	-0.269980	0.096524	0.037767	-0.114080	0.064847	-0.386013	0.031721	-0.136072	-0.002318	0.129327	0.348632	0.049513	-0.002320	-0.050599	0.156602	-0.049090	-0.062673	-0.163217	-0.018272	0.153932	-0.118792	-0.024594	0.001234	-0.006251	0.155177	0.034918	-0.084012	0.108782	0.073063	0.137741	-0.233503	-0.219404	0.034403	-0.051736	0.169588	0.219240	-0.028926	0.049283	0.271966	0.198493	-0.041010	0.115369	0.032078	-0.156480	-0.089539	0.006951	0.078536	0.180920	0.069110	0.090219	0.050950	0.059709	0.095240	-0.042942	0.011549	0.017447	-0.093436	-0.080903	0.071313	0.158358	0.050305	-0.001101	-0.132816	0.154383	0.087427
chr17:15879602-15880800	-0.331722	0.582093	-0.259088	-0.124059	0.123646	0.224118	-0.200067	0.158658	0.121809	0.171975	0.000020	-0.079922	-0.330939	-0.124259	0.092249	0.024416	0.314895	0.062047	-0.012409	-0.112187	0.115365	0.148615	0.078872	-0.080229	-0.032632	-0.231171	0.057721	-0.028359	-0.174332	-0.088167	0.275551	0.383868	0.052170	0.065220	-0.015471	-0.156699	-0.079430	-0.114829	0.333276	0.041618	0.063225	0.159200	0.005811	0.000805	-0.280340	-0.051802	-0.140988	0.180674	0.024522	0.126935	-0.222008	0.107782	-0.060299	0.115231	-0.034486	-0.005888	0.244652	-0.028730	-0.018412	-0.107788	0.022924	0.261428	-0.100979	-0.168339	-0.152523	0.074039	-0.141873	0.155310	0.030005	0.030917	-0.204263	0.254789	-0.029845	0.080209	-0.344530	-0.027250	-0.379492	-0.012313	-0.049199	-0.090140	-0.252839	0.030870	0.023991	-0.234466	0.056905	0.040928	-0.109166	0.058991	0.091346	-0.132019	0.159930	-0.025790	0.011984	-0.030708	-0.175099	-0.177535	0.082703	0.056781	-0.035680	-0.089399	-0.144774	0.171279	0.031808	0.043775	0.057687	0.088349	0.161993	-0.070525	0.039964	-0.024651	-0.040709	0.096730	-0.134143	-0.099202	0.185012	0.020223	0.177643	0.113123	0.014009	-0.088354	-0.035292	-0.028851	0.208153	-0.002474	-0.070299	-0.036911	-0.110864	-0.111669
chr3:15599802-15600000	-4.071668	-0.058713	0.523535	-0.694819	0.100939	-0.083194	0.122317	-0.035046	-0.175957	-0.120108	0.053365	-0.012305	-0.147767	0.099815	-0.230155	-0.283107	0.031713	0.051739	-0.125301	-0.096602	0.036876	-0.196226	-0.207041	0.186337	0.054354	0.183843	0.224206	-0.072160	-0.026887	0.113943	0.175118	-0.143374	-0.232465	0.018552	0.120848	0.384929	-0.173490	0.053291	-0.241045	0.064824	0.202819	0.066200	0.068938	-0.231891	-0.005367	0.264374	-0.091942	0.156556	0.217169	-0.212721	-0.106369	0.157027	0.282356	0.228355	0.022769	-0.111678	-0.012931	0.026276	-0.106195	0.078935	0.178775	0.000792	-0.145215	0.224651	-0.052043	-0.230562	0.103729	-0.086655	-0.214557	0.342922	0.017976	0.169553	0.172124	0.143606	-0.402818	0.184058	-0.054370	0.015912	-0.168020	0.266809	0.314198	-0.281406	-0.026558	-0.122230	0.350841	-0.200075	-0.103922	0.097681	-0.082890	-0.015309	0.190744	0.152887	-0.056396	-0.062811	-0.016643	-0.028655	-0.079478	0.125830	0.053911	0.113115	-0.107730	0.004187	-0.411802	0.068449	-0.066884	-0.161638	-0.129084	0.106392	0.057959	-0.063472	-0.201489	0.053150	-0.021651	-0.031622	-0.013191	-0.257595	0.091571	-0.089877	0.061255	0.083535	-0.116550	-0.006726	0.130518	0.057343	-0.113590	-0.125240	0.064654	-0.007211
chrX:128374202-128374800	-1.881361	-0.319583	0.332470	-0.352226	0.414459	0.086071	0.421687	0.298699	-0.024902	0.161517	-0.079263	-0.059754	0.198796	0.033109	0.049598	0.012515	-0.000866	0.178271	-0.045716	0.153970	0.074553	-0.094669	0.016075	-0.083717	-0.130824	0.029210	-0.266285	0.006069	-0.015597	-0.034284	-0.119867	-0.036050	0.248603	0.137378	-0.201706	-0.129069	0.314384	-0.016960	-0.157414	0.007742	-0.054357	0.352160	-0.023143	-0.061311	0.080823	0.331257	-0.190862	0.187421	0.162076	0.116948	0.075891	-0.025110	-0.000346	0.113638	0.050712	0.272668	-0.135196	0.014056	-0.097493	-0.117367	-0.087987	0.023175	0.055518	0.057812	-0.015623	-0.179367	-0.059138	0.031217	-0.001302	-0.083010	-0.023785	-0.103784	0.121853	-0.042274	0.035851	-0.193543	0.096253	-0.015607	0.004017	-0.142182	0.168385	-0.139833	-0.047557	0.242549	0.069294	0.195384	-0.018481	-0.095429	0.021285	0.224132	0.156181	0.183474	-0.132897	0.014044	0.109456	-0.143401	-0.272842	0.179526	-0.047431	-0.234948	0.060553	-0.036561	0.081451	0.024576	0.023506	0.172054	-0.191699	-0.030176	0.144496	-0.138380	0.117723	0.029026	-0.018483	-0.104641	-0.087372	0.044620	-0.163859	0.075194	-0.156716	0.029231	-0.123939	0.031055	0.042692	-0.053271	0.003015	-0.122083	0.065620	-0.106726
chr16:84240602-84241000	-2.129277	1.123481	-0.212789	-0.322368	0.056177	-0.127484	0.057236	-0.051453	0.027282	0.200120	-0.227803	0.185940	0.034846	-0.050887	0.369860	-0.124373	0.234281	0.345781	-0.040483	-0.386819	0.259480	-0.097689	-0.046372	0.031042	-0.106387	-0.098946	-0.237921	-0.125067	-0.278499	0.057632	0.083736	-0.276476	0.073735	-0.122309	-0.118691	-0.214502	0.119869	0.229295	-0.387963	-0.198192	0.183870	-0.051780	-0.144005	-0.069098	-0.038505	-0.067527	0.327566	0.031692	-0.041903	0.119577	0.049365	0.043559	-0.229722	-0.158559	-0.282531	0.268235	0.342673	-0.068974	0.163641	0.007531	-0.188187	-0.376927	0.082737	-0.221776	-0.088633	0.089885	0.115520	-0.014573	-0.233447	0.068022	0.035039	0.051787	0.034623	-0.114714	-0.234639	-0.094336	-0.037296	-0.037578	0.166566	-0.078880	-0.172843	-0.120763	-0.040198	-0.028971	0.220790	-0.117343	-0.457896	0.167696	-0.008267	-0.291117	0.100574	0.096721	-0.038423	-0.154222	0.028824	-0.217085	-0.023769	-0.112540	0.055120	-0.031623	0.072478	0.021004	0.050742	-0.191865	0.107668	-0.089298	-0.230450	-0.156203	0.087609	0.018096	-0.005527	0.059429	-0.033926	-0.160555	0.038462	-0.171262	-0.106602	-0.114288	-0.189042	-0.078669	0.068595	0.078683	0.002097	0.011937	-0.069056	-0.105736	0.185319	-0.020429
chrX:105549002-105550400	-0.346267	-1.677425	0.371643	-0.270572	0.070871	0.241333	-0.157077	0.153751	-0.021853	-0.076547	0.111688	-0.099636	-0.086321	0.030673	-0.041417	0.004649	-0.050276	0.098607	0.140217	0.099559	0.199243	0.032115	-0.116113	-0.121359	-0.118131	0.094528	0.003528	0.055264	-0.011389	0.003398	-0.277628	-0.229902	-0.059144	-0.262439	-0.167235	-0.238054	-0.175427	0.093485	-0.107572	-0.048287	0.014394	0.077662	-0.177173	-0.032779	-0.034769	-0.369366	-0.155383	0.000520	0.044856	-0.126247	0.084348	0.143037	-0.019486	-0.035460	0.087158	0.003786	0.015644	-0.123178	0.061280	0.005840	0.000606	-0.111142	0.059038	-0.022114	0.056748	-0.016601	0.018067	0.141643	-0.006253	-0.074973	-0.229011	0.071676	-0.099997	0.035845	-0.180353	0.107500	0.029960	-0.045242	0.003822	0.000648	-0.033359	0.024262	-0.028162	-0.078097	0.049349	0.022471	0.049679	0.054986	-0.180521	0.176216	0.257657	-0.006901	0.189529	0.067924	0.130829	-0.020089	0.027417	-0.171340	-0.072819	0.036518	0.084387	-0.062065	-0.120699	0.098550	0.009002	-0.001822	0.094741	0.131420	0.048059	-0.010741	0.065528	-0.051792	-0.131076	0.093772	-0.016651	0.010176	-0.065510	-0.170694	0.093955	0.033524	-0.357413	-0.125160	-0.010612	-0.104466	0.052754	0.096456	0.205371	0.126889
chr11:2158202-2159200	-1.160891	0.697766	-1.194669	-0.114070	0.393833	0.186770	-0.221779	0.028939	-0.224179	0.161368	-0.332847	-0.102740	0.013317	0.216658	-0.055513	0.036607	-0.150073	0.217187	-0.204095	-0.249699	-0.062096	0.008751	0.171100	0.123356	0.137104	-0.029119	-0.108909	0.137803	0.013318	-0.146980	0.098231	-0.091003	0.074806	-0.072094	0.068021	0.209966	0.062194	-0.102703	0.105208	0.050405	-0.187088	0.294041	-0.105802	-0.173328	-0.037749	-0.171924	0.132058	0.103717	0.134632	0.057793	-0.044607	0.028872	-0.025231	-0.041157	0.214737	0.100245	0.091627	-0.059255	0.028053	-0.111740	0.050295	0.056930	0.027607	0.078504	-0.090117	0.052664	0.095947	0.116922	-0.015855	0.203635	-0.110116	-0.207802	0.078400	0.069187	0.075589	-0.159375	0.020549	-0.153408	0.126115	0.012804	0.019625	0.029071	-0.111358	0.117664	0.105247	0.126364	0.130640	-0.043348	0.284779	-0.014782	0.034904	-0.190092	0.077948	-0.054855	-0.065166	-0.169705	0.182113	0.078151	0.127521	-0.156548	0.112513	0.046903	-0.136657	0.121510	-0.040928	0.008037	-0.074254	0.052702	-0.163246	-0.154097	-0.032716	-0.114697	-0.011035	0.190704	-0.091739	0.011878	-0.051661	0.030156	-0.081279	-0.026955	0.021917	-0.028944	-0.086586	-0.010362	0.014800	-0.202862	0.234811	0.050429
chr11:16759202-16759800	-1.445233	-0.141014	0.373457	-0.203154	0.479457	0.273782	0.191469	0.186350	-0.062991	0.080274	0.048218	-0.082727	-0.156299	0.212579	-0.113608	-0.428845	0.169651	-0.046480	-0.132195	-0.280669	-0.070002	-0.073335	-0.077689	-0.036083	-0.216981	0.196233	-0.041158	0.028557	0.005068	-0.139522	-0.120324	-0.153331	-0.141397	0.219519	-0.043071	0.157772	0.210100	-0.118895	0.048437	0.051084	-0.059028	-0.092858	0.266104	-0.076744	-0.080683	-0.119758	0.031582	-0.084880	-0.004496	0.186002	0.028908	-0.056745	-0.091361	0.078175	-0.196985	-0.175946	0.056671	0.088059	0.142582	0.006648	0.034655	-0.200368	0.032163	0.180292	-0.328338	0.000332	-0.061821	0.265674	-0.064957	0.028447	0.010202	0.119300	0.128865	-0.115995	-0.007619	0.082136	0.070708	0.045269	0.159835	-0.074560	-0.063169	0.051200	-0.013516	0.081839	-0.023864	0.013560	-0.087643	0.037139	0.049204	-0.050332	0.029892	-0.100569	0.137523	0.193700	-0.116926	0.069580	0.028953	-0.191156	0.070008	0.098287	0.062944	-0.008030	-0.129142	-0.168457	-0.026981	0.002582	0.208683	0.012370	0.167632	0.028212	0.037650	0.162518	-0.013621	-0.041249	-0.039902	0.104040	-0.084450	0.093849	0.105359	0.004774	-0.009989	0.064037	-0.107793	0.024469	-0.151122	0.115675	-0.001071	0.008708
chrX:23575002-23575800	-1.138855	-1.079414	0.221247	-0.321945	0.329220	0.159260	0.208349	-0.121262	-0.161110	-0.228435	0.111294	0.024618	0.181735	0.485255	-0.112705	0.157416	0.249579	-0.076991	0.163431	-0.031129	0.034427	0.215953	-0.153431	0.028345	-0.221372	-0.074069	0.101269	-0.229697	-0.056876	-0.045076	0.066835	0.077136	-0.109544	0.301394	-0.276423	0.144477	-0.229719	0.029414	0.006221	-0.125133	-0.208573	-0.012439	0.028433	0.139948	0.050297	-0.077708	0.079821	0.283510	-0.157810	-0.179654	0.017297	-0.263519	-0.213101	0.163458	0.072793	0.060694	-0.245400	0.113841	0.176173	0.089423	0.027989	-0.024055	-0.032771	0.033013	-0.046926	-0.009880	-0.097173	0.007529	0.149701	-0.019750	-0.250470	0.063209	0.115381	-0.069426	0.040343	-0.045675	0.162204	-0.121236	0.075835	-0.089760	0.008981	0.291218	0.039756	0.028798	-0.044572	-0.192817	-0.038252	-0.116334	0.090962	-0.210680	0.064941	-0.047097	0.049018	-0.186988	0.115898	-0.009294	0.004321	-0.090423	-0.131171	-0.154265	0.010742	0.025072	0.042515	0.021491	0.020072	0.148116	-0.117730	-0.005181	0.038503	0.056002	0.001321	0.188883	-0.109519	0.064384	-0.080793	0.136303	-0.135629	-0.075234	-0.044334	0.030944	0.008469	-0.056577	-0.064441	0.089325	-0.006928	0.299243	0.103283	0.026811
chr3:138948982-138956382	0.533852	-0.187963	-0.577774	-0.053726	0.225289	0.277326	0.097045	0.172497	0.076941	-0.020320	0.176762	-0.183795	-0.115399	-0.275665	-0.032868	-0.001819	0.067314	0.044440	0.005123	-0.079093	-0.002949	0.112804	-0.067103	-0.297966	0.073655	0.015192	-0.055013	0.149684	0.217371	-0.035104	-0.169797	0.167689	-0.068903	0.042745	0.133122	0.140033	0.218009	0.258656	-0.085275	0.153930	0.008399	0.049782	0.130960	-0.140344	0.123913	-0.038024	-0.144257	0.002494	-0.032435	-0.188115	-0.128543	-0.098474	0.124591	0.007539	-0.246565	0.059816	0.023447	-0.237687	0.112486	-0.096109	0.112691	-0.114345	0.092623	-0.106700	0.138851	-0.057175	-0.122064	-0.037694	-0.196874	0.061122	0.131603	0.136522	-0.122502	0.057559	-0.073830	0.060258	-0.134452	0.100617	0.053145	-0.218866	0.077556	-0.047344	0.112490	0.032153	0.077352	-0.069079	0.055824	0.042502	0.017712	-0.073247	0.166796	0.314775	-0.133602	0.026566	-0.178827	0.036098	0.130595	0.029792	-0.012140	0.039826	0.049166	0.087324	-0.010028	0.059053	0.171763	-0.090904	0.028685	0.125131	-0.051101	-0.013345	-0.028529	-0.005411	0.155357	-0.044798	0.040754	-0.055964	0.067363	0.139526	-0.126996	0.017253	0.067032	0.005613	-0.004616	-0.038796	0.139901	-0.052725	0.091936	0.048122
chr3:138949278-138949493	-3.765106	0.680228	-0.087813	-0.393288	-0.029816	-0.134596	-0.054035	-0.062601	-0.050964	0.039207	0.132914	0.082592	-0.018920	0.051163	-0.223333	0.011764	-0.073722	0.020023	-0.080374	-0.098269	0.047242	-0.013393	-0.267589	0.003172	-0.406886	0.065096	-0.288512	0.006619	0.071350	0.152922	0.104351	-0.163115	-0.195221	-0.231178	0.375676	-0.423382	-0.140044	0.138383	-0.148824	0.056472	-0.410842	-0.366664	0.079285	-0.225285	0.208615	0.210695	-0.230747	0.053214	0.150065	-0.058373	-0.228169	-0.124671	-0.181856	-0.090128	0.134779	0.024328	0.262564	-0.281907	-0.042595	0.390635	0.029660	-0.255311	0.002622	0.084095	-0.305177	-0.003690	0.036182	-0.026795	-0.205997	-0.069350	0.029932	0.066765	-0.222085	-0.536611	0.083770	0.198979	-0.369955	0.101130	-0.016599	-0.081218	0.117925	0.212346	-0.020449	-0.003624	0.060933	-0.018710	0.265045	0.240939	0.033855	-0.014775	0.063863	0.015254	-0.023533	0.132794	-0.079859	-0.004742	0.095209	0.009592	0.221304	0.112510	-0.036985	-0.004996	-0.023450	-0.057638	0.094751	0.017924	0.075223	0.014983	-0.130811	0.031159	0.155667	0.065115	-0.090209	-0.016167	-0.023103	0.020985	-0.010045	0.040333	0.237544	-0.114133	0.129871	-0.013501	-0.037055	-0.050051	0.064345	-0.124284	-0.128111	-0.127821
chr3:138953065-138953195	-3.913598	0.991688	0.189292	-0.403165	-0.202674	0.309162	0.103328	0.285926	0.139383	0.517728	0.258561	-0.075522	-0.272702	0.152103	-0.086246	0.425818	-0.192966	-0.173830	0.057231	-0.123798	-0.128078	-0.050357	-0.399151	-0.165535	0.129413	-0.023803	0.100089	-0.135974	0.364911	-0.217697	-0.088138	0.140545	-0.076458	0.199545	-0.240950	0.140430	-0.267301	-0.168376	0.035892	0.086006	-0.123440	0.079329	0.202265	-0.220527	0.278217	-0.240636	0.082375	-0.171100	0.355531	0.004931	0.197500	-0.081930	0.257393	-0.004154	-0.008436	0.340574	-0.036821	-0.000127	0.278894	0.181047	-0.108372	-0.321794	-0.005088	0.025481	0.084961	0.293686	0.039296	0.068137	0.011348	0.100070	-0.233122	-0.108606	-0.420357	-0.103928	-0.106858	-0.181681	-0.050624	-0.067813	0.079167	0.226862	-0.385293	-0.167289	-0.238401	-0.061593	-0.069753	0.032499	-0.106401	0.206651	-0.075198	0.120984	-0.075566	-0.104397	0.058282	0.208670	-0.099819	0.074663	0.212295	0.107847	0.213260	-0.022035	0.044134	0.001759	0.018593	0.109954	-0.017245	0.038645	-0.063361	0.239044	0.093499	-0.001284	0.038588	-0.048057	0.099921	0.035904	-0.150280	0.030215	0.013512	0.093486	-0.097158	-0.092849	-0.126586	-0.065429	0.074102	-0.022168	0.004798	-0.156747	0.009154	0.007164
chr3:138953777-138953924	-4.586202	0.276825	0.701263	-0.599109	0.297901	-0.222904	-0.176176	0.184409	-0.012428	0.473014	-0.013864	0.261998	-0.401765	0.036880	-0.293138	-0.302677	-0.237731	0.484097	-0.146078	-0.237994	-0.117272	-0.222450	-0.182143	0.200412	-0.026220	-0.047812	-0.034011	-0.125807	0.006838	-0.133152	-0.115537	-0.301857	0.332656	-0.249621	0.049273	0.186904	0.141003	-0.184172	-0.043435	0.203108	-0.363719	-0.125898	-0.141687	-0.218121	0.146269	-0.063392	-0.261998	0.142446	-0.365656	0.142893	0.086821	-0.008252	0.130367	0.131479	0.173015	-0.065467	0.023982	0.311298	0.149109	0.079233	0.095580	-0.052436	-0.053019	0.199961	0.191888	-0.231235	-0.139268	-0.061806	-0.055877	-0.181537	-0.014429	0.144495	0.021250	-0.098182	0.140244	-0.071794	-0.066690	0.100337	0.003647	-0.153829	0.053264	-0.041324	0.086554	-0.282202	-0.211075	-0.009518	-0.030212	0.146168	-0.267749	0.054357	-0.095141	0.192598	0.219717	-0.109048	0.054236	-0.218001	0.038228	0.052072	-0.177382	0.254857	0.138775	-0.152704	0.004815	-0.136876	-0.154134	-0.116425	-0.008454	0.087340	-0.157932	-0.099913	-0.089931	-0.026330	0.374075	0.070342	-0.186051	0.295351	0.053485	-0.020808	-0.154677	0.146651	-0.053019	-0.184664	0.108060	0.045722	0.238742	0.035814	-0.154461	-0.129800
chr3:138952230-138952626	-2.562454	0.554487	0.155515	-0.241579	-0.114232	0.151933	0.154366	0.322415	-0.042570	0.298661	-0.298695	-0.162772	0.324174	-0.017080	0.226523	-0.140777	0.096661	-0.065116	-0.241849	-0.051160	0.323318	0.428721	-0.091995	0.018460	0.071193	0.043424	-0.025447	-0.273732	-0.065003	0.111676	-0.057028	0.081977	-0.147676	0.032970	0.070282	0.200019	0.148541	0.041142	0.071911	0.122127	-0.031915	-0.027892	0.167266	-0.073534	-0.094247	0.340061	0.099752	-0.003486	0.083745	0.014271	0.075379	0.219022	-0.125655	-0.002394	0.176061	-0.018311	0.236842	0.174051	-0.141483	-0.052468	0.014260	-0.023041	-0.207698	0.063918	-0.246640	-0.093107	0.255195	0.042320	-0.126808	-0.151401	0.175014	-0.002408	-0.140206	0.046609	0.199437	-0.246796	-0.007454	-0.106758	0.160892	0.039425	-0.127918	0.139816	-0.115708	0.065551	-0.219213	-0.135894	0.057546	-0.092925	0.007064	0.000327	0.278651	-0.009754	0.016319	-0.040513	-0.092453	0.123119	0.122680	-0.011026	-0.205235	0.019798	0.244812	0.144771	0.071104	0.112123	-0.158131	-0.097599	0.006318	0.150291	0.082787	0.096412	-0.076826	0.019973	-0.097537	0.050416	-0.084433	0.093089	-0.016831	0.057094	0.001438	-0.070179	0.052399	0.056484	-0.045370	-0.025337	-0.103740	0.191925	0.052691	-0.051229
chr3:138953406-138953701	-2.134568	1.032240	0.506941	-0.097220	-0.030160	0.581400	-0.144719	0.227777	0.216496	0.046274	-0.150356	0.307971	-0.098421	0.354135	0.103801	0.087479	0.080411	0.028562	-0.283686	0.109700	-0.131330	0.007816	-0.069387	-0.065272	-0.041960	0.283960	0.097097	-0.052942	-0.168187	0.146235	-0.042689	-0.276976	-0.124098	-0.094945	0.175732	0.305477	-0.058783	0.096348	0.164602	0.109096	-0.206003	0.078643	-0.200503	0.081110	-0.120005	-0.131368	-0.027632	0.190218	0.217555	0.260594	-0.085937	-0.129970	0.157403	0.052231	0.359079	-0.182240	0.149625	-0.425482	0.178566	-0.290470	-0.077426	0.096112	0.052575	0.050953	-0.022734	0.160824	-0.206132	0.017990	-0.099091	0.092997	0.086380	0.142431	-0.115237	-0.188959	0.025875	0.081938	-0.110167	-0.021023	-0.261475	-0.012824	0.142575	-0.129425	0.005182	-0.040918	0.167255	-0.068927	0.037122	0.146971	0.252434	0.145854	-0.143924	0.192700	-0.216316	-0.292050	0.086305	0.081191	0.230916	-0.148041	-0.266346	0.286961	-0.208568	-0.066794	-0.172910	-0.070219	-0.340923	-0.138049	-0.010947	0.051993	-0.104158	0.120903	-0.076957	-0.124066	-0.045191	-0.053167	-0.118192	-0.046118	0.027702	-0.083115	-0.086810	-0.161761	-0.117622	-0.064991	0.091217	-0.253193	0.034397	-0.092434	-0.076862	-0.112589
chr3:138955586-138955719	-4.456452	0.491166	-0.138627	-0.719257	0.102279	-0.358159	-0.080584	0.028355	-0.163156	0.029131	-0.025795	0.212406	0.024939	-0.164242	-0.163657	0.312208	0.326567	0.360277	-0.255927	0.101615	-0.347627	0.107523	-0.237017	-0.126656	-0.105415	0.041606	-0.303845	0.322660	-0.172425	-0.097167	0.130509	0.145007	0.217100	0.174150	-0.054704	-0.034224	0.000422	0.181702	-0.093220	0.011402	-0.243348	0.347666	0.122005	-0.078331	-0.622313	0.092664	0.117598	0.026907	0.244022	0.060877	0.257176	-0.006133	0.525545	-0.357572	-0.110817	-0.186323	-0.193053	0.319357	-0.086640	-0.089844	0.103544	0.042111	0.516313	-0.097201	-0.039505	0.324082	-0.078382	-0.153029	-0.104338	-0.017865	-0.005846	0.098134	0.059717	0.006379	-0.199130	0.068869	-0.092324	-0.021096	0.035759	0.008542	0.097003	0.193932	0.009860	0.093891	0.081594	-0.000985	-0.003261	-0.012190	-0.175589	-0.007743	0.150533	0.112782	-0.336743	0.014545	-0.184498	0.011812	-0.247351	-0.136910	0.168094	-0.260746	0.075805	-0.093206	-0.006273	-0.064936	-0.220895	0.116699	0.119616	0.064454	0.022959	0.048202	0.055679	0.010202	-0.148362	-0.026593	-0.015086	-0.153877	-0.094688	0.106132	-0.002752	-0.110339	-0.032101	-0.164564	-0.066529	-0.027047	0.029718	0.051787	-0.103103	0.163900
chr3:138949637-138949735	-5.306947	-0.075755	-0.449477	-0.906753	-0.027023	0.027806	0.106759	-0.261461	-0.129832	-0.202463	0.152616	-0.220379	-0.177663	-0.076616	0.255010	0.199373	0.150571	0.275570	-0.410925	0.056967	0.110935	-0.322760	-0.285830	0.363525	0.250672	-0.044883	-0.317145	-0.038024	0.569883	-0.135330	0.276926	0.297799	-0.045002	0.036327	-0.158534	0.094222	-0.262155	-0.166151	0.164013	0.047079	-0.163280	-0.206141	0.039544	-0.022027	0.024559	-0.015435	0.153035	-0.200124	-0.233349	0.121283	-0.426835	0.098489	-0.167692	-0.069728	-0.084891	0.315678	-0.098493	-0.318285	0.067919	0.023592	-0.229827	-0.033616	-0.163896	0.084939	0.140785	0.209185	0.310486	0.382798	-0.102935	0.086889	-0.021883	-0.102519	0.022294	0.140966	-0.155985	-0.313341	0.085831	-0.119061	-0.076539	-0.095077	0.010026	0.120802	0.243255	-0.064025	0.189781	-0.061394	0.032798	0.165499	0.179820	-0.094420	-0.060149	0.094481	-0.036206	0.060194	0.188701	0.076086	-0.313434	-0.058966	-0.059211	0.021144	0.140546	0.082701	-0.075798	0.065516	0.018478	0.068991	-0.107234	0.062378	-0.038201	-0.096745	-0.058865	-0.070823	-0.004213	0.055247	0.109268	-0.024334	-0.086410	0.087640	-0.022775	0.063304	0.064111	-0.087007	0.230054	0.101982	0.109053	-0.004792	-0.269463	0.098052
chr3:138956092-138956195	-4.749573	0.758489	0.250687	-0.903988	0.092910	-0.275673	0.149908	0.174905	-0.011027	0.190753	0.037330	-0.315000	0.103780	-0.140418	-0.324043	-0.095035	-0.307259	0.060367	0.556450	0.111416	-0.160360	0.035566	-0.513256	-0.019175	-0.008958	0.033897	-0.201560	0.298700	-0.014050	-0.206557	0.296605	0.057336	-0.531738	-0.119528	-0.040463	0.162929	-0.005975	0.394449	-0.099424	0.087970	0.071382	0.183242	-0.025703	0.195466	0.228155	0.013308	-0.052841	0.255716	-0.430938	-0.197687	0.026234	0.101983	0.040507	-0.018385	0.099374	-0.071680	-0.308288	0.080251	-0.241868	0.046262	0.020859	0.117584	0.088196	-0.202724	0.187101	0.051106	-0.001761	-0.065910	0.515912	0.391801	-0.111778	0.167128	-0.039633	0.082189	0.112727	0.225552	-0.079983	-0.063399	0.027812	0.057665	0.129409	-0.091536	-0.097298	-0.158865	0.051291	-0.015299	-0.043720	-0.009135	0.081347	0.186265	-0.073244	0.027740	-0.101448	0.235517	0.030226	-0.190760	-0.300308	-0.104111	-0.250456	0.212704	0.078926	0.371459	-0.000502	-0.073103	-0.054142	0.227244	0.206661	-0.085379	0.022213	0.066195	0.006373	-0.032884	-0.182894	-0.048997	-0.094074	-0.023313	0.127409	-0.034154	0.141754	-0.004477	-0.040460	0.162067	-0.023363	0.059965	0.092694	-0.032003	-0.033128	-0.073804
chr3:140436096-140436391	-2.053840	0.651634	0.498419	-0.240240	-0.036477	0.212918	-0.320567	-0.064363	0.207042	-0.059415	-0.103663	0.040647	-0.088971	0.117105	0.437702	-0.094013	0.013468	0.174174	0.098085	-0.200772	-0.212941	0.286237	-0.047425	-0.118670	-0.027565	-0.065525	0.184969	-0.062341	0.252902	0.069760	0.205991	0.111072	-0.145534	0.168963	-0.246898	0.126695	0.019012	-0.040545	0.018817	0.173665	-0.072585	0.258438	-0.071519	0.128235	0.164725	0.321737	-0.351166	-0.238367	0.031521	-0.092989	0.167008	-0.004427	-0.022437	-0.076475	-0.208157	0.159213	0.335392	0.240637	0.370162	-0.236179	0.099449	0.189595	0.060813	-0.105330	0.070313	0.032011	0.052078	-0.192419	0.174358	-0.060669	-0.050485	0.007991	0.012452	-0.129455	0.177902	-0.172246	0.215837	-0.038779	-0.116496	-0.172975	-0.012203	0.084636	-0.006997	-0.138894	-0.212590	0.042810	-0.091636	0.034486	0.007816	-0.077903	-0.035571	-0.003282	0.053699	0.050099	-0.042914	0.211929	0.229949	-0.168145	0.056722	-0.021663	0.038485	-0.121260	-0.342621	-0.022466	-0.173059	0.037887	-0.045500	-0.144863	0.001302	-0.087338	0.202232	-0.230684	-0.035796	0.161709	0.059320	0.119542	-0.017222	0.194116	0.077835	0.198722	-0.180484	0.028600	-0.047960	-0.071877	-0.092286	0.049584	-0.116801	-0.016051
chr3:140432327-140432425	-4.925793	-0.311333	0.386185	-1.116634	0.486969	-0.022759	0.117994	0.108074	0.206364	0.008610	0.569624	0.065514	0.385481	-0.119286	-0.086800	-0.089333	-0.052472	-0.434718	-0.041036	0.088171	-0.102986	0.013096	0.335491	-0.082270	-0.104827	0.439947	0.081003	-0.207524	0.057183	0.051265	0.301361	0.063295	0.090958	0.052613	-0.025664	-0.252600	0.164441	0.034607	0.196449	0.032596	0.085103	-0.193098	0.454215	-0.174038	-0.124969	0.227394	-0.317355	-0.005908	0.329323	0.217161	0.124580	-0.028763	0.125081	-0.058124	-0.221153	0.202902	-0.194297	0.031566	-0.143493	0.083828	0.005528	-0.257366	-0.030965	-0.029957	0.175327	-0.014970	0.041852	-0.124021	0.207289	0.001396	0.173848	0.131190	0.040238	-0.294373	-0.127401	-0.064512	0.107172	-0.272571	0.170616	-0.176047	-0.172032	-0.106097	0.007436	-0.215145	0.061392	-0.163199	0.061124	0.089898	-0.196679	0.189845	-0.152293	-0.021149	0.230573	-0.054382	-0.116712	-0.153147	0.051680	0.031200	0.110626	-0.060398	-0.105525	-0.037882	-0.080050	0.037942	0.000018	-0.196831	-0.139859	-0.210594	0.018925	-0.024295	0.061723	-0.118050	0.037590	-0.049370	-0.127380	0.127963	0.115760	0.083013	0.070679	0.007761	0.094611	-0.094674	0.003324	-0.076027	0.082023	0.037027	-0.063082	-0.002789
chr3:140438276-140438409	-4.805224	-0.250311	0.011040	-0.943874	-0.123460	-0.405672	-0.064663	-0.116643	-0.083826	-0.101117	0.399051	-0.083369	0.163703	0.043172	-0.155636	-0.090628	0.329506	-0.149145	-0.258821	0.009360	0.097844	0.007155	0.207764	-0.127158	-0.302707	-0.130431	0.113978	-0.314196	0.126872	0.237481	-0.033444	-0.053583	0.072022	0.259147	-0.159911	0.212338	0.028955	-0.066514	-0.054024	-0.029271	-0.083510	0.375437	-0.079178	0.144101	-0.390943	-0.050631	-0.150816	0.091246	0.097737	-0.180140	-0.231491	0.284387	0.215025	-0.057848	0.061231	-0.045433	0.000300	-0.337214	-0.074637	0.296382	-0.190360	-0.009632	-0.053794	0.053779	0.009566	0.160879	-0.161760	-0.197445	0.005952	-0.192028	0.139500	-0.034913	0.060776	-0.084282	-0.156926	0.029308	-0.127534	-0.028999	-0.124853	-0.002583	0.034999	0.008702	-0.010096	-0.076776	0.062719	-0.039794	-0.055923	-0.351304	-0.104762	-0.107499	-0.186890	0.052917	0.249808	-0.171604	0.033435	-0.092935	0.095471	0.160783	0.181434	-0.050270	0.080641	-0.013674	-0.104333	0.002463	-0.127499	0.145995	-0.094621	0.072850	-0.142602	0.150492	-0.125807	-0.005142	0.188647	-0.176208	0.110118	0.169813	-0.084637	0.016724	-0.033786	-0.053743	0.006570	-0.011753	0.065221	-0.143634	-0.240140	0.008024	0.143564	-0.126189
chr3:140434920-140435316	-1.478354	1.278105	0.583294	-0.228257	0.043400	0.524534	-0.098156	0.182697	0.173733	0.169413	-0.043024	0.017099	0.015160	-0.065048	0.014080	-0.037200	0.071699	0.056746	-0.044955	-0.097343	0.007871	0.061017	0.268457	-0.399394	0.221242	-0.006311	0.289675	-0.185449	0.025017	0.088240	-0.114941	-0.194975	-0.124069	0.178035	-0.015540	0.231545	0.188947	0.117468	-0.075964	0.118781	-0.270077	-0.013738	0.144689	0.000540	-0.085585	-0.188652	0.162770	0.057404	0.035829	0.085246	0.111740	-0.197751	-0.109559	0.021166	0.034817	-0.215922	0.158728	-0.088264	0.003805	0.076226	0.014516	0.010177	0.059398	-0.170665	0.220784	0.034394	0.039184	-0.066109	0.026703	-0.252217	-0.168326	-0.188599	-0.164583	-0.108636	-0.016811	-0.075466	0.309079	-0.248746	0.107898	0.045139	0.116917	-0.103500	-0.143693	-0.121797	-0.027645	-0.051125	0.157195	0.038018	0.150725	0.226645	-0.077961	0.089324	0.179788	-0.212331	-0.067769	-0.198955	-0.176005	-0.047955	-0.028214	0.081087	-0.092835	-0.021420	-0.058029	-0.136343	0.033223	-0.028614	0.060106	-0.198422	0.028205	0.173350	0.130320	0.057607	-0.013286	-0.036199	0.227545	-0.068740	-0.037449	-0.059795	0.261134	-0.066636	0.240025	-0.253073	-0.085390	0.185517	-0.121185	-0.204928	-0.061872	-0.041877
chr3:140435755-140435885	-3.713103	1.564973	0.479680	-0.373834	0.238176	0.096944	-0.225539	0.133811	-0.104733	-0.164467	0.131813	-0.403517	-0.215690	-0.251774	-0.011115	0.108174	0.145593	0.244075	-0.510630	0.107409	-0.085078	-0.292204	0.265914	-0.237759	0.168454	-0.109661	0.088843	0.254715	0.101004	0.083602	-0.054067	-0.360997	-0.025804	0.242624	-0.168005	0.304112	0.279882	-0.175631	-0.304295	-0.098239	-0.228008	-0.042137	0.097591	0.035657	-0.242220	-0.127321	0.377822	-0.376761	-0.371223	0.006985	0.006290	0.184733	0.149746	-0.076735	-0.159662	0.063327	0.121342	0.052264	-0.177830	-0.080484	-0.104059	0.008337	-0.049682	0.234310	0.285262	-0.243360	-0.335949	-0.098675	0.091918	-0.060077	0.206650	-0.025302	-0.058525	0.033300	0.289793	-0.094298	-0.267761	0.234999	-0.322678	-0.162756	-0.264822	0.176828	-0.340498	0.138058	0.045586	-0.207989	-0.049418	0.038503	0.084405	-0.218025	0.031393	-0.044163	-0.055179	-0.264274	0.115657	0.009739	-0.119102	-0.090068	-0.032716	0.106659	0.157940	-0.023421	-0.076023	0.115791	0.052253	0.166974	0.246473	-0.112224	0.037885	-0.094774	0.163998	0.046152	-0.182822	0.015209	0.090539	-0.004884	-0.041794	-0.310818	-0.067778	-0.107526	0.055592	-0.166639	-0.049129	0.129893	0.006470	-0.053325	0.009894	-0.073796
chr3:140431968-140432183	-3.871993	0.548901	-0.017813	-0.641727	-0.109851	-0.617331	-0.083094	-0.417222	-0.232030	-0.207808	0.078551	-0.009456	0.348967	-0.278719	0.112666	-0.190308	-0.027599	-0.030347	-0.062465	0.041357	-0.123832	-0.226153	-0.050908	0.180191	-0.338425	-0.076515	0.223852	-0.070819	-0.075587	0.201831	0.090952	0.199064	0.006093	-0.393129	-0.097179	-0.083949	0.054342	-0.000403	0.068451	-0.177867	0.084259	0.137416	0.068290	0.271504	-0.103693	0.079797	0.355011	-0.092511	-0.038621	0.240052	-0.026014	-0.006315	0.078373	0.154387	0.095354	0.093345	-0.020421	0.067721	0.082258	0.113552	-0.057696	-0.162908	-0.067095	0.214337	0.159375	-0.096772	-0.050426	0.095919	0.346593	-0.082344	-0.059937	0.082819	-0.149599	-0.088902	0.215477	0.132514	-0.130722	-0.184973	-0.175110	-0.109643	0.131669	0.225076	-0.185009	-0.212673	-0.113913	-0.002360	-0.172448	-0.155879	-0.031252	-0.046820	-0.007008	0.126306	-0.274118	0.205818	0.108560	0.095661	0.175238	0.008270	-0.236627	0.039014	-0.091172	-0.060096	0.011817	-0.052405	-0.046323	0.137690	-0.041288	0.092424	0.108988	-0.041194	-0.075102	-0.123549	0.007028	-0.066568	-0.030585	0.012393	0.100113	0.086901	0.163140	-0.080107	0.078695	-0.139854	0.105705	-0.041258	-0.093760	-0.132862	0.062123	0.230993
chr3:140438782-140438885	-4.714772	2.224860	-0.275964	-0.779582	0.850517	-0.470526	0.092464	-0.001054	-0.008322	-0.099690	0.329694	0.450197	-0.173265	0.197273	0.384363	-0.037027	-0.048836	0.108797	0.286361	0.095300	0.521327	0.428125	-0.165516	-0.066038	-0.090220	0.039848	0.021666	-0.100674	0.067152	-0.364494	-0.190494	0.094092	-0.099734	-0.131955	0.148566	-0.088036	-0.093044	-0.369103	-0.008611	0.189588	-0.360052	-0.210882	-0.101573	0.118894	0.265416	0.031843	0.001315	0.289717	0.407239	0.246268	-0.180962	-0.003793	-0.181232	-0.008278	0.067459	-0.095179	0.202108	-0.063881	0.155396	-0.059683	-0.113909	0.151409	0.144535	-0.097557	-0.062751	-0.277094	-0.031439	-0.107604	0.168465	0.204327	0.357906	0.182913	0.003121	0.343353	0.173522	-0.008860	-0.092967	-0.188970	-0.364268	-0.232750	-0.295833	-0.139598	-0.073061	-0.099346	0.139802	0.159824	0.027743	-0.181869	-0.037112	0.091784	-0.130887	0.198178	-0.033555	-0.082334	0.098927	0.070354	-0.287338	0.148998	-0.075016	-0.177836	0.190159	-0.151347	-0.099263	-0.063616	0.182610	-0.025734	0.039773	-0.041449	-0.011455	-0.040826	-0.017149	-0.049679	0.046052	0.227103	-0.129509	0.097259	-0.156251	-0.034745	0.063896	-0.012415	-0.015983	0.087636	-0.064420	0.037083	0.113479	0.138110	0.165277	0.020775
chr3:140436467-140436614	-4.543684	0.385246	-0.021364	-1.014908	-0.002367	-0.271628	-0.109729	0.073617	-0.140491	-0.042902	-0.082784	0.110598	-0.012311	0.142709	0.143210	0.159896	0.062534	0.342993	0.105575	0.015565	-0.018189	0.204865	0.446086	-0.092023	0.272164	-0.027011	-0.030009	-0.182370	0.136053	-0.147670	-0.560747	0.087258	-0.096323	0.063019	0.032034	0.353199	-0.327985	0.096054	-0.083360	-0.046272	-0.090068	0.189433	0.126152	-0.146725	-0.068221	-0.197851	0.049551	0.011777	0.086229	-0.000440	-0.008947	0.166129	-0.094468	-0.135368	0.080968	-0.033534	-0.202604	0.169391	-0.080690	0.211188	-0.109367	0.008087	0.127927	0.215401	0.009061	-0.048643	-0.096111	0.091324	0.036087	-0.077607	-0.046242	0.044246	0.062418	0.027328	-0.005607	0.144939	0.276950	-0.122816	-0.117510	-0.019144	0.071544	-0.141835	-0.149157	-0.028465	0.202221	-0.013524	0.053981	-0.056873	0.183514	-0.187824	0.390167	-0.194810	0.091665	0.019583	0.117363	-0.056633	-0.142396	-0.026892	0.105913	0.171028	0.136468	0.335140	0.148909	-0.002674	-0.217973	-0.083612	0.076141	0.207294	-0.009605	0.027246	0.172391	-0.009804	-0.024591	-0.121354	-0.057285	0.107216	0.015035	0.028306	-0.155235	0.121480	0.043552	-0.006021	-0.029255	-0.107263	-0.038092	0.122159	-0.015766	0.109815
chr10:6243287-6244600	0.035248	0.622758	-0.254558	-0.026396	0.111744	0.064643	-0.017162	-0.017300	0.057768	0.102453	0.071878	-0.117111	-0.093184	-0.041751	-0.188295	0.141103	0.089248	-0.153018	-0.219519	0.127547	0.105199	0.070982	-0.207247	0.068234	-0.087734	0.213747	0.015927	0.104041	0.291104	0.097740	0.065573	-0.077958	-0.026655	0.003324	-0.020245	-0.031527	0.027993	0.057464	0.096104	0.199538	0.045820	0.050960	-0.162035	0.063058	-0.077559	-0.039052	0.046561	-0.130611	0.073461	-0.035898	0.065416	0.080823	-0.151965	-0.052405	0.020616	-0.090587	0.207146	0.009774	-0.077622	-0.037689	0.041332	-0.017518	0.244232	-0.084610	-0.042971	-0.044391	-0.200775	0.064546	0.157283	-0.063846	-0.035304	0.055961	0.061243	-0.157437	-0.068790	-0.119414	0.172532	-0.001342	0.055029	-0.109155	0.045282	0.056669	-0.025276	-0.127508	0.096663	0.214087	-0.202840	-0.096634	-0.257968	-0.030632	0.185552	0.066534	-0.018809	0.077027	0.004854	-0.078376	0.017910	0.034889	-0.061415	0.018244	-0.069761	0.016949	0.118851	0.009629	0.022678	-0.090250	0.022705	-0.072895	-0.101609	-0.012664	0.065882	0.128354	-0.167161	0.027097	0.092082	-0.041312	-0.022958	0.234364	-0.167028	-0.122090	-0.016008	-0.073945	0.153976	-0.165137	-0.073202	-0.028884	-0.095575	-0.107577
chr10:7567002-7567600	-0.989341	1.113490	0.006785	0.101124	0.147249	0.399897	-0.377873	0.024561	-0.137870	0.090478	0.113405	0.179624	-0.223755	0.046108	0.050235	0.201947	-0.080840	0.285290	-0.071414	0.161699	0.015900	-0.251207	-0.103380	-0.006098	-0.080645	-0.094119	0.047700	-0.235554	-0.110543	-0.113684	-0.121639	-0.180872	-0.132159	0.122634	-0.248978	-0.041047	0.081047	0.115811	0.189223	-0.114848	0.202439	0.097468	0.119764	0.095076	0.030416	-0.064998	0.064638	0.042274	0.215599	-0.215699	-0.183562	-0.227920	-0.164559	0.244601	-0.187125	0.034428	0.096953	-0.225540	0.122805	-0.109716	-0.047768	0.138914	-0.131439	-0.013159	0.148556	0.159607	-0.019313	-0.131116	0.014356	-0.013128	-0.154418	0.134307	0.246585	0.018143	0.239808	-0.226968	-0.101819	0.201666	0.232406	-0.190965	-0.115202	-0.146292	-0.261784	0.060033	-0.130983	-0.023244	0.215480	-0.029509	0.092429	-0.033120	0.130842	0.014729	-0.141414	0.092510	0.144423	0.025882	-0.104075	0.078249	-0.132838	-0.002136	-0.023538	0.020271	0.147148	0.177399	-0.147011	0.029243	0.041061	0.098030	-0.120340	0.085761	-0.098388	-0.085706	0.123821	0.105432	0.044504	0.000961	-0.237572	-0.139180	0.031219	0.128646	0.157622	0.066623	-0.179015	-0.099669	0.071618	-0.011317	-0.016483	-0.164565
chr10:7927151-7929152	0.374047	-1.088269	0.261164	0.029422	0.199902	0.214174	-0.062025	0.136178	0.046343	-0.026368	0.003040	-0.215969	0.086876	-0.073434	0.486478	0.020189	0.085946	0.004606	0.088849	-0.038163	0.404775	0.070649	-0.157102	0.113329	-0.168186	-0.113715	-0.160505	-0.137741	-0.149775	-0.028792	0.168868	-0.054221	-0.095094	-0.042690	0.100114	-0.004383	0.104629	0.200078	-0.011047	0.081438	-0.167587	0.169472	0.035380	0.024955	-0.254945	-0.063109	-0.063632	-0.213896	-0.059484	-0.062016	-0.047353	-0.155737	-0.026224	0.168327	0.019448	0.096184	0.029224	0.256845	0.001585	0.069657	0.055377	0.193380	0.052441	0.105351	0.237527	-0.106440	-0.178429	-0.135764	-0.147209	0.081665	-0.135931	-0.184092	-0.132096	-0.027739	-0.068119	0.048455	-0.245769	0.137390	-0.028266	-0.027709	-0.068559	0.132432	-0.059054	-0.246149	0.004594	0.006831	0.139050	0.108796	-0.166418	-0.103448	0.133753	-0.188201	0.047900	-0.007743	0.056599	-0.107805	-0.034367	-0.013305	-0.090197	0.121389	-0.041809	0.083288	-0.078705	0.032172	-0.131004	0.111581	0.307057	-0.059220	0.089389	-0.062713	0.126432	-0.037759	0.022987	0.055461	0.023338	0.101266	-0.180174	0.041283	-0.008778	0.087767	-0.034931	-0.045056	0.058803	0.058899	0.029897	-0.014924	0.115493	0.048584
chr10:8066866-8068867	0.289245	-0.288526	0.064662	0.056065	-0.092603	-0.171842	0.294080	-0.026073	0.065603	-0.073658	0.117520	0.153410	-0.031020	0.232575	0.215784	-0.077822	-0.015091	0.014174	0.119870	-0.067267	-0.103738	-0.071517	0.150791	0.050215	-0.060366	0.030981	0.083071	-0.027850	0.011490	-0.168797	-0.318384	0.159017	0.098303	0.181675	0.053777	0.032718	0.035540	-0.245226	-0.109822	-0.053774	0.130052	-0.050846	-0.058499	-0.204760	-0.011355	-0.140452	-0.032837	0.035648	0.053744	0.135156	0.026719	-0.289204	0.189184	-0.156009	-0.190500	0.062997	-0.246550	0.023874	-0.089825	-0.220526	0.025603	0.045697	0.010251	-0.028476	0.060558	-0.022935	0.117416	0.251679	-0.002260	0.152759	-0.100664	-0.031322	0.053055	-0.150119	0.145818	0.165578	0.110499	-0.042451	-0.069151	0.222006	-0.018341	-0.007127	-0.082426	0.054442	0.043415	0.247734	-0.064896	-0.087962	0.067979	-0.015929	0.034715	0.247034	-0.118189	-0.001710	0.056584	0.027349	0.076919	-0.095645	0.056915	0.142928	0.062685	0.158711	-0.070798	-0.026349	0.077540	-0.117915	0.240955	0.091771	0.027465	-0.006710	0.104908	0.019784	-0.100980	-0.053508	0.009376	-0.017184	0.099931	-0.090620	-0.015345	-0.065127	0.025818	-0.054965	-0.025014	0.060892	-0.118963	-0.059515	0.110927	-0.088476
chr10:8098002-8121400	0.953831	-0.067301	-0.072901	0.077180	0.056810	-0.120413	-0.197496	-0.187649	0.055560	0.221201	-0.124357	-0.013897	-0.130512	0.046478	0.210135	0.041055	0.217666	0.016496	0.009685	0.015373	-0.052202	0.099624	-0.095914	-0.026346	0.007662	0.072318	0.106187	-0.126016	-0.131581	-0.050992	-0.023047	0.038091	0.041846	0.092730	-0.135253	0.094897	0.055325	0.147320	-0.093277	0.043493	0.081019	-0.099709	-0.032990	0.118586	0.106975	-0.232568	0.085371	-0.193584	0.017304	-0.034513	-0.128752	-0.081990	-0.096020	0.062579	0.092016	-0.033698	-0.016777	0.104356	-0.096835	-0.027277	-0.018440	0.021310	-0.089003	-0.229514	0.021646	0.074846	0.088986	-0.170129	0.058738	-0.006674	0.005914	-0.089500	-0.023904	0.106376	-0.106798	-0.002229	0.010136	0.022723	0.072000	0.004582	0.014690	-0.056258	0.049125	0.048721	-0.002574	0.042311	0.017295	-0.100144	-0.113920	-0.069298	0.001389	-0.037395	-0.187835	-0.018511	0.109383	-0.000082	0.265280	-0.021631	-0.018092	0.160269	-0.061838	0.127662	0.000066	0.056844	0.114810	0.050090	0.131779	-0.091052	-0.027297	0.009352	0.027367	-0.157459	-0.015546	0.002502	-0.034050	-0.041159	0.164895	0.160010	0.071991	-0.066671	-0.063864	0.134055	-0.035628	-0.071799	0.066705	-0.091933	-0.084303	-0.107561
chr10:8372002-8377000	0.961955	0.080415	0.068389	0.104590	-0.151385	-0.237647	-0.149251	0.054041	-0.138204	0.049064	-0.251606	-0.267914	0.043049	-0.038773	-0.024056	0.119722	-0.125336	-0.012251	-0.046207	0.215950	-0.075472	-0.028194	0.038174	-0.171967	0.179076	-0.089221	0.158078	-0.059705	-0.100901	0.064617	-0.185333	-0.101843	-0.110600	0.171476	0.098045	-0.053519	-0.198509	0.045547	0.015506	0.016079	-0.022100	0.155503	-0.046129	-0.026703	-0.070110	-0.185167	-0.082837	0.047280	-0.019746	0.129660	-0.032433	0.015022	0.017593	-0.027587	-0.043594	-0.001521	0.004876	-0.024895	-0.022632	0.105114	0.057843	0.075877	0.058539	0.031198	-0.133231	0.013290	-0.028088	-0.067632	-0.166180	-0.002646	0.011952	0.068266	0.104718	0.038896	0.039545	-0.051570	-0.083219	0.003143	0.075676	0.013405	-0.193651	0.230711	0.084758	0.056714	0.061201	-0.056403	0.199490	0.087935	0.049702	-0.041080	-0.112832	0.096265	-0.001832	0.089218	0.051892	-0.005224	-0.013739	0.007566	-0.024184	-0.047016	-0.163319	0.172107	0.044530	-0.148313	0.019765	-0.055459	-0.100295	-0.225326	-0.058236	-0.045136	0.036132	0.003380	-0.059907	0.038996	0.000445	0.077317	-0.001386	0.073872	0.083956	-0.047014	0.291893	0.107199	0.126634	0.043589	0.044561	-0.073913	0.199529	-0.078261
chr10:8390002-8394400	0.820680	-0.182909	0.081559	0.055095	0.065687	-0.329809	0.074806	-0.021222	0.022719	-0.140974	-0.064440	0.031553	-0.140558	-0.005050	0.024355	0.075371	-0.188131	0.027887	0.015197	-0.046391	0.095435	-0.031413	0.025008	0.055538	0.076230	0.011946	0.129851	-0.092262	0.084990	0.076055	0.069937	0.000824	0.116451	0.024078	-0.189001	0.025817	0.031107	0.056148	-0.062786	0.008046	-0.070267	-0.079865	-0.105758	0.072789	0.055489	0.073880	-0.139982	0.021780	0.074949	-0.067835	0.136070	-0.057255	-0.122524	-0.161924	0.070335	-0.187982	0.033038	-0.060476	-0.132644	0.033369	-0.209307	0.127206	-0.059122	0.159639	-0.107625	-0.156606	0.057844	0.046114	0.034853	-0.096226	-0.084817	0.055532	-0.054196	0.025923	0.046403	0.048306	0.078607	0.049020	0.073019	0.129875	0.092793	-0.084226	-0.097329	-0.112262	-0.000692	0.066083	0.128947	0.020928	-0.091855	0.067888	0.080194	0.165082	0.041468	-0.096657	-0.055663	-0.211401	0.134974	0.071770	0.056232	0.028155	0.117280	-0.072630	0.032471	0.083508	0.091901	0.138723	0.088970	0.042885	0.048999	-0.088078	-0.161850	-0.137102	-0.053484	0.087532	-0.128106	0.024981	-0.012773	0.046117	0.148030	-0.139700	-0.079204	-0.156237	-0.118088	0.114631	0.104071	0.001521	0.027165	-0.029993
chr10:8402002-8404600	0.532300	-0.878713	-0.157262	0.019335	0.000994	-0.277071	-0.022220	-0.164517	-0.083614	-0.041619	-0.019010	-0.023099	0.118001	0.011286	-0.103473	-0.009005	0.139342	-0.278969	-0.266485	-0.094578	-0.044557	0.153731	-0.028666	-0.050358	-0.050980	0.151021	0.022143	-0.043076	0.033157	-0.074037	-0.184503	0.060976	0.062855	-0.134402	-0.076766	0.011163	-0.154410	0.054393	-0.087687	-0.110794	0.051369	-0.037415	0.145112	0.119208	0.028017	-0.017272	0.067734	-0.036027	0.085311	-0.030508	0.162042	-0.074824	0.013862	0.008289	0.091122	-0.032768	0.043343	0.119010	0.086726	-0.095767	0.062735	-0.051016	-0.055131	-0.148564	0.144674	0.065235	-0.079814	0.090866	0.010159	0.016392	0.064173	-0.141377	-0.003178	-0.041053	-0.003110	-0.145208	0.067716	0.104281	0.040513	-0.056410	-0.227010	-0.028466	-0.149361	0.009376	0.128209	0.041417	0.002885	0.046048	-0.031413	0.012425	-0.075291	-0.011303	0.177201	-0.055748	-0.048475	0.067937	0.087342	0.063833	-0.005166	0.105232	-0.066399	-0.071959	-0.197176	-0.003017	-0.037471	0.032417	0.028311	0.035377	0.070768	0.196192	-0.059134	-0.086522	0.214797	0.017309	0.137415	0.180780	0.051710	-0.024304	-0.028325	0.025058	0.103844	0.085293	0.037422	-0.115813	-0.121122	-0.035512	-0.047634	0.074979
chr10:8405602-8410600	0.890904	0.159077	-0.016402	-0.067654	0.267924	-0.214070	0.026985	-0.035895	-0.087929	0.066878	0.035299	-0.035158	-0.097738	-0.160911	-0.034592	0.048165	-0.016726	-0.008861	-0.157704	-0.009691	-0.084125	0.037923	-0.047847	-0.098507	0.159421	-0.097211	0.178093	0.102200	0.131005	0.049971	-0.125462	-0.007368	-0.028919	0.044986	-0.213034	0.116702	0.128783	-0.027493	0.064707	-0.172215	-0.019179	-0.083791	0.025495	-0.029090	0.076699	-0.031063	0.075148	-0.084562	0.111617	-0.003733	0.075430	-0.070568	0.062925	0.120010	0.068554	0.220597	0.102504	0.112332	0.092111	0.147676	-0.106469	-0.056974	0.028165	-0.133527	0.073961	-0.015846	0.101949	0.074092	-0.018528	0.015782	-0.139280	-0.022600	-0.036333	0.113846	-0.068037	0.033879	-0.015692	-0.020793	0.039552	0.019432	0.227989	-0.088483	0.126535	-0.079962	-0.007641	0.112777	-0.092329	-0.092253	-0.127991	-0.059501	0.018362	-0.029259	0.082868	0.078608	-0.129525	0.185365	-0.070922	0.015298	0.026313	-0.087829	-0.131433	-0.083900	0.071173	-0.003353	-0.095522	0.119286	0.194948	0.033761	0.126490	-0.065510	-0.126707	-0.046484	-0.041218	0.023310	0.123760	0.143153	-0.125165	-0.065679	-0.012604	0.020642	-0.091850	0.183096	-0.155790	0.076722	-0.043953	0.074669	-0.058080	-0.130788
chr10:8898177-8900178	0.634826	0.662454	0.304067	-0.058868	0.316932	-0.153308	0.164385	0.129620	0.025354	0.516804	-0.003325	-0.182959	-0.014289	-0.053821	-0.079594	0.032851	0.160811	0.130885	-0.147100	0.209076	-0.020361	-0.489423	0.193422	0.008482	0.076440	-0.062214	-0.060176	-0.247138	-0.187325	-0.168188	0.013251	0.370380	0.074156	0.234747	-0.179326	0.057870	0.040911	-0.025307	-0.246347	-0.072486	0.068991	-0.171814	0.134497	-0.189195	0.145915	0.009283	0.097496	0.254198	-0.086531	-0.073824	-0.147295	-0.085877	0.194238	0.184566	-0.015156	-0.261054	0.187014	0.071233	0.111800	0.030699	0.046014	-0.122372	0.057069	0.003517	-0.005646	-0.065933	-0.048065	-0.161013	-0.079435	0.002856	-0.123744	-0.041426	0.003856	-0.084728	-0.079901	0.238971	-0.032504	0.073280	0.020682	0.093922	-0.195687	0.053613	0.210040	-0.249071	-0.025926	0.139864	0.030224	-0.039081	0.022083	-0.045006	0.024964	-0.028245	0.202763	-0.033018	0.033930	0.084605	-0.000869	-0.035414	0.001908	0.014566	0.018154	0.001620	-0.110103	0.051093	0.100479	0.060632	-0.010843	-0.057265	-0.085227	0.028995	0.040207	-0.001381	-0.046517	0.050223	0.036052	-0.043108	0.044779	-0.044242	0.123430	-0.113914	-0.002125	-0.052065	0.015733	0.020081	0.030643	0.049175	-0.136873	0.131659
chr10:8898312-8900313	0.678566	0.266597	0.331077	-0.016238	0.344300	-0.097275	0.126340	0.195220	0.017163	0.526983	0.033748	-0.123453	-0.061036	-0.101668	-0.013683	0.095831	0.083721	0.039858	-0.090301	0.171338	0.004805	-0.498366	0.162771	0.129644	0.043329	-0.109827	-0.113352	-0.107181	-0.279988	-0.148785	0.016465	0.408288	0.089803	0.334188	-0.155842	0.013146	-0.010525	0.008380	-0.244835	0.023244	0.004428	-0.185884	0.110915	-0.165755	0.127916	-0.014012	-0.033634	0.289363	-0.108696	-0.123007	-0.169491	-0.008943	0.191492	0.296366	-0.023778	-0.341485	0.220316	0.023745	0.139196	0.013115	0.108235	-0.132406	0.055272	-0.010512	0.007023	-0.026153	-0.134965	-0.166458	-0.024205	0.033018	0.001093	-0.055257	0.021868	-0.064547	-0.035331	0.107513	-0.084580	0.080352	0.080916	0.190494	-0.138668	-0.006040	0.184436	-0.237784	0.057873	0.162324	0.020657	0.049122	-0.025586	0.001220	0.042879	-0.029148	0.170182	-0.072774	-0.072648	0.118247	0.047226	-0.040815	0.079451	-0.044427	0.102091	-0.114183	-0.152730	0.029727	0.129124	-0.004195	-0.010306	-0.080430	-0.071595	-0.061468	0.081898	0.040195	-0.065367	0.042569	0.082481	-0.002409	0.007772	-0.040386	0.078260	-0.047725	-0.074778	-0.090330	-0.032981	0.153207	-0.067881	0.047039	-0.155837	0.177620
chr10:8899652-8901653	0.631691	-0.280722	0.244850	0.130438	0.281016	-0.167790	-0.189428	-0.173149	0.010355	0.266007	-0.089245	-0.043786	-0.180419	-0.316297	0.222894	-0.035259	-0.089639	-0.134665	-0.087677	0.064002	0.065555	-0.321375	0.001528	0.231108	-0.023165	-0.085301	0.037570	-0.047621	-0.215154	-0.135245	0.190455	0.251704	-0.062835	0.178538	-0.021060	-0.013969	-0.117689	0.107681	-0.057989	-0.178415	0.160590	0.023411	0.225938	-0.020025	-0.098722	-0.160227	-0.110144	0.008630	-0.148598	0.026699	-0.185999	0.046534	0.158624	0.039643	-0.022758	-0.041062	0.222663	-0.331372	-0.001287	-0.087586	-0.043349	0.062473	0.045101	-0.054440	0.096123	-0.050186	0.084618	0.164342	0.122925	0.053263	0.098645	0.078417	-0.071088	-0.055449	-0.156203	0.107202	-0.020946	0.117507	-0.185986	0.032631	-0.035571	0.118075	-0.152020	-0.137981	0.227447	-0.015195	-0.092257	0.083032	-0.106010	0.117367	0.053903	0.050688	0.079525	0.063837	0.043289	0.118489	0.163279	-0.078021	0.074597	0.084424	0.172747	-0.071055	-0.133395	0.006419	0.176801	0.036740	-0.151005	-0.011290	-0.231519	-0.084860	-0.158456	0.019387	-0.129900	0.109001	0.036726	0.020345	0.046776	0.006610	-0.132321	-0.007759	-0.040200	-0.018051	-0.059379	0.191073	-0.099185	-0.096893	0.005268	-0.038832
chr10:8902379-8904380	0.301060	-1.195045	0.196311	-0.049016	0.259061	0.075303	-0.012501	-0.281209	0.011852	0.061528	0.102295	0.181810	-0.113480	0.071191	-0.072911	-0.057919	0.086532	-0.238401	-0.167537	0.136165	-0.204459	0.089897	-0.091170	0.009303	-0.051450	0.005156	0.089417	-0.111871	-0.071478	0.003531	0.047223	0.156643	0.062207	0.101962	0.019816	-0.210082	-0.057878	0.143501	0.159986	0.047724	0.092479	0.101831	-0.337236	-0.019166	-0.042697	0.004316	0.034843	0.033025	0.021804	0.013792	-0.022571	0.055846	0.105363	0.044595	0.206619	0.016609	-0.031537	0.037883	-0.075143	0.066029	-0.148032	-0.073468	0.061314	-0.123179	-0.009149	-0.149740	-0.011320	0.123383	0.093996	0.076557	-0.024633	-0.075613	-0.123998	0.043065	0.008306	0.038104	-0.032353	-0.065937	-0.020378	0.119480	-0.254824	0.148743	-0.170866	-0.070550	-0.075912	-0.017120	-0.006807	0.041287	0.216492	-0.163997	0.058771	-0.139957	-0.018137	-0.147602	0.147825	-0.013609	-0.013166	0.056966	0.067837	0.056986	-0.027633	0.172572	-0.026060	-0.034865	-0.060909	-0.095543	0.043561	-0.014740	0.061216	-0.159071	-0.039071	0.029716	0.083890	0.082967	-0.137719	-0.064407	0.036900	0.116430	0.103034	-0.069540	-0.103289	0.053662	0.049874	-0.009360	0.099720	-0.084454	-0.003088	0.083096
chr10:8910062-8912063	0.391031	-0.730768	0.177210	-0.203099	0.446825	0.150345	-0.066556	-0.079055	-0.030098	-0.026261	0.142050	-0.036678	0.035368	-0.131623	-0.021101	0.025617	-0.040119	-0.305428	-0.114803	-0.041092	-0.062219	0.066178	0.072234	-0.017129	0.005243	0.071014	-0.070167	-0.014757	-0.273460	-0.047585	-0.048069	-0.140810	-0.193433	0.041888	0.100045	0.020208	-0.059477	-0.032408	0.072869	0.046710	-0.072435	-0.091367	-0.116762	0.007359	-0.176432	0.104022	0.010700	-0.190118	-0.025373	0.115407	-0.145604	-0.011126	0.025182	-0.000532	-0.011623	-0.237843	0.015578	-0.128357	0.175730	-0.210692	-0.044112	-0.157285	-0.104138	0.055903	-0.015338	0.064004	0.081492	0.021131	0.077405	0.080304	-0.024899	-0.052493	0.152549	-0.153771	0.149848	0.097823	-0.062974	0.027177	0.091348	-0.075297	0.092026	-0.039688	-0.089253	0.086888	0.035875	0.058472	-0.162079	0.035931	0.207071	-0.047357	-0.099121	0.144470	0.034808	0.004100	0.054570	0.051983	0.069227	-0.161358	-0.015616	-0.146677	-0.090271	-0.062008	-0.137523	-0.226187	-0.007508	0.031660	0.057216	0.056322	-0.066011	-0.049931	-0.009332	0.004524	0.150474	0.002398	0.098135	0.153264	0.040080	0.011301	-0.008380	0.009194	0.030527	0.100471	0.020931	0.257676	0.077612	-0.029902	0.042792	-0.034756
chr10:89871002-89874800	1.036930	0.734329	0.330986	0.343598	-0.004420	-0.020973	0.137135	0.056657	-0.004017	-0.177446	-0.222873	0.108670	0.053055	0.028860	0.018942	-0.026349	-0.024519	0.264186	0.173004	-0.283112	0.164213	0.049469	0.048754	-0.032399	-0.013256	0.093640	0.264921	0.131489	0.004699	-0.152026	0.068336	-0.054437	0.100752	-0.080342	-0.049594	0.013742	-0.024969	0.199735	0.075828	0.122389	-0.033098	-0.026883	0.110460	0.148493	0.027713	-0.030135	0.086248	-0.022578	-0.041144	0.209133	-0.037547	-0.023850	0.012769	0.001998	-0.002821	0.121750	-0.015975	0.009057	0.100558	-0.077483	0.115548	-0.029474	0.156544	0.077918	-0.078622	0.091148	0.120943	0.046579	-0.007407	-0.056767	0.039318	0.158786	-0.137601	-0.120820	0.021755	0.153896	0.007149	-0.092023	0.106215	-0.009398	0.078332	-0.167301	-0.202527	0.048902	0.091443	-0.059165	0.167817	0.052055	0.179439	0.031385	0.051432	-0.108381	0.068793	0.052563	0.050689	0.084105	-0.247634	0.126110	0.072233	-0.032735	-0.026535	0.126506	0.021411	-0.190442	-0.092150	-0.015252	0.043264	-0.092971	0.108901	-0.086203	0.104681	0.017347	-0.091670	0.015580	0.159406	-0.018894	0.200219	0.035465	-0.025163	-0.173372	0.115643	0.019362	0.022733	0.122612	-0.251746	-0.204811	0.016089	0.052030
chr10:89909402-89919200	0.628604	0.881726	0.091468	0.180167	0.148771	-0.045072	-0.285272	0.311765	-0.192293	0.199832	-0.189059	0.123441	0.147592	-0.047971	0.062544	0.040340	0.110986	0.176963	-0.098511	-0.175807	0.042832	0.022747	-0.096555	0.217672	0.003493	0.249867	-0.034914	0.066174	-0.123458	-0.171429	0.158054	-0.157315	0.054404	0.007133	-0.028144	-0.081962	-0.255265	-0.082244	-0.194949	-0.101139	0.068622	-0.075475	0.002343	-0.050769	-0.108178	0.104078	-0.024581	0.163940	-0.214534	0.046731	-0.124259	0.141679	0.079677	-0.134395	0.006306	-0.095308	-0.122158	0.113493	0.056709	0.131451	-0.147617	0.154209	-0.004197	0.037248	-0.104307	-0.087453	-0.318035	0.065733	0.016680	0.089928	0.301199	-0.006563	0.137759	-0.048869	-0.000987	0.017368	0.049752	0.022030	0.083317	0.191502	-0.091719	0.083163	0.159524	0.042877	0.038650	-0.008662	-0.059738	-0.025839	0.080172	-0.020930	-0.006124	-0.010275	-0.138637	-0.012682	0.024086	0.014597	-0.012526	0.078848	-0.040652	0.110418	-0.005330	-0.060780	-0.003182	0.018249	0.088259	-0.089700	-0.045697	-0.163315	-0.003118	0.115374	0.004757	0.010187	-0.077026	-0.093312	0.105917	-0.017702	-0.040400	-0.025821	-0.164877	-0.091790	-0.008163	0.218019	-0.100034	0.151292	0.081277	0.119351	0.150280	0.232014
chr10:89937602-89938400	-0.819983	0.858102	0.186637	-0.255553	0.861676	0.204632	-0.049433	-0.088853	0.225123	0.034870	0.427689	0.106041	-0.030909	0.018049	-0.312625	0.190213	-0.027479	-0.122114	-0.180137	0.062313	-0.145201	0.013126	0.096334	0.259471	-0.016687	-0.099104	-0.067607	0.310393	-0.012469	-0.053713	-0.104273	-0.135973	0.001139	-0.020505	0.016338	-0.025519	-0.033322	-0.132659	0.166031	-0.150089	0.028564	0.120826	-0.160683	0.016549	0.061152	-0.039581	-0.138896	-0.087285	0.219101	-0.042571	0.092017	-0.177681	0.030280	0.227101	-0.175151	0.166240	0.016035	0.041865	0.059551	0.087514	-0.092435	-0.107270	0.094403	-0.175986	-0.132000	0.148873	-0.291247	-0.085485	0.109318	-0.151371	0.123095	-0.110782	0.006183	0.163064	0.020546	0.046543	-0.062291	-0.098396	0.106988	0.138165	-0.035293	-0.013340	0.101956	-0.083277	0.095712	-0.082457	-0.179422	0.052026	0.108169	-0.169660	-0.104967	-0.028748	-0.265396	-0.078129	-0.009237	-0.045437	-0.012488	-0.028627	0.016132	0.007138	-0.104757	-0.066070	-0.029861	0.123140	-0.103586	-0.020443	0.118371	0.061523	0.096842	-0.035852	-0.214467	0.119972	-0.090823	-0.010250	0.045491	0.102760	-0.135515	-0.061220	0.060122	-0.023473	0.047121	0.199957	0.054227	0.104171	-0.066552	0.007050	0.191769	-0.007095
chr10:90142802-90152600	0.670478	-0.610945	0.243139	0.076272	-0.036119	0.051095	-0.246795	-0.160276	0.000341	0.028738	-0.143461	0.282730	-0.023266	0.042317	0.134127	-0.034583	0.266443	-0.006844	0.081511	-0.015714	-0.022171	0.020816	-0.133440	-0.034470	-0.151461	0.158831	0.252227	0.063476	0.222911	-0.119621	-0.019184	0.036649	0.167479	-0.162069	-0.164351	0.032335	0.183003	-0.033132	-0.131726	-0.095874	0.008218	-0.065738	0.087130	0.146233	-0.060104	-0.063194	-0.008065	-0.020664	-0.002166	-0.053716	0.029975	0.151829	0.167045	0.139290	-0.010250	0.277294	0.061181	0.040133	0.065841	0.106356	0.034754	0.077396	0.021273	0.069806	-0.067627	0.046251	-0.042173	0.083105	0.101422	-0.002244	-0.088510	-0.090049	0.041790	0.021827	0.124883	-0.003949	-0.067329	-0.018832	0.101154	0.041078	-0.062444	-0.150579	0.043785	0.064274	-0.013902	-0.001527	-0.011600	0.111944	-0.101475	-0.069293	0.025166	0.028192	-0.036150	0.061637	0.100029	-0.102523	0.098966	-0.019919	-0.065378	0.083705	-0.074212	-0.050905	-0.059299	0.024447	0.194933	-0.005096	-0.109863	-0.002591	-0.027935	0.109071	0.096886	0.049209	-0.015839	0.039892	-0.094099	0.133710	0.088352	-0.049329	-0.094004	-0.197709	-0.005690	0.041718	-0.099199	0.051789	0.046325	-0.035214	-0.113857	0.044517
chr10:9078498-9080499	0.247884	-0.950021	0.576117	-0.087970	0.271668	0.278089	0.218840	0.493242	0.228607	-0.100197	0.153529	0.114047	0.185529	-0.167003	-0.260754	0.019746	-0.157847	-0.003673	-0.157580	-0.080972	0.139644	-0.073295	0.003920	0.057713	0.081610	-0.286159	-0.141758	0.164043	-0.108018	-0.090948	0.050907	-0.102475	0.159307	0.026332	-0.172249	0.032877	0.085897	-0.147901	0.054290	-0.103565	0.094516	-0.009788	0.137334	0.155984	0.040588	-0.065740	0.063722	-0.043560	0.018385	0.022061	-0.133745	-0.038208	0.059389	-0.189243	-0.081969	-0.084257	0.036755	-0.052157	-0.145708	0.022570	-0.121190	0.078707	-0.078186	0.142454	0.120385	-0.025238	-0.151925	0.045556	-0.057537	-0.042696	-0.054177	0.161670	-0.013196	0.055869	0.017907	-0.146200	0.089349	0.093866	0.129083	-0.033130	0.042140	-0.041108	-0.207671	-0.100681	0.005295	-0.006572	-0.032875	0.080402	0.127639	-0.106875	-0.064446	0.088224	0.080366	-0.153939	0.138057	-0.053731	-0.016869	0.208068	0.027836	-0.025990	0.087357	0.096381	-0.209085	0.068774	-0.137194	0.005279	-0.056788	-0.000097	-0.063147	-0.054028	0.110974	-0.096046	-0.080464	-0.018095	0.013820	-0.072913	0.203643	0.065425	0.057076	0.156988	0.118768	-0.153764	0.025046	-0.024986	0.096175	-0.040322	-0.064014	-0.058692
chr10:9111313-9113314	0.549317	-0.253802	0.297709	0.090193	0.264952	0.071766	-0.077151	-0.152007	0.024118	0.257086	0.076880	0.119656	0.062257	-0.131030	-0.110458	-0.292157	-0.007369	0.151789	0.090839	-0.032477	-0.001991	0.129473	-0.138120	0.150224	0.173548	-0.266709	-0.112643	0.117494	-0.065031	-0.261183	-0.101782	0.091707	0.176442	0.170733	-0.028329	-0.145969	0.168287	0.058367	0.134125	-0.192075	-0.186660	0.048907	0.123244	-0.028046	0.022359	-0.057260	-0.032921	0.039329	-0.048425	0.003992	-0.059611	-0.115385	-0.043437	0.049117	0.151790	0.131856	0.157344	-0.048385	-0.074181	0.040317	-0.140375	0.111473	0.108655	0.079712	0.114128	0.024186	-0.138456	0.119864	0.084089	0.118410	0.177373	0.062922	-0.057547	0.204484	-0.253812	-0.163476	0.140125	0.126658	-0.038997	-0.043705	0.103067	-0.123993	-0.010463	0.044748	-0.025552	-0.136733	0.182920	-0.075641	-0.156276	-0.051996	0.007078	-0.001062	0.023113	0.014329	-0.148072	0.193075	-0.110297	-0.288728	0.083482	0.049115	0.065061	-0.197378	-0.175295	-0.120587	-0.050885	0.027840	0.046058	0.094988	-0.011111	-0.104177	0.191407	0.132909	0.047230	-0.012925	-0.121846	-0.129600	0.051886	0.068813	0.098708	-0.047094	-0.053796	-0.111299	-0.024136	-0.190509	0.119268	0.002916	0.028744	-0.074013
chr10:9116103-9118104	0.559777	0.359553	0.248902	0.191192	-0.187654	-0.097272	-0.206566	-0.229105	0.172951	0.250829	0.033537	0.018523	0.222478	-0.064106	-0.099819	0.092432	-0.112568	0.378643	0.069161	0.061964	0.068140	-0.083088	-0.113036	0.014597	-0.163631	-0.162570	-0.200693	-0.055508	-0.113593	-0.006674	0.194746	0.000386	0.165717	-0.036816	0.026174	0.032491	0.096758	-0.126619	0.067499	0.249994	-0.037597	-0.105495	0.050444	0.125176	-0.008127	0.267365	0.100115	0.091357	-0.027990	-0.012512	0.140515	-0.140270	0.063790	-0.059290	-0.025773	-0.160772	-0.062646	-0.107007	-0.017989	-0.100042	-0.057224	-0.225749	0.080757	0.046724	-0.074285	-0.146431	0.010656	0.019296	0.083856	-0.148175	0.088576	0.008263	0.112154	-0.045405	0.136520	-0.102489	0.153922	-0.241677	0.111634	0.027796	0.084769	-0.066343	-0.083854	0.109525	0.064408	-0.012675	0.103756	0.039240	-0.021550	-0.068129	0.082981	-0.037160	-0.113387	0.231303	0.076017	0.124441	0.002659	-0.018552	-0.117528	-0.080363	0.144024	-0.015012	0.004750	-0.030030	-0.019825	0.073531	-0.021067	0.177591	0.116516	0.050202	-0.023199	0.090317	0.084231	-0.157255	0.000881	0.070089	-0.132474	-0.085600	-0.014839	-0.064936	-0.075203	-0.066829	0.076514	0.163516	0.027582	-0.120889	0.004922	0.069274
chr10:9200402-9201600	-0.220052	-0.383451	0.228049	-0.012303	0.293249	0.242225	0.149006	-0.126276	0.032439	0.032309	0.190144	-0.047020	0.039838	0.203868	0.069950	-0.281199	0.019888	-0.095007	0.129411	-0.020649	0.060963	0.173924	-0.270463	0.178926	0.110523	-0.041435	0.064134	0.028857	-0.079558	-0.262873	0.184464	-0.009608	0.194370	0.082507	0.081580	0.038305	0.159708	0.112897	0.086883	-0.060028	0.054146	0.133766	-0.026186	0.043788	-0.102553	0.013479	0.214142	-0.001379	-0.008237	-0.005777	0.221618	0.052837	-0.169973	0.045740	0.105794	-0.140816	0.032899	0.145911	0.029800	0.112772	0.134714	0.013850	-0.062274	0.014130	-0.047498	-0.251965	0.214334	-0.228675	-0.241063	0.081811	0.265057	-0.199014	0.089354	-0.190811	-0.029466	-0.097321	-0.095973	0.328802	-0.039051	0.002781	0.191174	0.110646	-0.053773	-0.102499	0.049564	-0.044951	0.006817	0.122777	-0.124426	0.046580	-0.032017	0.099093	-0.189679	-0.029653	-0.031692	-0.174124	-0.038295	0.203932	0.032711	0.053168	0.085388	0.068000	0.065594	0.024522	-0.037646	-0.150884	-0.020442	-0.014676	-0.080333	-0.003228	0.018969	-0.095099	0.164019	-0.238733	0.062872	-0.242109	-0.137097	-0.082049	0.162019	-0.035038	0.008995	-0.014931	-0.289465	0.026992	-0.092865	0.011627	0.021389	-0.064987
chr10:9214998-9216999	0.811082	1.325062	0.023937	0.118393	0.538113	0.102474	-0.112335	0.046520	0.107465	0.090574	0.045884	-0.001668	-0.168187	-0.040296	0.148482	-0.093096	0.112461	0.028827	-0.097632	0.009434	-0.099680	-0.000602	0.053824	0.048562	-0.133383	0.060306	0.145171	0.047505	0.101704	0.047610	-0.007811	0.103796	0.170005	0.120345	-0.155608	-0.000221	0.035576	0.106232	-0.038015	0.149329	0.147745	0.011756	0.060770	0.147505	0.073486	-0.028619	-0.118764	0.024036	0.088094	0.128810	-0.043277	-0.113029	-0.088894	-0.171223	0.116902	0.126152	0.127130	0.081731	0.074295	0.090246	0.087893	0.148380	0.144299	0.108116	-0.051203	0.004883	-0.171047	-0.113201	0.207690	0.158347	0.022862	0.015635	0.184857	-0.019462	-0.039589	0.041321	-0.100122	-0.084341	-0.014319	0.101333	0.061049	-0.088060	0.100753	0.063443	0.236715	-0.035613	-0.064729	-0.053069	-0.092667	-0.119719	-0.082633	-0.021200	-0.043265	-0.062844	0.020241	0.092305	0.002711	-0.140954	-0.027595	-0.062954	-0.277385	-0.023842	-0.032028	0.162772	0.047075	-0.107398	-0.041553	0.091714	0.169468	-0.136476	-0.106570	0.079385	-0.191321	-0.233409	0.149258	-0.120683	-0.100162	0.001618	-0.091638	0.153557	-0.118117	-0.168945	-0.080881	0.016088	-0.041124	-0.045206	-0.092523	0.048299
chr10:9342954-9344955	0.142163	-0.805385	0.163019	0.105263	-0.177609	-0.247656	0.008062	-0.050805	0.223513	-0.001250	-0.070254	0.098000	-0.189950	-0.047228	-0.042489	0.284107	-0.108374	0.309839	-0.092288	-0.297482	0.096622	-0.176392	-0.093580	0.124330	-0.154158	0.065799	-0.161206	0.017864	0.063792	0.001275	-0.047668	0.129767	-0.123041	0.216481	-0.025881	0.001051	0.085884	-0.150024	0.201963	0.055139	0.129347	-0.031483	0.000774	0.024791	-0.026064	0.100865	-0.062484	0.154092	0.058085	-0.126506	-0.028613	0.138238	0.110474	-0.304363	-0.001640	-0.041356	-0.061481	0.051766	0.172824	0.027091	0.183285	-0.021151	-0.057244	0.031152	-0.031982	0.020204	0.047949	0.087467	0.056390	-0.015564	0.263462	0.090021	0.006407	-0.030304	-0.002383	-0.095557	0.170363	0.013659	-0.095284	0.034654	0.107403	-0.095861	0.045451	0.030850	-0.111793	-0.076494	0.126110	-0.196913	0.009477	-0.111274	0.003910	0.004742	-0.090694	0.188196	-0.023842	0.085408	-0.059236	0.054366	0.053767	0.043837	0.030661	0.130727	-0.081548	-0.017765	0.056379	-0.132755	0.042207	-0.184244	0.176220	0.184764	-0.029060	-0.195882	0.097122	-0.002575	-0.025006	0.100004	-0.010616	0.062016	-0.053490	-0.093308	-0.005105	-0.092297	-0.071525	0.067132	0.097693	0.009642	0.065998	0.012790
chr11:107879536-107881537	0.687980	0.582420	0.103084	0.134706	-0.437827	0.225723	0.093647	0.202271	0.084912	0.190775	-0.198717	-0.217339	-0.069269	-0.307345	0.010902	-0.089685	0.055736	-0.033830	0.207828	0.133611	-0.072289	0.111040	-0.124769	0.291685	-0.110848	0.177740	0.083155	-0.102144	-0.107410	0.019539	-0.138658	0.038358	0.176808	-0.114089	-0.022594	0.134739	-0.043191	0.037809	-0.121263	-0.239002	0.078620	0.000412	-0.105367	-0.041828	0.056118	0.213772	0.007116	0.016848	-0.049122	-0.015904	0.068514	0.037949	-0.202513	0.167012	-0.035487	-0.025573	-0.028925	0.376924	-0.166788	-0.064382	0.164149	-0.003822	-0.031560	-0.126228	0.190623	-0.231170	-0.059533	-0.002105	0.107700	0.138779	0.029639	-0.190330	-0.258925	-0.062795	0.061508	-0.070267	0.269729	-0.338481	-0.028038	-0.155122	-0.148704	0.165396	0.166339	0.104270	0.176938	-0.045514	-0.182956	-0.070748	-0.011651	-0.203657	-0.133633	0.050494	-0.040219	-0.174571	-0.159294	-0.009976	0.165457	0.058763	0.005679	-0.014771	-0.188606	0.100798	0.202701	0.059250	0.035482	0.134689	-0.048714	0.040235	0.064088	0.018816	-0.118845	0.194350	-0.044705	0.066964	-0.075500	0.155690	0.101151	0.018553	0.184887	-0.055486	0.037883	-0.027014	0.130910	0.085486	-0.011082	-0.005948	0.112909	-0.054469
chr11:108209402-108213400	0.836101	0.283517	0.046257	0.188256	-0.313290	-0.043608	0.446673	-0.096038	0.017961	-0.172300	0.193837	0.024943	0.180252	0.234765	0.020063	-0.069616	0.126940	-0.039746	-0.059695	0.054379	-0.129718	0.005518	-0.054353	0.084883	0.067220	0.038312	0.246229	0.135665	0.036794	-0.097825	0.168091	-0.049162	-0.138965	-0.013088	0.282184	-0.103954	0.022901	-0.104044	-0.063497	-0.061127	-0.057538	0.105293	0.029538	-0.043270	-0.105020	-0.105188	-0.018862	-0.114771	0.170608	-0.144889	-0.008889	-0.001659	0.081719	0.038309	-0.038956	0.190255	-0.326167	-0.055419	-0.105085	0.033763	0.006815	-0.081238	-0.177987	0.084785	-0.038324	-0.019712	0.080649	0.004393	-0.027726	0.105936	0.049100	0.054874	0.044898	-0.042784	-0.139684	-0.014239	0.095211	0.089454	0.018155	0.015111	0.076434	0.107249	0.018391	0.084122	-0.090395	-0.018566	-0.059212	-0.017906	0.031840	-0.111892	0.094568	-0.098603	0.168595	0.119379	-0.005613	-0.056756	-0.192530	0.026263	-0.106106	0.069261	0.083780	-0.119741	-0.009744	-0.010297	0.178829	-0.091682	0.114381	-0.006353	-0.027650	0.090668	-0.027300	-0.163614	0.036750	-0.027956	-0.140057	-0.177591	-0.129846	0.071508	-0.069144	0.087903	-0.060244	0.149374	0.022177	0.055187	0.024257	0.058937	-0.029229	0.010430
chr11:109962202-109963400	0.377059	0.793754	0.252660	0.224184	-0.237878	0.652106	0.067924	0.074573	-0.043315	-0.078759	-0.113570	0.175310	0.074406	0.067778	-0.078248	0.299224	0.165263	0.117568	0.119437	0.094154	0.049504	-0.125615	0.054840	-0.018022	0.256936	0.056533	-0.050763	-0.004903	-0.154631	0.125575	-0.034049	-0.151559	0.138422	-0.066644	0.133835	-0.103713	-0.231023	0.239227	0.220428	0.081541	-0.094671	0.014371	-0.003627	-0.206730	0.034151	-0.068057	0.168832	-0.298348	-0.168733	0.061210	0.072091	0.148209	-0.007486	-0.221364	0.172076	0.060011	-0.192178	0.135936	0.020438	0.028774	0.030984	-0.045375	-0.143148	0.321644	0.034327	0.076110	-0.074954	0.149643	-0.053162	0.022812	-0.060845	0.090249	-0.160483	0.107599	0.062589	-0.059626	-0.035220	0.022324	-0.097354	-0.207835	-0.040777	-0.064893	0.133969	-0.033550	0.041578	0.134733	0.104801	0.002642	-0.082405	-0.151520	-0.080338	0.031875	0.122778	-0.130774	0.074058	0.085299	-0.004268	0.021644	-0.141022	-0.152255	0.078171	-0.135278	-0.110445	-0.036165	0.144121	-0.012056	0.145637	0.049025	0.072879	0.017327	-0.094459	-0.242364	-0.047765	-0.162187	-0.069414	-0.006677	-0.133538	0.310121	0.215684	-0.025248	-0.055037	0.100245	-0.047345	-0.041585	0.236825	-0.022300	-0.022619	-0.096052
chr11:68837002-68866200	0.453262	-0.387336	-0.339456	0.030317	-0.074429	-0.344847	0.078252	-0.047859	0.020536	-0.115184	-0.002967	-0.102464	-0.264403	-0.129572	-0.057991	0.008753	0.096385	-0.043936	0.134821	-0.017524	0.025286	0.054297	-0.077117	-0.236987	-0.042015	0.024774	-0.082353	-0.257403	0.144282	-0.020791	-0.048933	-0.043146	0.098943	0.102922	0.069694	0.000312	-0.166509	0.142745	0.387337	0.076271	0.010237	0.013387	-0.092748	-0.069450	-0.030790	-0.010371	0.054863	-0.093966	-0.012016	-0.063261	0.035157	0.107850	0.017369	0.013885	0.059200	-0.025391	-0.021237	-0.072443	0.045026	-0.075883	-0.036487	-0.010585	0.103646	0.018526	0.054330	0.136723	-0.097487	0.137410	-0.087175	0.027858	0.146302	0.001798	-0.042552	0.167269	0.080826	-0.042384	0.064834	0.018255	-0.077212	-0.210538	0.081259	-0.012426	0.063313	0.087859	0.075990	-0.108433	0.102410	-0.143247	-0.094294	-0.089115	0.041041	-0.018209	0.057467	-0.010347	-0.233805	0.052966	0.034215	0.080635	-0.012621	0.038904	0.005430	0.124128	-0.073375	-0.064214	0.128524	0.010856	0.074321	0.039701	-0.063186	-0.013526	0.033004	-0.107154	-0.047527	0.000969	-0.034948	-0.005384	0.016714	-0.168378	-0.068192	0.062940	-0.062053	-0.049001	-0.104304	0.097346	-0.016639	0.033319	-0.148163	0.011665
chr11:68869602-68873200	-0.023467	0.112568	-0.180425	-0.080416	0.234658	-0.294953	0.195606	-0.250989	-0.130574	-0.052810	-0.327154	-0.012199	0.156311	0.054755	-0.094897	-0.127667	0.008406	-0.037968	0.029585	-0.010439	-0.005192	-0.045229	-0.002318	-0.063040	0.118073	0.113762	-0.013569	0.046165	-0.163455	0.128588	-0.039953	-0.128860	0.216257	-0.109104	0.222373	0.015778	0.346821	-0.086882	-0.120329	-0.014340	-0.005560	0.201738	0.004273	-0.095316	0.070551	0.302566	-0.138807	-0.138685	-0.102670	0.128135	-0.023347	-0.233329	-0.117266	-0.027643	0.142599	-0.113100	-0.274765	0.026510	-0.032311	-0.217411	0.062923	-0.028099	0.037211	-0.191975	0.153839	0.031311	-0.023385	-0.074991	-0.015593	0.161917	0.043637	0.218307	-0.284401	0.035490	-0.076709	-0.105530	-0.031092	-0.015670	0.107812	-0.216025	-0.175531	0.028873	-0.017435	0.086858	-0.062178	0.078701	-0.075790	0.013825	0.096223	0.156944	0.060621	0.185034	0.033428	0.138760	0.077046	-0.122411	0.109087	0.006833	0.055184	-0.049323	-0.014997	-0.108868	0.037223	0.011665	0.298518	-0.017649	-0.073492	-0.087477	0.063597	0.014518	-0.007165	0.116318	-0.129508	0.043696	0.245821	0.114872	0.058010	-0.040713	-0.091619	-0.143074	-0.008900	0.014373	-0.073842	-0.052034	0.123897	-0.028421	0.079325	0.072383
chr11:68880643-68882644	0.315547	0.973818	-0.280575	0.042225	-0.307212	-0.151465	-0.090528	-0.042940	0.108391	0.316678	0.038419	-0.221075	0.035439	0.101380	0.118969	0.007912	-0.080048	0.049531	-0.107140	-0.013534	0.214186	0.139781	0.163563	-0.026017	-0.005878	0.126618	-0.117027	0.036888	-0.106008	-0.080607	0.334009	-0.130674	-0.013617	0.000604	-0.113558	-0.126306	-0.014029	-0.049199	0.102288	-0.067752	-0.091586	-0.026055	-0.011685	-0.030808	0.000101	-0.067520	0.037843	-0.000488	0.015794	0.123415	0.057852	-0.034006	-0.235968	0.019917	0.147283	-0.064903	-0.042845	0.173311	0.036211	-0.073989	-0.064455	-0.029204	0.029690	0.008943	0.096465	-0.123301	-0.050021	-0.113960	0.029720	0.082082	-0.062719	-0.032303	-0.130491	-0.059683	0.025643	0.084619	-0.202236	0.140942	-0.022480	0.111233	-0.145472	-0.080749	-0.045744	0.068058	0.088790	-0.262285	0.051344	-0.033745	-0.093250	0.123340	0.032050	0.035632	0.011960	0.109642	-0.045847	0.167817	0.114850	-0.004266	-0.082386	-0.075318	0.049448	-0.096602	-0.086967	0.077152	-0.049546	-0.120381	0.116608	0.129380	-0.107449	0.085814	0.094514	-0.021671	-0.015636	0.003072	0.108274	-0.161290	-0.006835	0.113896	-0.014426	0.045305	0.025644	-0.136789	0.034067	-0.151972	-0.156854	0.045957	0.093494	-0.045834
chr11:68885052-68887053	0.391341	0.717645	0.088315	0.159511	-0.263245	-0.161300	-0.143814	-0.199440	0.123497	0.246175	-0.002475	0.186453	0.028088	-0.082995	-0.283300	-0.154007	0.121174	0.064570	0.088806	-0.092203	-0.082910	0.077115	0.170793	0.034001	-0.039041	-0.059711	0.210775	0.078405	0.087015	0.050403	-0.100776	-0.088984	0.077343	-0.133665	-0.049706	-0.067731	0.145415	-0.161092	-0.065140	0.088880	-0.086055	-0.005964	-0.037990	0.086778	-0.019263	0.130792	0.045631	0.061743	0.179846	0.196014	-0.146969	-0.106466	-0.119963	-0.209639	-0.060077	-0.151549	-0.016649	-0.094893	0.015875	-0.045164	0.243973	0.057069	-0.007346	0.000539	0.093496	0.208717	0.133172	-0.101822	0.002121	0.039057	0.137190	0.012566	-0.059660	-0.104110	-0.003829	-0.112707	0.021539	-0.111334	-0.012964	-0.125102	0.127982	0.083945	0.346929	0.191977	0.038471	-0.029922	0.122216	0.189208	-0.190631	0.062126	-0.144777	-0.064821	0.038776	0.037732	0.078080	0.001715	-0.107048	0.046961	0.036453	0.069727	-0.021279	0.163913	0.106032	0.033639	-0.004775	0.107645	-0.017850	0.104847	0.220821	0.075582	-0.003378	-0.082904	-0.167938	-0.132380	0.050853	-0.067907	-0.069984	0.037499	-0.006687	-0.129089	-0.043914	0.108840	0.079176	-0.126818	0.220868	-0.077655	0.048043	0.194886
chr11:69050978-69052979	-0.208062	-1.170002	-0.730524	-0.152323	-0.020565	0.092321	-0.218503	-0.090063	-0.061390	0.021303	0.059403	-0.095676	-0.061490	-0.136193	0.100634	-0.096376	0.154635	-0.129855	-0.028814	-0.041976	-0.088973	-0.019105	0.044162	0.138144	0.015586	-0.089112	0.178316	0.041128	0.082159	-0.133135	0.257737	0.055695	0.087830	-0.123787	-0.021354	0.191109	-0.191598	-0.129657	0.016232	-0.069695	-0.161468	0.085893	-0.222981	-0.242077	-0.034726	-0.003274	0.031541	-0.112606	0.010784	0.149286	0.022932	-0.061393	-0.116691	0.079979	0.060030	-0.040093	-0.032545	-0.269767	-0.131044	0.062871	-0.110005	-0.015229	-0.109349	-0.178404	0.023298	-0.105383	-0.020482	-0.032281	-0.140255	-0.250358	-0.021896	-0.089005	0.009504	0.037065	-0.145947	0.045928	-0.117055	-0.013277	-0.040068	0.060238	0.047051	0.022731	-0.040392	0.048656	-0.180338	0.042315	0.005513	-0.115566	-0.155806	0.014889	-0.106713	-0.201020	0.043511	0.131785	0.113809	-0.140411	-0.081957	0.081532	-0.062313	-0.075993	0.223388	-0.070893	0.056241	-0.165600	-0.013983	-0.071874	0.003269	0.193366	-0.039961	0.117113	0.166515	-0.029609	0.152920	0.048454	-0.083791	0.043541	0.173578	-0.102147	0.194869	0.034920	0.030389	0.104968	0.059545	-0.009815	-0.092271	0.119198	0.075454	0.020536
chr11:69052154-69054155	0.005311	0.859826	-1.081950	-0.035850	0.233181	0.217258	-0.172247	0.270763	0.055937	-0.075891	0.024237	0.002230	-0.071311	-0.155961	0.076374	-0.098970	0.029172	-0.042574	0.092188	0.088036	0.014367	-0.010657	-0.041074	0.245396	-0.112555	-0.146020	0.230754	0.097059	0.186168	-0.037662	0.392195	-0.033506	0.064937	-0.052244	-0.012016	0.119894	-0.178797	-0.203331	-0.088619	0.076852	-0.083700	0.268147	0.020470	-0.078112	0.126741	0.000976	-0.015661	0.134830	0.059184	0.189914	0.189907	0.060055	0.112111	0.036594	0.207750	0.059494	0.061008	-0.141521	0.076353	-0.062216	-0.088265	0.106194	-0.054072	-0.171655	-0.011593	-0.103571	0.097265	0.034486	-0.108601	-0.156790	-0.014703	0.046708	0.214431	-0.036200	-0.078566	0.054367	-0.115529	0.100886	-0.059294	0.115949	0.028018	0.088407	0.008917	0.203403	-0.100013	0.090558	-0.074528	0.044762	-0.080007	0.091010	-0.136150	-0.047384	-0.096558	0.227748	0.113900	-0.104076	-0.076292	-0.088328	0.067363	-0.121476	0.002778	-0.059935	0.024303	-0.018647	0.153855	-0.001133	-0.045255	0.093249	-0.027509	0.234211	0.145582	0.011163	0.032411	0.033605	0.034050	-0.100583	0.117859	0.072740	0.151462	0.024433	-0.024489	0.129676	0.116686	-0.003126	-0.017148	0.100661	0.027682	0.026805
chr11:69083602-69090000	0.110639	-0.398025	-1.124159	-0.060876	-0.000257	0.190081	-0.252772	0.299945	-0.023942	-0.067894	0.070105	0.144546	0.074133	-0.029081	0.360983	0.136955	0.014994	-0.034050	-0.196034	0.033845	0.102957	0.187926	-0.062956	0.182960	0.094447	-0.041902	0.061571	-0.244470	-0.059657	-0.035424	0.167972	-0.022904	-0.247243	-0.013521	0.058436	0.055362	-0.101065	0.024983	-0.070486	-0.111421	0.030814	0.084559	-0.121328	-0.087179	-0.044338	0.009439	-0.097520	0.129420	-0.166719	-0.010476	0.057605	0.170404	-0.024436	-0.025598	-0.053431	-0.171964	-0.022044	-0.115477	0.181283	0.195694	-0.070768	-0.163971	-0.047758	0.001347	0.115809	-0.111895	-0.034206	0.067633	0.038627	-0.008442	0.096161	0.070033	0.094410	0.006457	0.072835	-0.039003	-0.117894	-0.135009	0.103161	0.112226	-0.039745	-0.040231	0.058597	0.106881	0.029457	-0.115042	0.008666	0.154401	-0.056689	-0.049774	0.070753	0.019596	0.002649	-0.110848	0.191495	-0.063331	0.110967	-0.072855	0.125971	-0.057568	-0.057005	-0.111252	-0.072892	0.109540	0.119161	0.145651	-0.067268	-0.031129	0.042172	0.106580	0.125834	0.100192	-0.107260	-0.143238	-0.023872	0.028379	0.132583	0.050370	0.049383	0.058758	-0.129297	-0.026872	-0.040212	0.036331	0.119809	0.033322	-0.072677	0.063939
chr11:69191002-69193000	0.135841	-0.568693	-0.509280	0.040906	-0.042294	0.411831	-0.034444	0.133993	0.140297	0.150965	0.040512	-0.355099	0.086509	0.067195	-0.018580	0.013152	0.073532	0.072467	-0.152678	0.076736	0.148074	0.137993	0.105018	0.039522	0.104288	0.047585	-0.039575	0.014394	0.021554	0.106560	-0.021285	-0.032914	0.197457	-0.116896	-0.060218	0.114460	-0.106829	0.009365	-0.135727	0.152201	-0.181633	-0.030423	0.014914	-0.078706	-0.086655	0.194418	0.099736	0.103172	0.026102	-0.127805	-0.074671	-0.058722	0.247452	-0.141388	0.088447	0.037119	-0.015496	-0.067916	-0.003929	0.022799	0.155295	0.214069	0.091942	-0.147421	-0.012833	0.015641	0.037809	0.173028	0.001979	-0.071820	0.139701	0.042917	0.218061	-0.013500	-0.023294	-0.096825	0.051701	0.067453	0.131500	0.202842	-0.114841	0.030645	-0.013190	-0.034917	0.022528	0.060525	-0.069474	-0.171533	0.115718	-0.007406	-0.016302	0.151381	0.038560	-0.088360	-0.016767	0.049737	0.032816	-0.030233	0.059397	-0.006841	-0.065735	0.141764	-0.015006	0.006600	-0.034643	-0.062519	-0.090841	0.009083	0.107511	0.017926	-0.053863	0.021839	0.140341	0.038770	-0.129148	-0.037175	-0.008131	-0.090332	0.074120	-0.053173	0.038280	0.049655	0.029133	0.006786	-0.043387	0.038898	-0.081387	-0.003959
chr11:69242913-69244914	0.294447	-0.067663	-0.263646	0.006222	-0.322879	0.101368	-0.172341	0.088329	-0.104155	-0.006954	-0.112700	0.245726	-0.113876	-0.123170	-0.314323	-0.029259	0.098848	-0.036836	0.038282	-0.003650	-0.038323	0.012447	-0.306908	0.009552	-0.224887	0.025222	0.080813	0.127167	-0.067950	-0.044135	-0.336871	0.031380	0.114360	-0.034318	-0.172346	0.125245	-0.049319	0.011263	0.112582	0.097288	-0.013804	0.087188	-0.169523	-0.171979	-0.086252	-0.004015	-0.042735	-0.041318	-0.015086	0.146981	0.191098	0.043003	-0.143863	0.187241	0.026534	-0.180955	0.076062	0.106426	0.023429	0.102896	-0.158524	0.090703	-0.030732	0.181438	0.204791	0.017769	-0.119263	0.037988	-0.206180	0.027725	-0.078615	-0.023531	-0.001902	0.088845	-0.117302	0.142700	0.105683	-0.051286	-0.102179	0.055355	0.046140	0.055479	0.006905	0.064145	0.061778	0.026597	-0.036692	0.095994	0.024103	-0.018836	-0.053645	0.004757	0.048098	0.006876	-0.126823	-0.056240	-0.009039	0.049259	0.035770	-0.114658	0.000693	-0.135254	-0.134603	0.184955	0.119736	-0.103257	0.163804	0.042903	-0.019563	0.145730	0.091930	-0.007694	0.038078	0.195367	0.110355	-0.040906	-0.021375	0.084893	0.119250	-0.058253	-0.051096	0.014009	-0.137670	-0.111908	-0.058211	0.021398	-0.037758	0.003148
chr11:69249002-69254400	0.345417	-0.548225	-0.491265	0.087130	0.175720	0.056102	-0.058313	0.101224	0.218700	0.182991	0.167343	0.113655	0.026787	-0.160713	-0.145538	-0.091927	0.120823	-0.083657	0.187762	0.141030	-0.102053	-0.033304	-0.115406	0.060605	0.032431	-0.054762	-0.046234	-0.035873	0.205044	-0.127612	0.098121	0.094946	-0.229489	-0.212549	-0.231409	0.023844	-0.037384	-0.014872	0.269226	0.044142	-0.125705	0.040309	-0.152091	0.118118	-0.177095	-0.078478	-0.129374	0.027300	0.262476	0.012270	0.036590	-0.074891	0.026337	0.048215	0.092124	-0.130227	-0.076039	-0.056312	-0.039240	0.127127	0.201390	0.017254	-0.247069	-0.011593	-0.024544	0.011123	-0.084043	0.092085	-0.055222	0.172739	-0.002425	-0.042603	0.067159	-0.273636	0.157741	0.099404	-0.095820	-0.107766	0.013023	0.067507	-0.036518	0.065833	-0.161234	0.041326	-0.076939	0.080429	-0.131533	-0.065579	0.082528	0.014711	0.025590	0.041909	-0.107468	0.063392	-0.061168	-0.108002	0.050127	-0.039290	-0.148898	-0.055245	-0.212551	0.174641	-0.142773	-0.219464	-0.022295	0.236845	-0.050896	-0.054122	0.102689	-0.019312	0.129988	-0.074626	0.001862	-0.090983	-0.080631	-0.152764	0.012149	-0.112116	-0.039930	0.021536	-0.239406	0.000943	0.010259	-0.106743	-0.039770	-0.084534	0.107582	0.034835
chr11:69255005-69257006	0.568106	-0.016863	-0.245913	0.025767	0.081237	0.049601	0.014675	-0.199382	-0.185395	-0.055980	0.125599	0.184740	0.729538	-0.375374	-0.191757	0.547681	-0.262303	0.348611	-0.348468	-0.098412	-0.156392	0.253447	-0.288134	-0.186514	-0.441901	0.181878	0.209552	-0.182402	0.288005	-0.076281	-0.285661	0.010742	-0.072571	0.138497	-0.005683	-0.160056	0.128042	0.031808	-0.191487	-0.045283	-0.006541	-0.069520	-0.049317	-0.107241	-0.032718	-0.053383	0.152380	-0.158241	-0.120157	-0.164174	0.001023	0.010666	-0.080133	0.048225	-0.049142	-0.114382	0.116214	0.125483	-0.016527	0.173800	0.060249	0.096015	-0.100489	-0.058871	0.041525	-0.023484	0.136965	-0.053577	0.009708	0.000151	0.138144	0.017433	0.111586	0.050937	-0.098966	0.135686	0.053572	0.095105	-0.031596	0.180558	0.044118	-0.002982	0.060166	-0.019120	-0.056321	-0.073575	0.077519	0.017238	0.082167	0.086020	0.022975	-0.060193	-0.081133	-0.103302	-0.022967	0.005006	0.101734	0.070804	-0.040452	0.098807	0.094278	-0.000523	-0.034358	0.012155	-0.036713	-0.049820	0.021710	-0.070557	-0.020940	-0.162546	0.034995	-0.008860	-0.026400	-0.058296	0.028498	-0.081875	0.078259	-0.063216	-0.018038	0.072881	-0.074304	-0.016193	0.113412	-0.081879	-0.029341	0.039764	-0.096165	-0.011674
chr11:69255008-69257009	0.563972	-0.003660	-0.246077	0.021962	0.078297	0.059163	0.028823	-0.182917	-0.172849	-0.053386	0.141846	0.168981	0.721719	-0.384621	-0.176072	0.545057	-0.276649	0.346336	-0.335407	-0.117798	-0.144352	0.252306	-0.289725	-0.173675	-0.453750	0.182373	0.213372	-0.187321	0.284779	-0.074596	-0.293081	0.021202	-0.093186	0.148994	0.004858	-0.186138	0.125137	0.024246	-0.209859	-0.045230	-0.004889	-0.062513	-0.045121	-0.106551	-0.014248	-0.029984	0.144519	-0.151914	-0.115760	-0.172555	0.010129	0.007805	-0.080730	0.052283	-0.046961	-0.111150	0.115728	0.114213	-0.009230	0.156172	0.078054	0.100637	-0.088476	-0.066478	0.030579	-0.036706	0.135039	-0.072674	0.017307	0.011511	0.126850	0.016391	0.113315	0.026086	-0.093277	0.140119	0.056450	0.099584	-0.022537	0.183420	0.047552	-0.004558	0.049006	-0.022556	-0.043452	-0.075085	0.064833	0.031559	0.069876	0.080310	0.032977	-0.054282	-0.058921	-0.106041	-0.014390	-0.002148	0.107607	0.050986	-0.055432	0.101179	0.103390	-0.023136	-0.023225	0.003795	-0.024220	-0.041974	0.022472	-0.070531	-0.027627	-0.178553	0.022595	-0.003662	-0.020701	-0.069180	0.027339	-0.075199	0.076831	-0.064540	-0.008992	0.065382	-0.061803	-0.016111	0.109022	-0.074086	-0.033300	0.021402	-0.082306	-0.006199
chr11:69255011-69257012	0.580003	-0.019816	-0.245814	0.022519	0.081478	0.037789	0.010344	-0.182963	-0.160127	-0.058965	0.118511	0.193553	0.718661	-0.360596	-0.184601	0.531514	-0.279685	0.348406	-0.354003	-0.087046	-0.163151	0.261373	-0.301152	-0.197951	-0.425929	0.164187	0.207958	-0.199746	0.273729	-0.063777	-0.280359	0.014561	-0.066578	0.156101	0.005247	-0.155907	0.117328	0.033352	-0.200373	-0.039213	-0.027158	-0.077376	-0.059855	-0.132617	-0.028246	-0.042687	0.144002	-0.134740	-0.117185	-0.157663	0.000183	0.013508	-0.067470	0.055642	-0.055489	-0.120627	0.123235	0.125733	-0.006398	0.183515	0.067467	0.092976	-0.105157	-0.064319	0.043756	-0.014565	0.137681	-0.044561	-0.012282	0.000597	0.131063	-0.009598	0.110566	0.031516	-0.109868	0.140192	0.058520	0.088929	-0.022040	0.169853	0.045209	0.006503	0.050336	-0.003768	-0.039427	-0.055493	0.100944	0.016527	0.082723	0.099601	0.046898	-0.072992	-0.067035	-0.086314	-0.033100	0.006518	0.103430	0.067701	-0.039714	0.094291	0.082512	0.012117	-0.024174	0.023022	-0.029967	-0.052155	0.021861	-0.058708	-0.048902	-0.184701	0.029472	0.017892	-0.027135	-0.088847	0.020911	-0.080549	0.073400	-0.055187	-0.014508	0.059103	-0.065938	-0.032795	0.102328	-0.076372	-0.047591	0.035098	-0.074082	0.010104
chr11:69257002-69267000	0.381942	-0.553028	-0.223245	-0.113745	-0.056036	-0.135633	-0.129932	-0.011145	-0.203048	-0.221675	-0.098307	0.041620	-0.191747	0.044651	0.091888	-0.116182	-0.019689	-0.104287	0.134454	0.016237	-0.158318	-0.193663	0.052627	-0.084419	-0.058404	0.132971	0.079822	0.080541	0.112323	0.042461	-0.182420	0.105112	-0.128288	0.006590	-0.182496	0.119907	-0.109311	-0.016402	0.141059	0.059890	0.027802	0.001953	0.052686	0.015539	0.031349	-0.093467	-0.085354	0.034497	-0.108795	-0.056394	0.187806	0.051221	-0.047760	-0.105186	-0.084991	-0.015323	0.019708	0.027773	0.130157	-0.069543	0.234154	-0.028344	-0.065034	-0.115104	0.058012	-0.097876	0.059919	0.062106	-0.016902	-0.062831	-0.116774	0.175960	0.075452	-0.066835	-0.110686	0.092318	0.020186	-0.074108	0.099778	0.092951	0.120021	-0.044651	0.022067	0.041621	-0.035181	-0.038339	0.087586	-0.063112	-0.042593	0.051312	0.013064	0.034962	-0.073158	0.053093	0.092986	0.138353	-0.002833	-0.105373	-0.105417	-0.137380	0.064422	-0.105216	-0.058251	-0.000326	-0.020318	0.057362	0.125131	0.008727	-0.164890	0.059953	-0.016567	-0.002688	0.008664	0.132420	-0.042904	-0.044786	0.157835	0.107373	0.070818	0.028293	0.026460	-0.008912	0.048045	-0.134889	0.120979	0.049961	0.126265	-0.073593
chr11:69276802-69281000	0.458587	0.102378	-0.504972	0.045869	0.063748	-0.221669	-0.119376	0.030187	0.065954	0.153634	-0.282122	0.116389	-0.011446	0.070174	-0.172430	-0.197215	0.193360	0.182811	-0.019008	0.038975	0.044677	-0.060647	-0.011408	-0.033644	-0.044095	0.055372	0.314020	0.015400	0.037702	-0.101505	-0.120757	0.070849	0.069463	-0.114064	-0.147912	-0.065516	0.123807	-0.089880	0.059552	-0.173434	-0.060729	-0.107589	0.020738	-0.171317	-0.006521	0.044555	0.110352	-0.001799	0.055997	-0.018643	-0.013688	0.111568	0.004770	0.085995	0.074517	0.009027	-0.043888	0.109220	-0.024905	0.039949	0.038654	0.300161	0.293254	0.006035	0.021649	0.109897	0.010118	-0.024525	-0.008022	-0.163473	-0.076339	0.011603	0.073202	-0.054323	-0.025078	-0.149891	-0.017221	0.029027	-0.108108	0.138408	0.037726	-0.201037	-0.047936	-0.106954	-0.050381	0.027487	-0.099507	-0.025802	-0.059764	-0.032699	-0.179579	-0.201457	0.018506	-0.014311	0.089365	-0.110538	-0.158297	-0.005165	0.005348	0.069684	0.028378	-0.014789	0.118537	-0.004528	0.053441	0.029171	-0.076239	-0.085622	0.056816	-0.047412	-0.088910	-0.107967	0.039363	0.111434	0.024843	0.033162	0.041074	0.002771	-0.110362	0.058046	0.073361	-0.041900	0.049048	-0.061573	0.119744	-0.084084	0.133160	-0.139005
chr11:69281002-69287200	0.774067	-0.530175	-0.127042	0.047443	-0.108688	-0.080839	0.052989	0.287304	-0.159852	-0.041495	-0.087122	0.066207	-0.179945	-0.029832	-0.002995	-0.057054	-0.056142	0.077678	0.034324	-0.096849	-0.121718	-0.096950	-0.076616	0.334665	0.138551	0.007806	0.131850	-0.067327	0.081487	-0.000293	0.003510	-0.003397	0.035200	0.047948	-0.160888	0.167841	-0.071859	0.008098	-0.115505	0.015534	0.218907	0.179240	-0.050495	-0.080746	0.090183	-0.083989	-0.021171	-0.256428	-0.014400	0.191528	-0.150758	-0.214398	0.027422	0.008970	-0.197331	-0.021345	0.019544	0.246107	-0.131689	0.005728	0.052020	-0.000476	0.091742	-0.062460	-0.221486	0.074005	-0.090749	0.153689	-0.179794	-0.007885	0.028807	0.126720	0.042298	0.024367	-0.074529	-0.126217	0.221982	0.137278	-0.060837	-0.111497	-0.005348	-0.243863	0.058245	-0.107696	0.053344	0.064443	0.058291	-0.002246	0.209994	-0.063328	-0.273296	-0.014475	-0.053756	-0.021648	-0.222496	0.151696	0.153650	0.176823	0.059788	-0.014292	-0.166924	-0.057789	0.032814	0.024488	0.038216	-0.114262	0.022562	-0.058371	0.008489	0.209396	0.135695	0.024966	-0.078363	-0.109506	-0.004163	0.130271	-0.081583	0.097798	0.226761	0.002350	-0.028825	0.072835	-0.020080	-0.037759	0.003739	0.152897	0.021010	-0.011831
chr11:69286640-69288641	-0.158352	-0.850567	-0.542811	-0.176834	0.046013	0.543496	-0.142004	-0.244425	0.083245	0.045000	-0.008332	-0.336609	-0.020429	0.050249	-0.113405	-0.018072	0.056270	-0.010457	0.031405	-0.236758	-0.015139	-0.071854	0.107959	0.021282	-0.038471	-0.023186	-0.040772	-0.127527	-0.134717	0.009545	-0.107705	-0.078780	0.055896	-0.146133	-0.196129	-0.046893	0.119637	-0.138468	-0.018282	-0.433589	-0.016001	-0.028073	-0.040865	0.038565	0.007147	-0.097389	0.067244	0.027479	0.115752	0.035244	0.144918	0.274380	-0.051897	-0.043830	0.150159	-0.000402	-0.030650	0.197976	-0.063419	0.056172	-0.054328	-0.099279	-0.028081	-0.028822	0.026021	0.160129	-0.032364	0.011625	-0.068720	0.115519	0.005654	-0.111777	-0.019647	0.073286	0.317434	-0.068400	0.011084	0.099257	0.006423	0.087304	-0.121844	-0.049393	-0.104944	0.012693	0.086043	-0.064697	-0.024377	0.010714	-0.106443	0.101416	0.043658	0.121493	0.167152	0.097492	-0.134219	-0.028777	0.034975	0.191559	0.114765	0.130927	-0.070610	-0.181283	-0.070236	-0.265152	-0.101715	-0.080677	0.005282	0.064023	0.057299	-0.076587	-0.058208	0.056199	0.088364	-0.058958	0.172588	-0.002800	0.089321	-0.048344	-0.033019	-0.037234	-0.061110	0.021906	-0.016471	-0.146433	0.017756	-0.061284	0.079202	-0.099728
chr11:69299402-69305200	0.391851	-0.218477	-0.756952	-0.071882	0.054887	-0.060296	-0.178029	-0.018660	-0.243648	-0.158504	-0.125441	0.112967	0.164354	0.128981	-0.006308	-0.048592	0.226546	-0.183977	0.114957	0.076870	-0.040023	-0.063097	-0.178044	0.012809	-0.145635	-0.052795	0.017567	0.019881	-0.015205	-0.073560	0.025889	0.145585	-0.119631	0.037444	-0.271454	-0.102061	-0.013662	-0.064253	0.040936	-0.044467	-0.071558	-0.010745	0.012299	0.050157	0.058507	0.080568	-0.190908	-0.026937	-0.149363	-0.053063	-0.143139	0.040327	-0.080148	0.093059	-0.023774	-0.098583	0.068294	-0.035584	-0.112733	-0.122155	0.086494	-0.080537	0.138377	0.235639	0.102650	-0.024643	-0.008995	0.153838	-0.026675	0.084830	0.040340	-0.023864	-0.100038	0.057076	-0.033563	-0.177699	-0.224709	0.198791	-0.138429	0.061581	-0.217914	0.252016	0.122325	0.060708	-0.071204	-0.173106	-0.032303	-0.140496	-0.080168	0.110494	-0.111068	0.114166	-0.025436	0.008668	0.001326	0.044063	0.001403	0.050877	-0.031311	-0.030656	-0.007928	0.125020	0.019482	-0.094838	-0.039501	-0.099180	0.060308	-0.043501	0.087860	0.216890	0.045658	0.042636	0.100853	-0.254055	-0.061266	-0.008587	-0.010592	0.014913	0.078645	0.023461	-0.058091	-0.011922	-0.070135	0.093562	-0.018756	-0.038402	-0.043984	-0.053770
chr11:69304799-69306800	0.237806	-0.624136	-0.388633	-0.053132	0.058948	0.089271	-0.017435	-0.206060	0.125352	0.030790	-0.049718	0.209939	0.165513	0.046224	-0.124433	0.005270	0.045423	-0.006975	0.142242	-0.000448	-0.073304	-0.035591	0.147568	0.145544	0.000817	-0.030775	-0.168770	0.040709	-0.000436	-0.100810	-0.038508	0.057171	0.078564	0.026141	-0.060584	0.053401	-0.049346	-0.032656	-0.055856	0.049561	-0.089773	-0.028493	-0.002832	0.048398	-0.090485	0.117287	-0.091525	0.088852	0.051061	0.058041	-0.017870	-0.253348	-0.030590	0.062874	0.152800	0.114896	0.107414	0.040145	-0.095695	0.021426	0.013649	0.071674	-0.106192	-0.082479	0.130854	-0.008395	0.044496	0.072301	-0.244819	-0.073245	-0.040876	-0.017874	0.115580	0.025729	-0.227579	-0.079846	0.115476	-0.105250	-0.035436	-0.077059	0.048003	0.188534	-0.188137	0.003054	0.085233	0.129350	0.120348	0.015903	-0.222530	0.138389	0.084979	-0.026333	0.008599	0.008159	0.133942	0.096923	0.078824	-0.007753	0.072895	0.074317	-0.019146	-0.006624	0.057339	0.135241	-0.021771	-0.181994	-0.126114	-0.045888	0.262287	-0.149020	0.132468	0.047571	-0.052376	0.100210	-0.059400	0.029945	0.057779	0.012789	-0.094402	0.154035	-0.072980	0.176911	0.034562	-0.151841	-0.216544	-0.107694	-0.114229	0.045916
chr11:69308202-69315800	0.338081	-0.463800	-0.590855	-0.111420	-0.081821	0.243243	-0.176844	0.230119	-0.272239	-0.229472	-0.252907	-0.015812	-0.040193	-0.059750	-0.081295	-0.081886	0.043867	0.030531	-0.102212	0.044114	0.054639	0.071178	-0.116993	0.107856	-0.007213	0.057874	-0.249312	-0.086773	0.056701	-0.071792	-0.014626	-0.168811	-0.034345	-0.051770	-0.089915	-0.006128	-0.021252	-0.108152	-0.248246	0.025491	-0.131682	-0.130658	0.054620	-0.022346	-0.175540	-0.125085	-0.074566	0.119896	-0.068105	0.060961	0.156688	0.088797	0.044455	-0.126813	-0.052755	0.027888	0.088494	-0.101200	0.012632	0.121729	0.109482	-0.035674	-0.138341	-0.036367	0.000080	0.151848	0.186066	-0.073191	-0.126866	-0.001745	-0.008930	0.074346	-0.023777	0.059688	0.123883	0.040968	-0.028979	0.243608	-0.041612	0.118858	0.109836	-0.137747	0.123064	-0.093955	0.113897	-0.075557	-0.059220	-0.040135	-0.042461	-0.079856	-0.042569	0.078424	0.048159	-0.049208	0.080935	-0.002786	-0.131998	-0.029907	0.095534	-0.078549	0.047209	-0.157223	0.015497	0.046758	-0.007624	0.204249	-0.090677	-0.014348	0.027968	0.075443	0.126567	0.041243	0.009893	0.019174	-0.026904	0.031795	-0.053103	0.054786	0.014030	-0.031658	0.137194	0.031033	0.060490	0.125491	-0.118796	0.050989	0.043839	-0.017832
chr11:69314935-69316936	0.649773	-0.024228	-0.025477	0.017626	-0.012320	0.250195	0.069424	-0.023627	-0.292792	-0.309010	-0.154984	0.119375	-0.076390	0.268808	-0.056032	0.094396	0.073877	-0.172842	-0.032215	0.095658	-0.023571	0.165122	0.031430	-0.075764	-0.005646	0.007963	0.135658	0.101730	-0.119953	0.032609	0.098425	0.181548	0.140125	-0.212466	-0.172048	0.035875	0.018133	0.024154	0.015252	0.006521	-0.094026	-0.107349	-0.136906	-0.104557	0.108797	-0.027638	-0.133645	-0.002920	0.067847	-0.056526	-0.011393	-0.041540	-0.131325	-0.025450	0.371439	-0.055260	-0.054523	0.075655	-0.081103	-0.115702	-0.060913	-0.001642	-0.276379	-0.214227	-0.005507	0.063998	0.065634	0.031652	0.149631	0.075308	0.120102	-0.121266	-0.167288	0.253334	0.017905	0.059887	0.125644	0.089838	0.069377	-0.078003	0.024390	-0.066168	0.168696	-0.129958	-0.075543	-0.061002	-0.217536	0.001281	0.170876	-0.087632	-0.023424	-0.041494	0.042115	0.062852	0.233437	0.188674	0.020629	0.038617	0.050082	-0.117539	0.035202	0.045576	-0.028421	-0.074074	-0.068259	-0.147462	-0.087108	0.119661	0.046021	-0.071056	0.093836	0.087909	0.059457	-0.068585	0.013336	0.032811	0.111835	-0.095697	-0.054033	0.119179	0.031148	0.091829	0.168849	0.036838	0.008610	0.041983	-0.084323	0.128676
chr11:69316977-69318978	0.410424	0.351630	-0.007080	0.191368	0.107339	0.079679	-0.194710	0.195851	0.012666	0.140564	-0.018025	0.064385	-0.026806	-0.095502	0.269046	-0.061790	0.328512	-0.202872	0.206088	0.072144	-0.343105	-0.278645	-0.110682	-0.027366	0.008780	0.203325	0.291893	0.215086	-0.054568	-0.138914	0.043587	-0.057246	-0.043798	0.021670	0.108094	0.022589	-0.170933	0.067982	-0.114978	0.156257	0.015230	-0.177569	0.005247	-0.224386	0.039436	-0.047277	0.060632	0.168362	-0.034026	0.228404	-0.107202	0.100103	0.033241	-0.185925	0.047367	0.213066	0.188874	0.180769	0.080681	-0.017280	-0.160359	0.095944	0.016477	0.026178	0.048312	-0.006646	-0.058449	-0.091783	-0.056316	-0.143325	-0.159357	0.029538	0.190286	0.123186	-0.057657	0.026655	-0.025834	0.019874	-0.181239	-0.058005	0.187824	0.086165	0.142027	0.212624	0.119127	-0.030177	-0.033988	0.022620	0.093029	0.051931	0.076994	0.106921	0.050029	0.048541	0.114266	0.078508	-0.006622	0.053545	0.100608	0.082842	0.147124	0.048538	0.080674	0.097913	0.010961	0.210738	-0.051153	-0.044587	0.046248	-0.057246	-0.109729	0.067187	0.036549	0.007118	0.063652	0.115481	0.044011	0.138779	-0.014008	-0.090161	-0.089091	-0.087673	-0.020694	-0.071051	-0.036862	0.035378	-0.038104	-0.077342
chr11:69317175-69319176	0.413340	-0.023581	-0.096795	0.096170	-0.034132	-0.046245	-0.229858	0.068778	0.034896	0.170099	-0.099370	0.066997	-0.013586	-0.014473	0.206007	-0.041906	0.281209	-0.292622	0.183696	0.207012	-0.387217	-0.211988	-0.126638	0.041467	-0.041501	0.182613	0.280150	0.200936	-0.024119	-0.091497	0.044656	-0.031967	-0.055934	0.069833	0.150952	-0.031756	-0.146097	0.061101	-0.094022	0.074000	-0.000705	-0.085018	0.103301	-0.160000	0.016168	-0.053308	0.089458	0.187999	-0.034360	0.194763	-0.077042	0.067308	-0.060320	-0.202897	-0.012859	0.188868	0.241080	0.041085	0.078305	0.041180	-0.152274	0.126019	-0.105703	-0.067677	0.077601	-0.060246	-0.114259	-0.073765	-0.037385	-0.116026	-0.232521	0.047377	0.210987	0.134027	-0.091497	-0.020647	0.002509	0.084928	-0.142391	0.015110	0.177500	0.134303	0.102148	0.235955	0.170458	-0.106209	-0.061151	0.053961	0.089467	0.042283	0.064079	0.095991	0.000450	0.063559	0.163353	0.020076	-0.077842	0.067208	0.267907	0.051542	0.110841	0.017024	0.036652	0.093961	-0.033228	0.144964	-0.073773	-0.084046	-0.008740	-0.086732	-0.180066	0.051303	0.063714	0.004364	0.113736	0.153840	0.083741	0.136222	-0.071047	-0.043982	-0.077572	-0.136090	0.033520	-0.009085	-0.049378	-0.002411	0.030317	-0.092417
chr11:69323989-69325990	-0.062828	0.035193	-0.155503	0.164821	-0.114956	0.475025	-0.100800	0.423762	-0.051853	-0.042022	-0.063216	0.252532	0.125597	-0.045654	0.532517	-0.157737	0.146259	0.121579	0.245090	-0.107180	-0.033882	0.088415	-0.163770	0.009634	-0.097385	0.009386	-0.280094	-0.051500	-0.189269	-0.109552	0.305687	-0.062037	-0.000689	0.358030	-0.366788	-0.011144	-0.107062	-0.053235	0.068207	0.048334	-0.117197	-0.197024	-0.309202	-0.168080	-0.063833	0.326537	-0.177825	0.069312	-0.043433	-0.206783	-0.023791	0.144104	-0.002278	0.188614	0.052608	0.108072	-0.031836	-0.102031	-0.332507	-0.075238	0.094739	-0.363423	0.098873	-0.089990	0.243565	-0.227728	-0.005614	0.051629	-0.014516	0.200399	0.027820	-0.119690	-0.035412	-0.077928	0.209696	-0.090163	0.163123	0.029056	0.170065	-0.027502	0.167197	0.021638	0.076595	-0.020076	0.059572	-0.044657	0.086949	0.003468	0.022034	-0.197152	-0.003764	0.091819	-0.211529	0.012917	-0.119121	0.050772	-0.078080	0.046132	-0.172355	0.147227	-0.022645	-0.180531	0.092705	0.163641	-0.130439	-0.028385	0.301457	-0.105743	0.021799	0.012542	0.040616	0.005184	0.032696	-0.113982	0.154719	0.231865	0.037439	-0.000614	-0.106018	-0.183525	0.083912	-0.032599	0.034478	-0.116087	-0.010374	-0.016577	0.064195	0.005876
chr11:69329742-69331743	0.729759	0.281946	0.193906	0.101393	-0.022465	-0.070033	-0.434255	0.031642	-0.064363	0.230036	0.100172	0.091485	0.082142	-0.368920	0.377968	0.065395	0.034680	0.086377	-0.035912	-0.047750	-0.037000	-0.089745	0.178254	0.194420	-0.145137	0.054467	-0.117538	0.009413	0.032430	-0.175504	-0.045585	0.214443	-0.024054	-0.146416	0.014867	-0.038872	-0.016810	0.000727	0.139180	-0.005201	-0.060614	0.069803	0.089834	-0.121788	-0.074439	0.030149	0.143232	0.121733	0.074608	-0.093424	0.048923	0.047346	-0.154843	0.180648	0.129362	-0.009248	0.114284	-0.021582	-0.036273	0.052509	-0.069267	0.026636	-0.040145	-0.039464	0.015754	0.105432	0.023609	-0.129453	-0.113739	0.041272	-0.110904	0.066399	0.007024	0.079747	0.043801	-0.199533	-0.012106	-0.042916	0.129267	-0.037792	0.026099	-0.304620	0.036633	0.111581	0.096334	-0.021345	-0.063601	-0.003739	0.028805	0.114773	-0.070532	0.030479	-0.190647	-0.094346	0.101717	0.040710	0.045666	0.028893	0.226903	-0.224271	-0.010467	0.307408	0.063140	-0.054580	-0.072723	0.048666	-0.062637	-0.035691	-0.010725	0.001906	0.038019	0.171983	0.175271	-0.062851	-0.094478	0.008171	-0.063467	-0.202564	0.089678	0.090810	-0.092380	0.078586	-0.063425	0.000732	0.062339	-0.000913	0.027318	-0.084379
chr11:69331202-69334200	0.804549	-0.373144	0.245534	0.120417	-0.182862	-0.152901	-0.312245	0.270493	0.016700	0.164152	-0.028054	-0.056260	-0.041125	-0.181627	0.365645	0.026049	-0.175279	-0.169658	-0.110563	0.098309	-0.043382	0.009269	-0.104963	0.146741	-0.194041	-0.005447	-0.036422	-0.014036	0.122853	-0.121154	-0.113761	0.011140	0.057051	0.009530	-0.056946	-0.048485	0.053044	-0.049771	0.017495	-0.070904	0.140198	-0.022447	0.057732	0.108297	0.011577	-0.067551	0.280030	0.262740	0.123391	-0.122705	0.205849	0.088528	-0.084769	0.131364	0.124801	-0.077606	0.205159	-0.136899	0.064177	0.116557	0.161051	0.157013	0.016130	-0.034127	0.045935	-0.044691	-0.205394	0.023137	0.095718	-0.053571	-0.024838	0.045905	0.097841	0.024250	-0.175296	-0.147250	-0.008296	0.023695	0.093380	0.028620	-0.043612	-0.177647	0.066184	0.120440	0.028082	-0.039134	0.067350	0.044621	-0.012444	0.026085	0.025656	-0.032634	0.020256	-0.045383	-0.060816	-0.027055	-0.027493	0.063633	0.023511	-0.077614	0.077506	0.108297	-0.017933	-0.056664	0.193037	0.124332	-0.187491	0.018258	0.009050	-0.228852	-0.062352	-0.075693	-0.011639	-0.069825	0.025698	0.028540	-0.018423	-0.138448	-0.059252	-0.078718	-0.114779	-0.040339	-0.000956	-0.085411	0.013778	-0.039350	0.014334	0.012812
chr11:69344852-69346853	0.771707	0.091958	0.146341	-0.036853	-0.286700	0.070990	-0.252657	0.203706	-0.184611	0.009147	0.025946	0.160159	0.047409	-0.186551	-0.110065	0.146917	0.009167	0.140582	0.091891	-0.010146	0.178722	-0.088960	0.121030	0.010415	0.053898	0.060030	0.169498	-0.168680	0.084334	-0.073930	0.020135	0.154588	0.109510	0.012695	0.064360	-0.057480	0.045593	0.048884	0.012312	-0.017689	-0.090163	0.034360	-0.185357	0.114462	0.111021	-0.174118	0.099762	0.138853	-0.006237	-0.117624	-0.000620	-0.057473	0.052869	0.050901	-0.099685	0.013131	-0.158418	0.036151	-0.169923	-0.123507	-0.009852	-0.086202	0.069053	0.105229	0.038401	-0.015282	0.021807	0.001895	-0.002158	-0.041611	-0.093809	0.149224	-0.266637	0.209047	-0.039958	-0.072696	-0.042568	0.083280	0.194459	-0.017987	-0.101367	-0.092861	-0.274655	-0.029939	0.094327	-0.030067	0.154247	-0.015047	0.262566	0.068542	0.009973	0.006560	0.065177	0.026499	0.136121	0.149354	0.128357	0.165569	-0.094307	0.379640	-0.010439	-0.057225	-0.008811	0.095720	0.020924	-0.203162	0.015359	0.018907	0.076252	0.111722	0.181053	0.084255	0.030703	0.012990	0.034720	0.029490	-0.010444	0.099677	-0.077020	0.060566	-0.092872	-0.199762	-0.207488	-0.054656	0.101935	0.098651	-0.038510	0.137414
chr11:69351202-69352000	-0.536099	0.488932	0.421150	-0.048760	0.124060	0.272667	-0.655193	0.081738	-0.292700	0.031304	-0.252443	0.124124	-0.085709	0.091157	0.150112	0.093461	-0.150510	-0.197829	-0.032278	-0.048923	-0.172407	-0.307458	-0.237934	-0.131649	0.139232	-0.063641	-0.064906	0.009419	0.135577	0.031580	-0.001908	0.077718	0.002352	0.258992	0.188108	-0.358958	-0.024755	-0.257017	-0.055090	-0.093402	0.117542	-0.057373	-0.113417	0.001632	-0.005963	-0.151872	0.136130	0.047926	0.202655	0.114730	0.114319	-0.321467	-0.247686	0.205477	-0.071756	-0.192151	-0.095641	0.058247	0.132292	0.080225	0.166149	-0.098837	0.161921	-0.256750	-0.148315	-0.195146	0.027924	0.129798	-0.034783	0.009035	0.227953	-0.036532	-0.038998	-0.081408	0.078267	-0.038064	0.153608	-0.102295	-0.168346	0.221433	0.111654	0.086521	-0.033861	-0.093486	0.097159	-0.024616	0.024742	-0.040941	-0.061706	0.086349	0.197235	-0.062739	0.009129	-0.168806	0.132447	0.157545	-0.213128	-0.237776	0.187191	0.001905	0.088442	-0.025201	0.173282	-0.081834	-0.174727	0.074255	0.069399	0.034960	0.086493	0.178771	-0.172819	-0.043288	-0.049690	-0.241502	-0.053713	-0.071022	0.274095	-0.202321	0.057215	-0.036880	-0.067164	-0.067640	0.009745	0.069706	-0.102834	0.073977	0.132210	0.105925
chr11:69353002-69356800	0.631875	0.273939	-0.402581	0.043895	-0.209242	-0.195449	-0.025837	-0.055913	0.024084	-0.059887	-0.120617	-0.083923	0.042911	0.064841	0.051332	-0.076538	0.188401	-0.100709	0.107668	0.087211	0.018711	-0.105317	-0.186769	0.017703	0.165526	-0.020214	0.023040	0.129291	0.099316	0.066554	0.048170	-0.032337	-0.096773	-0.085193	-0.243428	0.079586	0.112039	-0.044138	0.099664	-0.011436	0.108535	-0.093255	-0.300366	0.161750	0.020001	-0.029544	0.092743	0.050230	0.205946	-0.085848	0.095600	0.026608	0.177469	0.004357	0.155155	-0.043108	-0.052478	0.046600	0.117589	0.111536	0.012672	0.084438	-0.020901	-0.024594	-0.061484	0.001841	-0.116881	0.049180	0.151052	-0.067573	0.034468	0.020689	-0.094957	-0.048330	-0.018048	0.015013	-0.036112	0.194670	0.239055	-0.147556	0.150799	0.052725	0.013073	0.076759	0.015912	0.137425	-0.126570	0.132796	0.147552	-0.048987	-0.038021	0.110737	0.056133	-0.080366	-0.045973	0.228539	0.043509	0.042430	0.092363	-0.080019	0.045840	0.178933	-0.068524	-0.065589	-0.026791	-0.125628	-0.012239	0.010880	-0.006401	-0.084576	0.028432	-0.017116	0.000158	0.024819	-0.080290	-0.065834	0.024662	0.064176	-0.068135	-0.117913	-0.008697	0.012711	0.102871	-0.126539	-0.015239	-0.044825	-0.086386	0.087644
chr11:69390202-69391200	-0.828488	0.098818	-0.680295	-0.303017	0.207110	0.280179	0.050217	0.019521	0.068542	-0.184076	0.068660	-0.022638	0.199389	0.164752	0.032359	-0.105695	0.181504	-0.010895	0.048606	-0.249302	0.099850	0.135874	0.046983	-0.088981	-0.062767	-0.030598	-0.095503	-0.182558	0.102501	0.097245	0.073435	0.089068	0.105264	0.325655	-0.254890	-0.201031	0.030993	-0.242983	0.033371	-0.112089	-0.119054	-0.159747	-0.062826	-0.085604	0.101620	-0.316918	0.064255	0.097820	0.050059	-0.048543	-0.123089	0.064803	0.066142	0.017825	-0.161888	0.017774	-0.055691	-0.005121	-0.030252	-0.010015	0.043275	0.104599	0.136092	0.156425	-0.133560	-0.092650	-0.013106	-0.007707	0.083957	0.041652	-0.093058	-0.007069	0.055482	0.056687	0.093655	0.201800	0.031933	-0.167442	-0.225814	-0.105168	0.012819	0.124499	0.014884	0.248998	-0.051856	-0.000294	0.091382	0.033054	0.086276	0.029583	-0.006082	0.153609	-0.203833	-0.170317	0.080170	-0.032942	-0.034215	0.059108	-0.104102	-0.084417	-0.056124	0.145054	-0.020961	-0.126253	-0.033052	0.131928	0.026415	0.033975	-0.084225	0.070196	0.099953	0.185351	0.139437	0.068047	0.135303	-0.211614	0.066687	-0.027498	-0.014759	0.097706	-0.030747	0.076538	-0.151358	0.095911	0.113327	-0.004870	-0.065114	0.093005
chr11:69415853-69417854	-0.031091	0.248325	-0.701346	0.080689	0.357071	0.546621	0.153815	-0.187856	0.101749	0.029882	-0.039290	-0.433089	0.146724	-0.034579	0.025270	-0.086858	-0.123940	0.237566	-0.134160	-0.254918	0.015976	-0.097185	0.246160	0.092614	0.033355	0.101459	-0.000212	-0.109778	0.156742	0.126009	0.178314	-0.077516	-0.040291	-0.166500	-0.106913	-0.086345	-0.085130	-0.038944	-0.027572	-0.129363	-0.120212	0.035908	-0.029930	0.093417	0.035446	0.095722	0.036274	0.009833	-0.196954	0.080348	0.043536	0.101898	-0.016432	-0.161864	0.147220	-0.247819	0.062800	-0.064257	-0.001743	0.035061	0.256246	-0.021767	-0.234234	-0.197954	-0.001107	-0.038708	-0.123306	0.106667	0.134486	0.045611	-0.094844	0.019682	-0.101429	0.067805	-0.002262	-0.088445	0.011044	-0.193080	-0.215286	0.041538	-0.083747	0.020892	-0.038600	0.034279	0.097649	0.158102	0.076800	0.020800	-0.080937	-0.058113	-0.116063	0.049887	0.129813	0.162394	0.107516	-0.036793	-0.001923	-0.031476	-0.076103	0.070747	-0.152974	-0.106449	0.141951	0.168555	0.002953	-0.213906	-0.035406	-0.051819	0.018030	0.005583	-0.066523	0.031076	-0.062148	-0.188972	0.183290	-0.133231	-0.053502	-0.001159	0.044760	-0.171829	-0.093372	0.005658	0.108580	-0.096405	-0.131121	-0.053384	0.025419	0.060737
chr11:69417602-69419000	0.022734	-0.108649	-0.280123	0.087073	-0.314451	0.028569	-0.060742	-0.076150	-0.008615	0.013005	0.287568	0.239883	0.058897	-0.037600	-0.028413	-0.200785	-0.011284	0.213002	-0.133687	0.027096	0.206816	-0.069195	-0.138606	-0.146429	0.106943	-0.000765	0.032206	-0.287426	0.067363	0.027609	0.069792	-0.129237	-0.165126	0.004961	0.152867	-0.121980	-0.067041	-0.004603	0.229714	-0.041949	-0.143131	-0.018119	0.077961	-0.061686	0.005565	-0.186240	0.088711	0.024554	-0.062793	0.083714	0.010334	0.119205	-0.005761	-0.178582	0.185700	0.110275	0.024104	0.028336	0.022113	-0.036908	0.221724	-0.152948	-0.152259	-0.211387	-0.163382	-0.018268	0.028007	0.134425	0.025618	-0.078086	-0.083998	0.142585	0.072833	0.364026	0.021204	-0.131844	0.156287	0.190610	0.035896	-0.019077	0.039706	0.088662	-0.014583	-0.033025	-0.164158	0.123244	0.044246	0.187188	0.020059	-0.011143	-0.049465	-0.084264	-0.062795	-0.007141	0.135836	-0.086549	-0.014997	-0.209963	-0.090596	-0.167545	-0.084426	0.019703	0.084061	-0.058355	-0.034128	-0.020479	0.120877	0.028198	-0.112856	-0.049698	0.070382	0.136299	-0.091278	0.024809	0.000649	-0.013041	0.201207	-0.083402	-0.211456	-0.166845	-0.026008	-0.120849	0.183102	0.062900	0.021670	-0.030022	-0.116528	-0.031996
chr11:69430402-69432400	0.241033	-0.702315	-0.473606	-0.071709	-0.102337	-0.051090	-0.417650	0.015398	-0.033058	0.310323	-0.096321	0.161683	0.155199	-0.068311	0.002800	-0.073219	0.070232	0.183483	0.251073	0.166355	-0.023864	-0.070174	-0.078140	0.092944	-0.066235	-0.087578	0.049070	0.123768	-0.092450	0.062393	-0.133128	0.139119	-0.163242	-0.135800	0.165129	-0.067182	-0.007710	-0.157799	0.062526	0.080826	0.005742	0.175310	-0.114550	-0.109430	-0.054532	-0.143357	0.194198	-0.100062	-0.131405	-0.144022	-0.154829	0.146127	0.028322	-0.147352	0.091441	0.015758	0.037206	0.050231	-0.076101	-0.143954	0.033727	0.150891	-0.051748	0.009233	0.018766	0.002152	0.031016	-0.138624	-0.028597	-0.090582	0.059102	-0.011167	-0.137961	0.048508	-0.033774	-0.197247	0.007986	0.002840	0.081019	-0.204421	-0.026549	-0.012371	-0.061114	-0.212879	-0.156617	-0.079856	0.023451	0.198280	0.044018	-0.011755	0.096396	-0.009536	-0.009603	0.034915	0.007717	-0.048989	0.018683	0.053023	-0.053495	0.005826	0.126724	0.075797	-0.059999	0.073857	0.085387	0.127029	-0.083205	0.095618	0.035331	-0.093984	-0.142315	0.129645	0.119396	0.099398	-0.083149	0.151981	0.038748	-0.033557	-0.079646	-0.049244	-0.151634	0.155834	0.069233	-0.047350	-0.120549	0.098455	0.103094	0.061674
chr11:69457802-69476800	0.617351	-0.036492	0.254642	0.037896	0.001934	-0.044736	-0.273313	0.324916	-0.037073	0.207071	-0.022035	-0.083585	-0.150424	-0.207660	0.149753	0.256537	-0.185385	-0.144149	-0.023640	0.136678	0.075531	-0.007464	0.118212	-0.099835	-0.169655	0.010638	-0.048899	0.046574	-0.019277	-0.061682	0.189212	-0.004876	-0.057256	-0.051529	0.236698	-0.025580	0.024301	-0.109309	0.074367	0.068567	-0.104833	0.036728	0.117363	0.147821	-0.207459	0.073518	0.044464	-0.008334	0.115117	0.028545	0.170776	0.122468	0.031236	-0.089396	-0.126912	0.003484	0.041335	-0.152076	-0.100487	-0.097333	-0.011913	0.168919	0.029885	0.140128	-0.100337	-0.107290	0.063813	0.119914	-0.062394	-0.055807	0.023573	0.013105	0.017567	0.019404	-0.113403	-0.034029	0.199987	0.098731	-0.083772	-0.005377	-0.012724	-0.050831	0.042569	0.057543	-0.063552	0.084630	-0.088993	0.054276	-0.027978	-0.063315	-0.070799	0.125441	-0.072565	-0.023368	0.014533	0.142552	0.009157	0.132790	-0.009339	0.081527	-0.093801	-0.030464	-0.144679	0.114054	0.063317	0.172760	-0.041725	-0.042070	-0.186099	0.132988	-0.061962	0.068392	0.062445	0.030541	-0.077972	0.007513	-0.011311	0.131915	-0.069840	0.000009	0.039344	-0.033366	0.210715	0.065946	0.026217	-0.040205	-0.020630	-0.182384
chr12:115103602-115120400	0.779776	0.281319	-0.234016	0.017931	-0.090937	-0.437436	0.109366	0.183693	0.076780	-0.009276	0.121116	-0.060566	-0.031854	0.071436	-0.029434	-0.023642	-0.052094	0.023779	0.146523	-0.196195	-0.164520	0.027792	0.208858	0.016497	-0.050243	0.029739	0.090917	-0.108954	0.051713	-0.026385	-0.128272	0.080387	0.046603	0.223415	0.027625	0.270537	-0.079264	0.266526	0.091207	0.089301	0.117724	0.076458	-0.263492	-0.027601	0.013698	-0.165590	0.210437	-0.077561	0.101867	0.081085	-0.044113	-0.062173	-0.088070	0.065783	0.088245	-0.142122	0.033823	0.049967	-0.088321	0.018996	-0.134428	-0.044198	0.011983	-0.137621	0.002397	-0.242971	-0.024257	-0.253911	0.174527	0.114188	-0.094414	-0.070616	0.049237	-0.098226	0.210420	-0.152560	-0.149622	0.080918	0.121314	-0.098027	0.026855	0.167305	0.066940	0.015957	0.160527	0.066127	-0.152772	-0.116303	0.014545	-0.155735	0.093788	0.034937	-0.157104	0.041042	0.028190	0.036764	-0.055295	-0.141921	0.063849	0.221741	0.059728	-0.093252	0.065747	0.055170	-0.010674	0.009554	-0.011432	-0.002437	-0.120144	0.027834	-0.031907	0.066270	0.040969	-0.034527	-0.083250	-0.105211	-0.033096	0.043136	0.015363	0.132649	-0.174262	0.055697	-0.096691	0.096489	0.049381	0.046207	0.211816	-0.019796
chr12:11836402-11997800	0.548355	-1.181576	-0.042172	-0.084349	0.043570	-0.119422	-0.251729	-0.470269	0.018489	0.046656	-0.217177	-0.060929	0.147429	0.102508	0.281056	-0.140112	-0.120107	0.003556	-0.068667	0.086503	0.016893	-0.198929	0.026846	-0.125089	0.041872	-0.040992	0.027414	-0.001302	0.057743	0.002310	0.015756	0.085504	0.138220	0.042134	-0.026776	0.049745	0.000850	0.093271	-0.054240	0.013499	0.026028	0.002274	-0.064634	-0.254677	0.264168	0.028885	-0.155420	-0.038788	-0.067876	-0.170613	-0.122034	-0.008256	-0.014307	0.054237	-0.098784	-0.086235	0.050744	0.128677	-0.064471	-0.048895	0.050539	0.110392	-0.013603	0.083164	-0.211480	0.034937	0.134155	0.103216	-0.018163	0.026284	0.136417	0.148080	0.021917	-0.018316	0.041615	0.075983	-0.135494	0.065045	0.084157	0.133729	-0.146781	0.124780	-0.053002	0.049655	-0.111199	0.025066	-0.024956	0.109226	-0.083656	-0.099614	-0.162367	0.036112	0.136227	-0.031813	0.052149	-0.024394	-0.008055	-0.152192	0.098126	-0.161062	0.018731	0.056075	-0.106886	0.058722	-0.087832	0.144690	0.088295	0.066367	-0.001808	0.041241	-0.010645	-0.135181	-0.204553	0.207331	-0.105637	0.153693	0.038085	-0.077571	0.021022	0.112195	0.068894	0.095976	-0.008527	-0.049061	0.039804	-0.003241	0.064284	-0.076454
chr12:12027802-12051800	0.539194	-0.771969	-0.048204	0.151893	-0.116903	-0.224523	0.358743	0.175228	-0.024880	-0.208336	0.001080	0.182979	0.155639	-0.059332	-0.031885	-0.072259	-0.178216	0.223799	0.084258	-0.001537	-0.068514	0.222232	-0.004103	0.080601	0.107980	0.128242	-0.135534	-0.024326	-0.069075	0.036305	0.006594	0.109946	-0.074159	0.077147	-0.129342	0.064995	0.094816	-0.076220	0.027070	-0.055587	-0.064689	-0.051289	-0.037359	-0.104947	0.055197	-0.089301	-0.033229	0.025063	0.073251	0.093564	0.029526	0.138257	0.032970	0.092697	0.006000	-0.069129	0.135132	0.057636	0.006657	-0.111994	0.045738	0.002751	-0.172489	-0.109456	-0.111883	-0.110304	-0.017802	0.179770	-0.041612	-0.008518	-0.098217	-0.090707	0.109212	0.267801	-0.023253	0.075039	-0.033157	-0.174159	0.060682	0.028680	0.008111	-0.055196	0.024669	-0.040487	0.003952	-0.124240	0.175293	0.101552	0.284331	0.134803	0.242029	0.018777	0.111410	0.046506	0.029821	-0.051991	0.025242	-0.053239	-0.027062	-0.137147	-0.006301	-0.091133	0.086289	0.004928	-0.054037	-0.124446	0.031144	0.010121	0.047174	0.072929	-0.071986	0.064886	-0.007887	-0.042432	-0.020590	0.141350	-0.208468	0.072317	-0.010265	-0.024913	0.176246	-0.031378	0.079159	0.101999	-0.070274	-0.063327	-0.062630	-0.103808
chr12:12870602-12876600	0.921328	0.669933	-0.199689	0.193745	0.157590	-0.165472	-0.028157	-0.124261	-0.076804	-0.112885	-0.036332	-0.094391	-0.071686	0.039458	-0.028128	0.148311	0.219447	-0.014431	-0.205203	-0.012681	0.095980	0.002124	0.139877	-0.127272	-0.013049	0.114356	0.167372	-0.068968	-0.222609	-0.104734	-0.160512	-0.165997	-0.032591	-0.013832	-0.051356	-0.057843	0.088223	-0.013087	0.012123	0.117313	-0.038489	-0.028744	0.009331	-0.008550	0.043340	-0.226662	0.048561	0.060006	-0.014473	-0.043145	-0.003846	0.331804	-0.071318	0.055627	0.061342	-0.043410	0.069436	0.012639	-0.104090	-0.059944	0.115211	-0.108646	-0.002554	-0.039091	-0.008181	0.111133	0.062287	0.105162	0.004365	-0.222912	0.186049	-0.017495	0.078020	-0.119352	0.023087	-0.127583	-0.070232	-0.002250	-0.044053	-0.020873	0.116051	-0.025285	-0.108221	0.014999	0.043073	0.035106	0.268241	0.040349	-0.041212	0.032408	-0.187577	0.191260	0.064254	0.081421	-0.017799	-0.044995	0.038383	0.248569	-0.039406	-0.035142	0.101981	0.049410	0.054612	-0.064057	0.093867	0.007531	0.099763	0.012222	-0.038473	0.018681	-0.120021	-0.245975	0.127268	-0.069455	0.089178	0.102938	-0.019860	-0.029897	-0.000554	-0.000985	0.025133	0.027635	-0.102681	0.107710	0.090926	-0.136935	0.104041	0.020010
chr12:12879202-12880200	-0.154013	1.165237	0.280443	-0.014000	-0.084174	0.502902	0.106048	0.096186	-0.043576	0.038830	-0.021134	0.138861	0.010300	-0.265708	-0.184664	-0.063663	-0.207085	-0.203746	-0.292958	0.170146	0.085545	0.438282	-0.122065	-0.138552	-0.023350	0.048858	-0.094837	0.060123	-0.076862	0.018957	0.210717	-0.024295	0.150385	0.068275	0.038271	-0.170630	-0.166697	-0.094426	-0.117602	0.229571	0.176763	-0.259826	-0.003215	-0.034533	-0.143585	0.089575	0.059813	-0.079571	-0.040599	0.103934	0.048605	-0.120308	0.130355	0.186411	0.046722	0.096587	0.032857	0.064273	-0.004939	0.049466	0.135854	0.175924	-0.105091	-0.115715	0.027400	-0.009377	0.118591	0.137221	0.080641	0.071389	-0.188178	-0.045617	-0.328940	0.123063	0.060890	0.007083	-0.133809	-0.012695	0.103311	0.146449	-0.120949	0.136993	0.094387	0.163754	-0.031967	-0.018236	0.207120	-0.266561	-0.045326	-0.358734	-0.039786	0.091790	-0.051075	0.037350	-0.292487	0.162115	-0.048719	0.109544	-0.072861	0.071793	0.082297	0.116156	-0.074041	0.053303	-0.057129	-0.051424	-0.065151	-0.080803	0.006107	-0.092208	0.089098	-0.022835	-0.032203	0.056990	0.023589	0.009343	-0.065044	-0.016278	-0.001789	-0.020906	-0.126480	0.065184	-0.138874	-0.055042	0.066538	-0.024648	0.102047	-0.099512
chr12:12950802-12966200	0.720513	-0.110054	-0.093811	0.007400	0.091615	-0.161439	0.129288	0.128035	0.093357	-0.155644	0.075211	0.127665	-0.068697	-0.079315	0.009389	-0.084451	-0.116067	-0.113110	-0.042331	0.031364	-0.248996	-0.036590	-0.058317	0.109815	0.103697	0.047825	0.179986	0.175778	-0.014630	-0.145399	-0.035049	-0.032150	0.045579	0.176628	-0.005748	0.157793	-0.039896	0.204745	-0.025641	-0.059092	-0.091953	0.124073	0.119104	0.115185	0.042350	0.282272	0.063178	0.027661	-0.086283	-0.076817	0.050996	0.202457	0.147847	0.009320	-0.154302	0.089138	0.015346	-0.062656	-0.117115	0.100484	0.050779	-0.140481	0.039278	-0.061648	-0.006222	0.155615	-0.174221	-0.034227	-0.035272	-0.018256	-0.065084	0.240946	0.033104	0.031616	0.078921	-0.186659	-0.028283	0.028213	-0.013694	0.079768	0.155426	-0.107998	0.023773	0.040480	-0.102884	0.030967	0.061512	-0.086536	-0.049131	-0.154443	0.155057	-0.023114	0.013048	-0.023830	0.052933	-0.004727	-0.063617	-0.018022	-0.019086	-0.068290	0.057569	0.118340	0.120016	0.095349	-0.058320	-0.058132	0.092699	0.030504	0.203887	-0.073961	0.003032	-0.166368	-0.086968	-0.092544	-0.000920	-0.067337	0.178207	-0.072563	-0.077368	0.018736	0.073289	0.222122	0.099866	0.080653	0.065508	-0.137039	-0.006283	0.165593
chr12:50450445-50452446	0.716166	-0.099611	0.228152	0.349606	-0.534248	0.071754	-0.002497	-0.280784	0.030667	0.329873	-0.022735	0.210282	-0.044708	-0.002504	0.306571	-0.056715	0.208180	0.019012	-0.016210	0.087781	0.079503	0.021368	0.164746	0.087017	-0.025869	0.047809	-0.074608	0.142376	0.008673	-0.039106	-0.105734	-0.059986	0.017802	0.070809	0.092663	0.142123	-0.039320	-0.006832	-0.079504	-0.083323	0.184477	-0.139693	0.056492	0.140762	-0.261316	0.057888	-0.055044	-0.233938	-0.008850	0.061571	0.077995	0.029436	-0.227296	0.236733	-0.164713	-0.166098	0.030704	-0.100044	-0.043972	0.154139	-0.056185	0.100931	-0.020960	-0.029055	-0.063151	-0.110825	-0.000523	-0.008277	-0.141820	-0.117800	0.185071	-0.141726	0.069215	-0.041322	0.176272	-0.193158	-0.131606	-0.027221	-0.010672	0.028796	-0.051955	0.179392	-0.137786	0.054998	0.112072	0.012995	-0.074855	-0.119555	0.084436	0.153990	-0.068303	-0.180531	0.177530	0.143910	0.023311	-0.068624	-0.046241	-0.164839	-0.155219	0.020035	-0.091097	-0.055328	-0.198465	0.110196	-0.076422	-0.080140	-0.068545	-0.061338	0.132364	-0.267427	-0.011658	-0.016356	0.014449	0.033058	-0.051169	-0.026737	-0.009034	-0.062336	0.177167	0.003640	-0.138043	-0.013722	0.002927	-0.066988	0.101165	-0.104896	-0.093089	0.001296
chr1:26437008-26439009	0.668019	1.346600	0.154408	0.262169	-0.105168	-0.103933	-0.048020	-0.100227	-0.055233	0.080572	-0.111528	0.063584	-0.053565	-0.125048	-0.018684	0.098626	0.349715	-0.084656	-0.061620	-0.161400	-0.105540	0.067147	-0.151440	-0.144210	0.005807	0.059634	0.067850	-0.075705	0.030322	-0.164460	-0.093815	-0.131372	0.176688	0.065723	0.022445	0.021479	-0.044222	0.105710	0.125298	0.181033	0.114271	0.107948	-0.368000	-0.000668	-0.163983	-0.022495	-0.143890	-0.036687	0.123183	0.048585	0.137518	-0.103212	-0.099305	0.057580	0.241197	-0.221048	0.078527	0.236068	-0.101786	0.077266	0.167493	-0.002610	0.023602	0.002012	-0.009492	0.136033	-0.051954	0.132159	-0.051472	-0.134296	0.026607	0.170369	0.065554	-0.031431	0.014061	-0.043627	0.046779	0.035721	-0.257841	-0.138814	-0.047028	0.021630	0.065845	-0.072279	-0.096799	-0.041522	0.161791	0.027902	0.099203	-0.112745	-0.149555	0.008764	0.047051	-0.040642	-0.037669	-0.101074	-0.009574	0.026313	-0.185139	-0.093857	-0.137071	-0.118173	0.091827	0.029798	0.010606	0.129963	0.048106	0.093280	-0.031533	-0.110439	-0.184519	-0.033146	-0.090507	0.147819	-0.005347	0.110139	0.034287	0.256079	-0.068423	-0.058348	0.019908	-0.111333	-0.062542	0.087090	-0.077326	0.104123	0.119718	-0.136351
chr1:26798602-26799000	-1.895223	1.129226	0.317423	-0.148504	-0.126715	0.271904	0.332553	-0.000541	0.106882	0.027263	0.006005	-0.019939	0.261587	0.200401	0.252727	-0.270627	0.362008	0.178522	-0.272592	0.259147	-0.215945	0.118210	0.022907	-0.303851	0.034874	0.267813	0.069242	-0.316769	-0.102686	-0.034151	-0.137746	0.159722	-0.116761	-0.191985	0.051508	0.097033	-0.011788	0.127609	-0.312194	-0.046234	0.102371	0.182463	-0.341219	-0.003118	0.138538	-0.078217	0.057268	0.074016	-0.002023	0.184806	-0.139127	-0.193368	-0.142674	-0.118996	0.297892	-0.110521	-0.050328	-0.105667	0.166232	0.009767	0.251100	-0.029961	-0.088024	0.115986	-0.140088	0.062875	0.098934	-0.233715	0.160083	-0.074408	-0.170732	-0.130332	0.043107	-0.112195	0.071186	-0.075606	-0.129761	0.126261	0.164197	-0.165285	0.248168	0.258187	0.378652	0.064935	-0.033154	0.075431	-0.106415	-0.173545	0.065979	-0.048456	0.021941	-0.237657	-0.099391	0.007105	-0.186548	0.175935	-0.148091	-0.030903	-0.094828	-0.009868	0.078216	0.077325	-0.288777	-0.011688	0.264324	0.098050	0.030729	-0.017911	0.375022	0.162711	0.086022	-0.025150	-0.031130	0.142131	-0.266064	0.051966	0.014463	-0.052161	-0.083375	-0.031634	-0.061609	-0.014150	0.063286	0.209991	-0.036332	-0.093604	-0.047570	-0.192592
chr1:27092402-27102800	0.643477	-0.183368	0.037023	0.098738	-0.452627	-0.059304	0.202131	0.252708	0.059313	-0.249129	0.038628	0.041284	-0.017421	-0.103742	-0.060036	0.127581	-0.272318	-0.038424	-0.125079	-0.037456	0.001014	-0.127711	0.059646	-0.034390	-0.076906	-0.122065	0.033082	0.251684	-0.108037	-0.096250	0.198248	0.007197	-0.029584	-0.043200	-0.000280	0.046673	-0.242900	-0.036297	0.046127	0.010547	0.149579	0.054926	-0.065665	-0.119122	0.068907	0.110290	0.114945	0.003059	-0.035462	0.084973	-0.055496	0.104016	-0.002840	0.043392	0.109439	0.131991	-0.040573	0.027844	0.063974	-0.001912	0.152326	-0.023704	0.119106	-0.010432	-0.077073	0.021323	0.058064	-0.173221	-0.297717	-0.000476	0.094890	0.045825	0.013804	0.066608	-0.021944	0.024067	-0.088762	0.063703	-0.098204	-0.054281	-0.133030	0.059839	-0.048248	0.193358	0.076727	-0.234981	0.027744	-0.016712	-0.198731	-0.007583	0.029539	-0.021881	0.030048	-0.166681	0.179094	0.048636	0.128769	-0.107998	-0.097341	0.137030	-0.148470	-0.037245	0.117312	-0.193445	0.083545	0.100949	0.025984	-0.171426	0.101648	-0.134358	0.040833	-0.099128	-0.068530	0.089181	0.015840	-0.121020	-0.142593	-0.016450	0.027269	0.036450	-0.023864	-0.066048	0.007345	0.038303	-0.024900	-0.026722	-0.009041	-0.108394
chr1:27491202-27494000	0.760762	-0.334227	-0.170725	0.230963	-0.319911	-0.065470	0.230329	0.139053	0.093354	-0.161715	0.279526	-0.242263	-0.073239	0.168556	0.108207	0.021064	-0.122639	-0.107848	-0.250549	0.043574	-0.166883	-0.222251	-0.163078	-0.008515	-0.046947	-0.063904	0.041996	0.054257	0.189510	0.001171	-0.039055	-0.008777	0.004797	-0.088196	0.014038	0.130415	-0.007157	-0.104401	0.131922	0.086071	-0.111841	0.056817	-0.006811	0.018328	-0.161634	0.293443	-0.239964	0.061981	0.047494	-0.031962	-0.009664	0.010125	0.022186	0.016863	0.030795	0.066538	0.012060	0.093929	0.012311	-0.020891	-0.191653	0.037487	0.016166	0.016595	0.046019	-0.037289	0.053223	-0.089544	0.133482	0.028348	0.232785	-0.041775	-0.194786	0.136449	-0.189543	-0.014875	0.041557	0.011908	-0.023359	0.015002	-0.081229	-0.053521	0.047776	0.077923	-0.085397	0.018628	0.077596	0.172064	0.018131	-0.021301	-0.096014	0.077694	0.061167	-0.080942	0.005836	0.003813	-0.050175	-0.060447	-0.051026	0.088397	-0.037300	0.118103	-0.107008	-0.065873	-0.102575	0.043588	-0.016220	-0.006041	-0.013061	0.125946	-0.068419	-0.020944	-0.099450	0.019069	0.044699	0.002963	0.060283	0.044600	-0.061782	-0.011415	0.044547	0.006040	-0.121072	-0.159631	0.062448	-0.001414	-0.022186	0.092248
chr1:27719602-27726400	1.083808	0.769165	-0.036756	0.094864	-0.095934	-0.279315	0.257829	0.202484	0.038825	0.066269	0.231206	0.013955	0.147538	0.161886	-0.004023	-0.024241	0.011252	-0.055344	0.051074	0.197841	0.098195	0.064049	0.185676	0.139746	0.021682	0.015638	-0.065953	-0.130462	0.154861	-0.106238	-0.002454	-0.212647	-0.094806	-0.007830	0.153706	0.120328	0.146897	0.085875	0.045832	0.130980	-0.133971	-0.063558	0.122853	0.017217	0.035891	-0.042762	0.179518	0.044615	-0.175904	0.100145	0.243008	-0.029515	0.100590	0.211204	-0.032953	0.145438	0.244972	-0.068928	-0.008673	0.125284	0.021194	-0.090413	0.017459	0.082193	0.075375	0.059414	0.110658	0.086071	0.012362	0.023514	-0.185972	-0.091044	0.068150	0.045972	-0.032886	0.032180	0.116701	-0.065022	0.099195	0.021662	0.082060	0.083683	0.012859	0.126458	-0.020425	-0.060224	-0.001687	0.188681	0.094698	-0.046118	0.067693	-0.056206	0.161132	-0.074575	0.105809	0.076272	-0.049661	0.100041	-0.048896	-0.093103	-0.021594	0.166940	0.008338	0.045561	0.066094	-0.161725	0.054383	0.113404	-0.209871	-0.102134	0.068476	0.025765	0.045639	-0.064993	0.014270	0.063477	-0.230149	-0.076871	0.145618	-0.155853	0.076213	0.012999	-0.059803	-0.118771	0.019704	-0.019929	-0.076961	-0.007174
chr13:32890402-32895400	0.348573	-0.730464	0.050068	0.055524	0.092766	0.410228	0.029587	0.350803	-0.050229	0.161442	0.137096	0.018922	-0.147653	0.015539	0.031720	0.005582	0.118995	0.086544	0.129044	-0.017044	0.033603	0.096288	-0.043004	0.078846	0.055042	0.191638	0.016284	0.061106	-0.221538	-0.051886	0.226058	-0.035007	-0.048271	-0.043807	0.018722	-0.045333	-0.028928	-0.007031	0.083523	-0.035676	0.071537	-0.064744	0.072865	-0.103919	-0.132984	-0.030530	0.045609	-0.032578	0.016003	-0.045958	-0.108481	-0.107764	-0.181158	0.057152	-0.051558	0.006870	-0.033764	0.150808	0.009795	0.033471	-0.039737	0.037178	-0.045218	-0.031058	-0.080645	-0.078172	0.071661	-0.149901	0.086316	0.048587	-0.164848	0.002800	0.029987	0.090894	-0.030557	-0.105184	0.188872	0.040516	0.183391	-0.095855	0.014804	-0.057048	0.128035	-0.130383	0.033511	-0.025794	0.096639	-0.068988	-0.068173	-0.045745	-0.122615	-0.070999	-0.143962	0.093427	-0.037394	-0.151388	-0.089058	0.108135	0.004564	-0.093281	-0.040398	-0.025624	0.009951	-0.006681	0.105330	0.031464	0.002861	-0.076629	-0.042903	-0.166327	0.239084	0.091520	0.033923	0.109774	0.036131	-0.119360	-0.225662	-0.130445	-0.202693	0.011281	0.047302	0.074523	-0.151012	-0.169646	0.046913	-0.113533	-0.043055	0.082095
chr13:33213602-33214600	-0.985788	-1.470396	0.125187	-0.138404	0.179239	0.208076	0.000028	-0.018651	0.083641	0.326108	-0.059358	0.038438	-0.189790	0.111623	-0.203383	-0.121296	-0.104275	-0.262885	-0.115209	-0.075296	-0.094938	0.216380	0.075112	0.012084	-0.245557	-0.132393	-0.006302	-0.184764	0.156620	0.099068	0.084257	-0.086775	0.128465	-0.008974	0.111382	-0.283167	-0.100324	-0.043245	0.166090	-0.140171	0.133004	-0.121341	0.032883	0.173370	0.036597	-0.078329	0.170151	0.120962	0.105367	-0.047213	0.024513	0.000676	-0.054579	0.027583	0.102866	0.104843	-0.022178	0.188476	0.144425	-0.036350	0.033323	0.091703	-0.127446	0.160321	0.001696	-0.231983	0.036644	0.036171	-0.156089	0.007949	0.032304	-0.041379	0.069655	-0.096678	-0.091316	-0.186540	0.101695	-0.021680	0.167924	-0.118623	-0.067590	0.008317	0.022201	-0.122498	-0.215779	0.146131	0.143116	-0.002596	-0.160188	-0.095807	-0.026389	0.215182	-0.024444	-0.010412	0.061370	0.019075	-0.140805	-0.026114	-0.036377	-0.018433	0.034582	-0.050790	0.050740	0.083011	0.157860	-0.016672	0.037478	-0.185274	-0.030894	0.009335	0.013826	-0.057902	-0.049413	-0.096656	-0.145018	0.130770	0.246213	-0.026908	0.041926	-0.038610	-0.244363	-0.020230	-0.075491	0.080749	-0.076066	-0.049699	-0.114221	-0.172729
chr13:48610842-48612843	0.330199	0.372113	0.264106	0.010835	-0.321058	0.114839	-0.041798	0.068151	0.018898	0.031249	-0.117508	-0.017247	-0.110361	-0.129124	0.185457	0.110998	0.141692	0.126362	-0.302552	0.008064	-0.164442	-0.153402	0.083591	-0.108069	0.178783	0.243140	0.141177	0.102658	0.058357	-0.285099	-0.186340	0.058656	0.066810	0.030159	-0.006451	-0.222758	-0.063743	-0.007622	-0.384120	0.013990	-0.073105	0.114519	-0.116383	0.010266	0.116018	-0.013132	-0.118082	-0.056357	0.072534	-0.212852	-0.150774	0.053061	-0.035412	0.056666	-0.074092	0.072940	-0.134729	-0.123140	-0.088816	0.160339	0.003625	0.291620	0.039194	0.115532	-0.263139	-0.128365	-0.063467	0.029584	0.035749	0.001558	-0.034054	0.041204	0.065797	-0.151366	-0.015684	-0.090785	0.079708	0.030797	0.088368	0.016044	0.187809	-0.048370	0.048213	0.039041	-0.038447	-0.012263	-0.169682	0.022113	-0.037007	-0.091493	0.002469	0.127567	0.074236	0.152925	-0.039200	-0.018194	0.058160	-0.050578	-0.080837	0.097090	-0.205832	-0.034929	0.016223	-0.117093	0.041011	-0.011471	0.068315	-0.002596	-0.006750	0.031985	-0.167475	0.103943	0.042542	0.030786	0.129607	-0.014746	0.058250	-0.169139	0.021228	0.115335	0.139214	0.047990	0.021399	-0.068552	-0.091949	0.055054	-0.054330	-0.060958
chr14:105191402-105218800	-0.009041	-0.113969	-1.113683	-0.149033	0.085483	0.301212	-0.126033	-0.092623	-0.044610	-0.189712	-0.080471	-0.042193	-0.036210	-0.020820	-0.032771	-0.033022	-0.211650	0.139918	-0.088174	0.119455	0.209341	0.161191	0.212295	0.224848	-0.019242	0.021216	0.124533	0.057151	-0.025463	-0.022496	-0.083342	-0.020387	0.162960	-0.068550	0.200074	-0.189988	0.004443	-0.020118	-0.078879	0.019278	0.035585	0.052720	-0.053910	-0.128943	-0.001337	-0.115245	-0.104265	0.089176	0.136071	-0.071790	0.025550	0.116174	0.120915	-0.046408	0.027985	-0.111740	-0.044473	0.201144	-0.075657	-0.113971	0.107512	-0.096557	-0.243237	-0.016740	0.072918	0.116859	-0.213866	0.023959	0.072372	0.057518	0.042530	0.053880	-0.013885	-0.293541	0.196243	0.134819	0.258529	-0.015978	-0.027730	0.069638	0.019289	0.082463	0.014643	-0.059206	0.029177	-0.209608	-0.037393	0.002708	0.002427	-0.007200	-0.111461	-0.039425	-0.061749	0.077917	-0.017443	-0.045070	0.088375	-0.097429	-0.057807	0.113111	0.268530	0.054834	-0.016850	0.088998	-0.051175	-0.070092	-0.215664	0.085016	0.111979	0.013100	-0.216744	0.004568	0.196819	0.068876	0.053689	0.025856	-0.016811	0.080290	0.072549	-0.178122	0.044873	0.057280	-0.174718	0.072758	0.109782	0.089234	-0.025865	-0.125955
chr14:105220202-105228800	0.676420	0.509462	-0.538250	0.158766	-0.117998	0.155538	0.175727	-0.103687	-0.044298	-0.067829	0.026030	0.124079	-0.143950	-0.027254	-0.080495	-0.172729	-0.050741	0.125250	0.131627	0.106555	0.175164	-0.052571	-0.034204	0.024505	-0.055086	-0.055574	0.081169	-0.157891	-0.055011	-0.178131	-0.025865	-0.166722	-0.028987	0.073417	-0.200553	-0.203343	-0.085365	0.085788	0.122726	-0.095726	0.115465	0.006489	0.123860	0.025325	0.019516	-0.166145	0.029295	-0.209749	-0.181142	0.050683	0.029671	-0.079196	0.083274	0.062051	0.286545	0.014803	0.061266	0.085819	0.024524	0.001531	-0.052966	0.151562	0.035080	-0.015559	0.151542	-0.047577	-0.008273	0.063161	-0.096630	0.074508	-0.079246	-0.167733	-0.054038	0.080311	0.101993	-0.155874	0.020617	0.008658	-0.015842	0.189835	-0.086175	-0.103512	0.103979	-0.000119	0.069238	0.089667	-0.135590	-0.134747	0.107882	0.093966	0.284387	0.086982	0.037169	-0.127574	-0.055891	-0.152871	0.086808	-0.062517	0.082922	0.077296	0.053395	0.010163	0.048293	-0.018120	0.066474	-0.047376	-0.081461	-0.048641	-0.064898	0.058460	-0.042443	0.077161	0.026164	-0.022491	-0.158712	-0.070750	-0.101743	-0.100829	0.040648	-0.082991	0.077598	-0.100400	-0.113891	-0.125648	-0.038686	-0.099089	-0.163673	0.169146
chr14:105267802-105272600	0.335485	0.539070	-0.907686	0.067794	0.059202	-0.056321	0.101741	-0.031061	-0.132454	-0.214898	-0.038109	0.052740	0.047677	-0.041708	-0.043530	-0.056323	0.085970	-0.017439	0.032721	0.194633	0.008988	-0.064709	0.013100	-0.020713	0.033390	-0.022285	-0.078315	0.106079	-0.158967	0.027767	-0.011294	-0.089501	0.071993	0.038673	-0.083911	0.051321	-0.043091	-0.022671	-0.016650	0.197389	-0.011742	0.092468	0.065541	-0.202682	0.251388	-0.095737	-0.032769	-0.172329	-0.057932	0.050961	-0.037245	-0.049984	0.134965	-0.156176	0.071103	-0.062825	0.116472	0.081621	-0.041331	-0.062607	0.014729	-0.029426	-0.070289	-0.013956	-0.145900	-0.073991	-0.116534	-0.135878	-0.223374	-0.111339	-0.174612	-0.069100	-0.023622	-0.005928	0.035910	-0.148540	-0.109179	0.083884	0.041501	0.152802	0.027171	-0.010056	-0.004232	-0.018464	-0.127759	0.100400	-0.064793	-0.148281	0.045746	0.057367	-0.005033	-0.161523	-0.122203	0.045125	0.033921	-0.166305	-0.154307	-0.052783	-0.019703	0.037796	0.144694	-0.095338	-0.139471	-0.043190	0.067606	0.056413	0.002841	0.142167	-0.080838	0.047983	-0.029040	0.075908	0.056377	0.070732	-0.203548	0.059326	0.011566	0.103151	0.052056	0.118402	-0.084531	0.102331	0.106727	0.013070	0.094539	-0.143079	-0.014572	0.150436
chr14:105443532-105445533	0.549423	0.719303	-0.269671	0.146555	-0.604088	0.569867	0.257645	0.028983	0.096351	0.003901	0.303615	-0.002437	-0.010465	-0.011273	0.395520	-0.093715	0.045491	0.005801	-0.182638	-0.022206	-0.049849	0.106851	0.048422	0.238730	-0.246533	-0.017980	-0.058023	-0.023577	-0.012207	-0.067761	0.082560	-0.026650	-0.246290	-0.135321	0.162348	-0.017079	0.076316	-0.384778	-0.055285	0.039098	0.196643	0.240878	0.054728	-0.034038	-0.033898	0.037664	-0.248904	-0.132331	-0.006090	0.187153	0.193068	0.064033	-0.116148	-0.135063	-0.056276	0.062766	-0.235445	-0.009255	-0.023784	0.025405	-0.045198	0.113164	-0.234364	-0.049029	0.132903	0.112598	0.092940	0.208980	0.098677	-0.041025	-0.128795	-0.091358	0.096189	-0.059979	0.028291	0.083445	-0.026567	0.025376	-0.093059	0.093659	-0.155368	-0.058351	0.038370	0.020853	0.146244	-0.103624	0.062102	0.077032	0.039602	0.081860	0.053719	-0.145110	-0.097917	-0.148445	-0.028080	0.060840	-0.055268	-0.251770	0.099918	0.075582	-0.071046	-0.011491	-0.081734	-0.110778	-0.057587	-0.029447	0.049319	-0.132673	-0.100383	0.160121	-0.049695	-0.031769	0.103946	0.025628	0.066805	0.137528	-0.140261	-0.023183	0.047350	0.083136	0.148291	-0.082427	0.105376	0.136316	0.191504	0.043029	0.026796	-0.094433
chr14:37709185-37711186	0.497467	-0.433297	0.131126	-0.025823	0.369440	-0.040353	-0.125837	0.052402	-0.138665	0.121976	0.075033	0.001869	0.049179	0.235019	-0.024535	0.007794	0.236138	-0.234253	0.165913	-0.015856	0.004588	0.105804	0.040436	0.083373	-0.116023	0.250472	-0.099877	-0.029605	-0.110698	-0.005983	0.010576	-0.179844	0.078522	-0.190706	0.002141	-0.101554	0.192819	-0.065085	-0.067421	0.297217	-0.154496	-0.057124	-0.146915	0.076257	0.087847	-0.058693	0.088498	0.057347	0.167837	-0.417033	-0.060085	-0.072645	-0.011626	0.004448	-0.344579	-0.107838	0.039642	0.034575	0.005552	-0.166956	-0.031114	0.001022	0.059076	0.249451	0.028209	0.099399	-0.123211	0.137811	0.091846	-0.047763	0.006932	0.109838	-0.044734	0.062016	-0.122267	0.057503	-0.087084	0.003097	0.043119	0.198889	-0.037032	0.084162	0.148356	0.121329	-0.103392	-0.023449	0.018385	-0.133604	-0.137210	-0.097147	0.013225	0.211137	-0.046024	-0.089407	0.075090	-0.019841	0.121527	0.027526	0.071098	0.073394	0.107032	0.214287	-0.005967	0.190671	-0.037551	-0.135804	-0.070428	0.193926	-0.033096	0.076889	-0.110164	-0.057911	-0.104182	0.092223	-0.120543	0.069907	-0.001854	-0.077536	0.024899	-0.064360	0.040623	0.037358	0.023907	-0.185606	-0.165179	0.025561	0.204085	0.103658
chr14:37709806-37711807	0.246090	-1.208783	0.293057	0.091590	-0.141230	0.413822	0.179484	0.201300	-0.142789	-0.073795	0.128364	-0.080186	-0.223573	0.113702	-0.100532	0.028321	0.165338	-0.246755	-0.107327	-0.096358	-0.002278	-0.152986	0.059687	-0.075093	-0.236749	0.139717	0.025011	-0.063618	-0.045515	-0.126538	0.263594	-0.124195	-0.002241	-0.262810	0.050303	0.004295	0.181814	-0.076632	-0.122409	0.196676	-0.113844	-0.114663	-0.129616	-0.044831	0.091753	-0.205304	-0.073136	0.153807	0.167062	-0.244846	-0.108671	0.015701	0.027929	0.101410	-0.244779	-0.107580	-0.021624	0.038959	-0.081425	0.032698	-0.037681	-0.003455	0.058015	0.113916	-0.010631	0.106671	-0.037991	0.117964	-0.046832	-0.077588	0.078537	0.054488	0.032752	0.124207	-0.073640	0.032326	-0.058628	-0.217830	-0.069864	0.114846	0.074614	0.043823	0.026269	0.105253	-0.064039	0.010299	0.160516	-0.114547	-0.047850	-0.191798	0.023073	0.100827	-0.054658	-0.005515	-0.077312	0.030815	0.124675	-0.160464	0.041866	0.071855	-0.144639	0.139456	-0.103281	0.135773	0.095194	-0.084129	-0.102801	0.049802	0.028456	-0.019085	-0.057098	-0.063264	0.043903	-0.059667	-0.135024	0.058487	-0.100558	-0.007120	0.037876	-0.004890	0.028987	-0.010107	-0.097145	-0.198026	-0.241938	0.144595	0.209870	0.140619
chr14:37722745-37724746	0.631527	0.553189	0.275698	0.260008	0.255568	-0.042380	-0.152139	0.149434	-0.095701	-0.057705	-0.213093	0.167256	-0.167239	0.037293	0.000028	-0.302450	-0.091212	-0.048063	0.022064	0.077935	0.078683	-0.081442	0.179746	0.047742	-0.103219	0.055229	0.136624	0.062975	0.199320	0.180263	0.139351	-0.179732	-0.022365	-0.024158	0.159544	-0.174607	0.137752	-0.002773	0.068895	-0.220869	0.060713	-0.025703	0.031174	-0.104779	0.064006	0.062389	0.146885	0.010157	0.059838	0.010763	0.183820	-0.041800	0.051257	-0.147582	0.019354	0.027954	-0.158488	-0.175835	-0.058083	-0.115227	-0.014004	-0.097385	-0.180110	0.115867	-0.069729	-0.046555	-0.047208	-0.003130	-0.125481	-0.068843	-0.203397	0.074067	0.163666	-0.028968	-0.115541	0.024431	-0.120787	0.016630	0.113633	0.115850	-0.100815	0.109188	0.132236	-0.153312	-0.121750	-0.056785	-0.012319	-0.158544	-0.031595	-0.025705	0.062372	0.096384	-0.023580	0.004598	-0.131320	-0.077299	0.161661	-0.060852	0.009790	-0.070509	-0.026836	0.021980	0.088463	-0.120004	-0.122829	0.144284	-0.039704	-0.136862	0.084248	-0.157686	0.132368	0.158401	0.021395	-0.019749	-0.049613	0.057987	-0.052691	-0.007134	0.095618	0.077660	-0.098403	-0.003406	0.049318	-0.110529	0.083649	0.034786	-0.002058	0.103373
chr14:37732002-37733800	0.590464	1.239531	0.283803	0.232718	-0.177647	0.184083	-0.151789	0.114356	-0.050991	0.245900	0.021700	0.056258	-0.398703	-0.258123	0.040939	-0.004485	0.084686	0.202160	-0.042701	-0.209303	0.231136	-0.095790	-0.055083	0.085693	0.180290	0.008549	0.043443	-0.026040	-0.009666	0.062213	0.090133	-0.227035	0.169004	0.079757	-0.062629	0.118069	0.298995	0.196439	0.167592	0.046865	-0.032681	-0.190032	-0.137404	0.138790	-0.019350	0.151229	0.039920	-0.218383	-0.047610	-0.144033	-0.013470	-0.045059	0.133219	0.082503	-0.095451	0.111040	-0.100418	0.009094	-0.182396	-0.032137	-0.141975	0.010694	0.013230	-0.115093	-0.138154	0.016499	-0.015342	0.000763	-0.084182	-0.084609	0.054746	-0.099393	0.039763	-0.167110	0.052474	0.069412	0.017689	-0.062203	-0.087428	-0.012824	0.070674	0.095185	-0.116229	-0.074236	-0.056515	0.006261	0.175766	-0.058844	-0.169541	0.131893	-0.207079	-0.150591	0.138901	0.016922	-0.141018	-0.121680	-0.173291	0.157250	0.098014	-0.098727	0.033538	0.029490	0.017626	0.122131	0.126011	0.031757	0.204275	0.109824	-0.027329	0.041227	-0.166625	0.007611	-0.061740	-0.054069	-0.081017	0.178722	-0.030945	0.029298	0.068015	-0.081127	-0.016271	0.020746	0.153301	0.066363	0.144138	0.024733	-0.134524	0.041872
chr14:38057802-38060800	0.871318	0.119752	0.095130	0.079122	-0.166409	-0.190545	-0.043228	-0.327955	-0.161269	-0.122511	-0.301302	0.014546	0.196592	-0.089705	-0.059316	0.035507	0.001960	-0.011224	0.099314	0.195319	0.000230	-0.069323	0.096992	-0.110729	0.032083	-0.134242	0.123936	0.087980	0.114696	-0.229224	0.101992	-0.021557	0.119293	-0.094034	-0.115056	0.069484	-0.057976	-0.036851	-0.033861	0.019447	0.056799	0.163931	-0.023842	0.058104	0.014480	0.044261	0.255444	-0.065214	-0.144707	-0.068128	-0.206429	-0.012828	0.133173	0.060664	0.100145	0.265898	0.245027	0.058466	0.154674	-0.100460	-0.034324	-0.134037	0.049038	-0.007058	0.131110	-0.014638	-0.160796	-0.062063	-0.140673	0.283161	-0.051961	0.064598	0.022254	-0.143587	0.133552	-0.101744	-0.002951	-0.058649	0.074789	0.109007	0.106961	-0.104860	0.212723	0.041836	-0.056811	-0.018665	0.055438	-0.057191	-0.003422	-0.035579	-0.046933	-0.070535	-0.125077	-0.126429	-0.004003	0.023188	0.105368	0.103610	-0.025183	0.339339	-0.077030	-0.049823	0.003109	0.023214	0.066937	0.023794	0.053913	-0.031257	0.080224	0.009923	0.020085	-0.033154	0.033856	0.079544	-0.019713	0.005150	0.127476	0.020913	0.052481	0.196820	0.020438	-0.005020	-0.121491	-0.002741	0.126969	0.139291	0.034067	0.142024
chr14:38117241-38119242	0.403181	0.449484	0.048155	0.108546	0.094541	-0.090080	0.216246	0.063824	-0.209728	-0.034236	-0.133263	-0.001437	-0.277857	-0.226120	-0.196625	0.084682	0.108782	0.075567	-0.056698	-0.029254	-0.039696	0.015223	-0.063587	0.282065	-0.227385	0.129996	0.013032	0.075363	-0.048001	0.007061	-0.165257	-0.138314	-0.185186	-0.333432	0.065322	0.086158	0.099449	0.025905	-0.050032	-0.116143	-0.054724	0.051073	-0.241443	-0.188192	0.055370	-0.063925	-0.150165	0.040741	-0.027602	-0.128908	-0.033079	-0.113472	-0.378309	-0.030907	0.034269	0.229968	-0.006704	0.093586	0.152229	0.027896	-0.153876	-0.020113	-0.063923	-0.033386	-0.150501	-0.265830	-0.062840	-0.002934	-0.034853	-0.056774	-0.076636	0.188508	0.143439	-0.079156	-0.031434	-0.187902	-0.036934	-0.136631	0.056279	-0.077851	-0.059261	-0.157783	0.008118	-0.085901	0.122523	0.174282	-0.067968	0.158045	-0.066452	-0.060139	0.062406	0.032457	-0.250399	0.131495	0.015205	-0.126068	-0.161447	0.145288	-0.086101	0.082123	-0.148555	0.124803	0.011518	0.017865	-0.158649	-0.039519	0.010174	0.122645	0.005223	-0.139854	0.107162	-0.138449	0.120824	0.113037	0.191624	-0.160980	-0.003598	0.113213	-0.143100	0.033407	0.055307	0.093104	0.062487	0.069419	-0.187318	-0.037426	-0.192577	0.081155
chr14:38119402-38120400	-0.728614	-1.079367	0.450345	-0.205601	0.292627	0.273613	0.142937	-0.186452	0.053325	-0.182479	0.157910	0.027123	-0.115317	0.140144	-0.040583	0.009085	-0.273326	-0.094203	-0.044274	-0.113830	0.040918	-0.105381	0.085187	0.205017	-0.001780	-0.140646	-0.142434	-0.058347	-0.068209	-0.145307	0.069498	-0.024668	-0.041244	0.119004	0.182638	0.067399	-0.029378	0.064433	0.035502	0.068358	0.108175	0.032880	-0.153464	-0.067886	0.043065	0.104448	-0.060328	0.122410	0.062508	0.192069	0.021744	-0.061529	-0.068035	-0.206500	0.077294	0.118369	0.012610	-0.195499	0.213115	0.057503	0.223378	-0.036874	0.211198	0.089586	-0.031557	-0.064813	0.247626	0.004881	-0.227270	-0.155739	0.286758	0.113822	0.056220	0.161915	0.053380	-0.093080	0.137939	-0.249861	0.052861	-0.018426	-0.119386	0.056936	-0.141107	-0.076112	-0.126683	-0.012825	-0.117023	-0.111288	0.087647	0.020323	0.034451	-0.198495	-0.024319	0.178250	-0.043429	-0.153253	0.018614	0.073009	-0.181718	0.190253	-0.045754	0.218318	0.052996	0.038312	-0.061464	-0.016649	-0.162849	0.015638	-0.040699	-0.000564	-0.023987	0.313013	-0.126616	-0.050152	0.049714	0.078250	0.001267	-0.091175	0.245248	0.065897	0.172078	0.017585	0.001661	-0.109722	0.276880	-0.022877	-0.011620	0.051616
chr14:38125241-38127242	0.112102	-1.452684	0.170578	-0.136792	0.032097	-0.067793	-0.094961	-0.116214	0.064812	0.107805	-0.045452	0.203480	0.110514	0.083748	-0.116460	-0.055261	0.103957	-0.254400	0.047846	-0.010489	-0.085609	-0.063984	0.077080	0.089978	0.112109	0.011281	-0.037576	-0.031329	-0.153555	-0.060918	-0.196588	0.020345	-0.060491	0.039987	-0.040422	0.084024	-0.214597	0.062849	0.039919	0.069819	-0.011735	-0.057651	0.185583	-0.126388	-0.005593	-0.133545	-0.204789	-0.128118	-0.024624	0.039340	0.038424	-0.037250	-0.018862	0.128834	-0.002395	0.031522	0.091259	-0.137028	-0.079844	0.108451	0.077574	0.171708	-0.196104	-0.103260	-0.054107	0.004349	-0.195922	-0.010150	-0.072201	0.077966	-0.207797	-0.086237	-0.077903	0.088179	0.085039	-0.102836	-0.128776	0.093651	-0.060498	0.012475	0.035867	0.085634	0.055174	-0.171076	0.041457	-0.077795	-0.073153	-0.178308	0.101488	-0.117310	0.027843	0.072823	-0.062581	-0.058396	-0.031126	0.032384	-0.146714	0.003748	-0.173439	-0.111088	-0.020981	0.024401	0.033943	0.127999	0.013150	0.056732	-0.130913	-0.061364	0.134960	-0.022511	-0.004267	-0.008380	-0.003038	-0.049584	-0.064751	-0.169672	-0.118293	0.004510	0.013366	-0.142604	-0.041710	-0.155838	0.080782	0.053301	0.099690	-0.155373	0.053248	0.194829
chr14:38163005-38165006	0.258039	-1.063985	0.135558	-0.030518	-0.215449	0.021129	0.347228	0.027579	0.163454	0.106090	0.226194	0.084817	-0.293172	-0.154362	-0.082706	-0.087535	-0.156795	0.133381	-0.038536	-0.017931	-0.007199	0.135567	-0.176029	0.082922	-0.071275	0.077558	-0.044520	0.126494	-0.107756	0.079818	-0.179139	-0.077346	-0.048584	0.064466	0.095104	-0.065413	0.142460	-0.115326	-0.002303	-0.055410	-0.114508	0.058117	-0.171323	-0.025409	-0.095210	-0.054406	0.131204	0.010908	-0.076306	-0.058196	0.004378	-0.122022	-0.010463	-0.043176	0.145528	0.155648	0.047318	0.154245	0.277358	0.362244	-0.002781	0.096403	-0.047391	0.000176	0.022035	0.097059	-0.045661	-0.111835	-0.076528	0.043559	0.026864	-0.124262	-0.041000	0.050471	-0.009660	-0.015877	0.020596	-0.314159	0.099738	0.055302	0.097338	0.085489	-0.081331	0.181889	0.092749	0.091317	0.086952	-0.106950	0.043822	-0.033870	-0.051065	-0.171461	0.092456	-0.080283	0.023689	-0.104421	-0.017019	0.033027	0.022089	0.052766	-0.078443	0.016996	0.090082	0.126522	0.065091	0.097378	0.036808	-0.140779	0.113537	0.073806	-0.024995	-0.027968	0.054409	-0.042890	0.079350	0.037310	0.160918	-0.023554	0.012206	-0.079047	-0.083774	0.126403	-0.139618	0.056605	-0.081876	-0.163658	0.260336	0.112372
chr14:38165802-38169400	1.001723	0.035287	0.249538	0.118155	0.141174	-0.021383	-0.018666	0.006657	-0.028995	0.025197	-0.143035	-0.081522	-0.074842	0.124959	0.133399	0.014172	0.190704	-0.104193	-0.002357	0.073827	0.307857	-0.020144	-0.015956	0.067418	0.017281	-0.328972	0.075776	-0.060868	0.047330	0.075636	-0.101086	0.005777	0.098562	-0.129399	-0.186947	-0.154332	0.013734	0.125653	0.136625	-0.170266	-0.059977	0.119536	-0.001510	-0.107549	-0.049691	-0.101988	-0.067668	-0.094767	0.032427	-0.050878	-0.102703	-0.168592	-0.036044	0.005143	0.078863	-0.006986	-0.104405	0.052695	-0.034703	-0.047165	-0.074890	0.117980	0.156383	0.091149	0.037723	-0.001688	0.088464	0.088414	0.325492	0.021539	-0.104515	-0.014843	0.111296	0.025564	0.303694	0.234868	0.042851	0.093797	-0.013307	-0.072051	-0.099417	0.163299	0.205155	-0.004321	0.138152	-0.088813	0.036552	0.015369	-0.001307	-0.014211	-0.128019	0.023174	0.125567	0.033227	-0.009356	-0.033935	-0.007221	-0.048921	-0.033898	0.088161	0.051657	-0.000144	-0.063517	-0.136370	-0.036765	-0.141066	-0.157729	0.153042	0.104406	-0.005523	-0.176479	0.139026	-0.076672	-0.108072	0.055422	0.035891	0.001668	0.005712	0.036046	-0.034666	0.050766	0.257738	0.015560	-0.028816	0.143053	0.020428	0.078479	-0.064638
chr14:38179002-38179800	-0.584407	-0.261779	0.348354	-0.085328	-0.124524	0.844018	0.171017	0.072547	-0.197738	0.015730	-0.280956	0.119091	0.107822	0.049696	-0.059264	0.022713	0.086025	0.066418	0.087996	0.316935	0.020029	-0.173139	0.030096	-0.161445	-0.044615	0.094847	-0.045590	-0.198133	0.076243	-0.264461	0.018525	0.145197	0.135520	0.134889	-0.027223	0.031535	0.029805	-0.059369	0.367109	-0.101490	0.009442	-0.070329	0.161801	0.237393	0.013850	0.005635	-0.143631	0.037898	0.056286	-0.153185	-0.012293	0.086953	-0.121674	-0.320711	-0.005908	0.172923	-0.079463	-0.156848	0.084457	-0.018963	0.185659	-0.020449	-0.014330	-0.085763	0.082626	0.033569	-0.076534	0.042119	0.142215	0.151837	-0.008447	0.028976	-0.011586	-0.135139	-0.007600	-0.023037	-0.088806	-0.033550	-0.123705	0.035301	-0.122492	-0.047714	0.135344	0.043832	0.056144	-0.188791	0.011515	0.005691	0.066830	0.309818	-0.093172	0.274347	-0.049601	0.006021	0.095892	0.034490	-0.347479	-0.203237	0.158600	-0.124691	0.189578	-0.189820	0.094383	0.268820	-0.011663	0.030493	-0.059413	0.017786	-0.153791	-0.117179	-0.090167	0.111019	0.030363	-0.040950	-0.122245	0.197814	0.222194	-0.015473	-0.007817	0.017742	-0.009127	0.311999	0.192336	0.133107	-0.079015	-0.007593	0.098073	0.107541
chr14:38181676-38183677	0.742325	0.000387	0.175118	0.168493	-0.169713	-0.010031	-0.110180	-0.167187	0.042791	0.231259	-0.203964	-0.482817	0.115379	0.184505	-0.223578	0.480007	0.336184	0.127330	0.374230	0.505986	0.005270	0.042291	0.194882	0.418217	-0.480048	-0.223614	0.046294	0.062665	-0.062925	0.137711	0.030829	-0.162561	-0.052433	0.352946	0.272772	-0.001772	0.221415	-0.123028	-0.112395	-0.037837	0.037312	-0.060306	-0.192221	-0.047459	0.016420	-0.216494	-0.103932	-0.106838	0.104869	0.240506	-0.106048	-0.061234	0.086114	0.056300	0.105325	-0.148146	-0.012604	-0.127727	0.186406	0.016953	0.078676	0.140490	0.101996	0.007988	-0.029028	-0.011459	0.071964	0.150515	-0.026290	0.160272	-0.020458	0.070506	-0.165980	-0.037518	-0.009684	-0.084128	0.006357	-0.009319	0.021780	-0.048299	0.060591	-0.069518	-0.132868	-0.015509	-0.011880	-0.137527	-0.033443	0.100809	0.127104	-0.088490	0.013143	0.100031	0.009010	-0.080642	-0.004165	-0.172344	-0.057514	-0.107840	0.070402	-0.195107	-0.013020	0.066025	-0.057105	-0.072971	0.026445	-0.115859	0.057704	-0.084389	0.071331	-0.044346	-0.007802	0.041093	0.003486	-0.089774	-0.098402	0.027119	-0.016380	0.005911	0.036239	0.182896	0.100424	-0.055238	-0.024043	-0.042867	-0.036058	0.010896	-0.085143	0.086041
chr14:38181684-38183685	0.705351	-0.006861	0.165914	0.159488	-0.193739	-0.004478	-0.109690	-0.172356	0.045159	0.225301	-0.206075	-0.489388	0.092362	0.164656	-0.212611	0.489404	0.341170	0.146511	0.377188	0.507063	-0.017762	0.048315	0.219636	0.448825	-0.447481	-0.207617	0.053545	0.042882	-0.064609	0.117628	0.052855	-0.175159	-0.041391	0.365968	0.290278	0.020085	0.249740	-0.111716	-0.123673	-0.036945	0.037772	-0.059178	-0.183420	-0.013544	0.040906	-0.201165	-0.102892	-0.083293	0.116012	0.209731	-0.122293	-0.034659	0.091811	0.073789	0.087105	-0.147305	0.016728	-0.144833	0.221633	-0.001111	0.073224	0.136765	0.081650	-0.005745	-0.035326	-0.017398	0.070737	0.173345	-0.031021	0.163769	-0.032411	0.085940	-0.170494	-0.049658	-0.015195	-0.073474	0.021504	-0.034651	-0.004250	-0.061030	0.044287	-0.053739	-0.130474	-0.022945	-0.014471	-0.142657	-0.039881	0.092024	0.106595	-0.065040	0.001931	0.106839	0.022524	-0.078113	-0.005473	-0.148903	-0.061609	-0.111982	0.028911	-0.193810	-0.041825	0.048169	-0.064362	-0.051967	0.028794	-0.103353	0.019517	-0.083602	0.069698	-0.014806	-0.056456	0.041450	-0.002891	-0.092552	-0.101107	0.036918	-0.008881	0.015774	0.019563	0.156563	0.102916	-0.053458	-0.009043	-0.071514	-0.028058	0.015057	-0.079599	0.081809
chr14:38181915-38183916	0.751685	0.186446	0.061678	0.115680	-0.082031	-0.108469	-0.143706	-0.193844	-0.012774	0.070501	-0.178287	-0.394026	0.083881	0.223031	-0.218417	0.557440	0.277412	0.038534	0.201463	0.526202	0.015030	0.133957	0.095925	0.295732	-0.368539	-0.256968	0.039937	0.156065	-0.177458	0.231084	0.062552	-0.275371	-0.074738	0.319103	0.147848	0.058989	0.166176	-0.050899	-0.069313	0.088474	0.121908	-0.003444	-0.138537	0.029536	0.051919	-0.280108	-0.066599	-0.137841	0.037381	0.116148	0.039360	0.140131	0.008637	-0.034843	0.002582	-0.237818	0.042436	-0.127627	0.200474	0.088428	0.020887	0.056592	0.088245	-0.106723	-0.024471	-0.236163	0.017131	0.184634	-0.016812	0.145720	-0.183520	0.023056	-0.065398	-0.055158	-0.111211	-0.090488	-0.069140	-0.087653	0.015698	-0.106370	0.068881	-0.090321	-0.061593	0.079600	-0.218488	-0.067093	-0.075746	-0.104344	0.094324	-0.079273	-0.056203	0.103712	0.025112	-0.017547	-0.123377	-0.094425	-0.101527	-0.109968	-0.049042	-0.054935	0.014507	0.029122	0.056776	0.103411	0.050246	0.007323	0.055662	-0.120449	-0.022941	-0.017211	-0.069082	0.136321	-0.002697	-0.062368	-0.091258	0.041566	0.068939	0.015966	-0.024347	0.163273	0.014428	-0.068196	-0.042794	0.096098	-0.021001	-0.024097	-0.036377	0.053683
chr14:38183293-38185294	0.345882	-1.044440	0.131627	0.061320	0.232276	0.238618	-0.012650	0.055293	-0.041162	-0.061349	-0.310759	-0.078361	-0.023683	0.220894	0.046465	0.078479	0.059387	-0.002708	0.148104	0.070343	-0.091700	-0.001826	0.009293	-0.072442	-0.270324	-0.055647	0.163378	0.166005	-0.035888	-0.127699	0.032152	0.112613	0.015629	0.138051	-0.207814	-0.085872	0.047956	-0.010716	0.239917	-0.178475	0.142806	0.059922	0.061345	-0.190759	-0.002979	-0.032590	0.004903	0.040514	0.170821	0.022932	0.057982	-0.022426	0.012185	0.058276	0.068070	-0.028479	-0.093425	0.065005	-0.003023	0.216243	0.065293	-0.136947	-0.036298	-0.090397	0.098110	-0.118809	-0.165840	-0.015030	0.234195	0.133666	0.051410	-0.130233	-0.144250	0.024942	-0.154560	-0.137030	-0.212538	-0.178987	-0.051673	-0.044505	-0.057501	-0.068735	0.036476	-0.056860	-0.176850	-0.064010	0.063908	0.019844	0.105187	-0.133846	0.025977	-0.066478	0.021410	-0.053736	-0.130449	0.163176	-0.061093	0.108912	0.067169	-0.036626	-0.107033	0.078848	-0.102268	-0.160177	0.018025	0.083657	0.179656	0.140505	0.024888	0.017281	-0.020308	-0.079545	0.016932	-0.192370	0.013319	0.029778	0.012090	-0.060814	0.013510	0.077699	-0.003959	0.013496	-0.041050	0.037274	-0.061012	-0.000570	-0.095186	-0.018835
chr16:68738002-68739200	-0.154875	0.585731	-0.167501	0.105329	0.237073	0.123948	-0.004079	-0.071785	-0.117437	0.275120	0.127570	-0.112361	0.202412	0.027589	0.033700	-0.300449	0.246791	-0.235453	-0.070393	0.191383	0.014167	-0.057582	-0.060794	-0.039823	0.052303	0.189014	-0.193196	0.150359	0.154808	0.140182	-0.064316	-0.080412	0.060592	0.042680	0.107296	0.182562	0.176962	-0.190739	-0.049977	0.039824	0.112146	0.023696	0.033142	-0.068298	-0.110564	-0.170958	0.120553	-0.132641	-0.058891	0.098553	-0.125047	-0.045966	-0.053841	0.013541	0.008776	-0.047463	-0.112888	0.205971	0.159861	0.107126	-0.122625	0.080887	0.183524	-0.079938	0.053286	-0.131935	0.277407	-0.128310	-0.124450	0.023783	-0.003831	-0.059565	0.035942	-0.016502	-0.081073	-0.001365	-0.067836	0.131169	-0.009748	-0.093014	0.029537	-0.000256	-0.047412	0.327448	-0.182883	0.127487	-0.050174	0.183795	-0.092847	0.008134	0.115277	0.022051	-0.130978	-0.083154	0.077028	0.188757	-0.271119	-0.119174	-0.093176	0.207033	-0.238346	-0.192209	0.064339	-0.092228	0.093618	0.082525	0.076622	0.080469	-0.231400	0.066094	0.077100	-0.115760	0.000541	-0.049304	0.156481	0.042517	-0.041684	-0.022584	0.011017	-0.277581	0.142323	-0.049183	-0.042184	-0.183640	-0.039300	0.062043	-0.110880	0.203990
chr16:68740002-68742600	0.827350	0.509472	-0.087160	0.110565	-0.053184	-0.212808	0.057158	0.206665	-0.038193	0.141912	0.022370	-0.271244	-0.156190	-0.050421	0.085970	0.053493	0.477733	-0.078388	-0.015942	-0.052837	-0.028435	0.014423	-0.001620	0.049149	0.073992	0.028325	0.073717	-0.077988	0.128402	-0.007561	0.041000	0.169015	0.103114	-0.073748	-0.081097	-0.012220	0.039527	-0.026779	-0.037439	-0.071113	-0.102502	-0.142097	-0.022459	-0.028068	0.104179	0.081220	0.058082	0.026493	-0.172537	0.070174	0.054373	0.011856	0.102860	0.053134	0.038508	-0.145668	-0.134580	0.020658	-0.180560	-0.101611	0.036960	-0.011681	0.154128	0.067967	0.137796	0.034358	-0.030997	-0.003116	0.032840	-0.207826	-0.018266	0.009061	0.000498	-0.092827	0.107683	-0.071017	-0.078805	-0.052914	0.177158	0.125232	0.100214	0.026975	-0.003290	-0.139208	0.035892	0.096171	-0.044743	-0.093594	0.031114	-0.119137	0.085447	-0.086040	0.182371	-0.055272	0.068662	-0.144295	0.098298	-0.017766	-0.091376	0.128863	0.016878	-0.089816	-0.032597	-0.134758	-0.018305	0.052781	0.122972	0.031709	-0.199285	-0.158384	0.076041	-0.057864	-0.021607	0.158932	-0.076046	-0.073666	-0.024109	-0.130572	-0.004055	0.145304	0.156572	0.185841	0.038896	0.016073	0.011798	0.013486	0.041478	-0.102431
chr16:68748802-68750800	0.356419	-0.428111	-0.177664	-0.099485	0.062626	-0.187968	0.043877	0.004882	0.109355	0.159632	-0.029511	0.020742	-0.019053	0.020695	-0.124323	0.046403	0.052153	0.017007	-0.059813	0.109435	-0.020342	0.256584	0.077780	0.136503	0.031663	0.043854	-0.007926	-0.105347	0.204787	0.219472	-0.017973	0.043967	-0.111158	0.032815	-0.071441	-0.080008	0.110538	0.023896	0.060420	-0.043126	0.063666	0.051588	0.012545	-0.012693	-0.245905	0.077994	0.029120	-0.084506	-0.166938	0.144621	0.081734	0.089200	0.057870	-0.064367	-0.098216	0.051158	-0.218104	0.111222	-0.007686	-0.032350	-0.051674	0.146536	0.044236	0.124361	0.203571	-0.099903	0.068697	-0.017811	-0.054593	0.049682	-0.113465	0.073364	-0.047979	0.033945	0.077951	0.256331	-0.081209	0.037350	0.154035	-0.029572	0.054028	-0.177526	-0.013626	-0.005566	0.155129	0.088157	-0.102762	0.004270	-0.014968	-0.134979	-0.017419	0.185784	-0.103528	0.181237	-0.077074	0.033664	0.061066	-0.070354	0.038970	0.072099	0.052840	0.086897	0.123194	-0.088586	-0.021711	-0.007604	0.187303	-0.075161	-0.244745	0.198772	-0.051599	-0.059125	-0.013494	-0.006083	-0.127975	0.016940	0.118873	-0.001096	0.092141	-0.073097	-0.092691	0.003181	-0.163411	-0.007092	-0.069983	0.023488	0.152594	-0.027481
chr16:68751380-68753381	0.608534	0.674892	-0.072263	0.028440	-0.217752	-0.134113	0.035551	0.136289	0.133522	0.523214	0.107394	0.037808	0.200364	-0.059362	-0.198147	0.117093	0.076450	-0.251302	-0.156520	0.057976	0.116245	0.090218	0.020332	0.173821	-0.056807	-0.081784	0.115742	-0.059783	0.112163	0.125874	-0.027628	-0.042794	0.017693	-0.125760	0.073418	-0.096309	-0.137037	-0.000589	0.114276	-0.213233	-0.129309	0.038044	0.056760	0.041862	0.152442	0.128352	0.081148	0.041270	-0.021147	-0.232086	0.075747	-0.126989	0.035630	-0.108307	0.176464	-0.096138	-0.081451	-0.041162	0.125223	-0.060993	-0.108857	-0.156759	-0.005279	-0.046327	-0.202489	-0.136500	-0.039108	-0.118030	-0.018584	-0.015059	0.088415	0.159084	0.085700	0.101742	0.010476	0.058084	0.071705	0.027712	-0.058141	-0.088436	-0.062153	0.047488	0.041606	0.133833	0.089473	-0.037123	0.089068	0.058593	-0.064660	0.027233	0.138782	0.123615	0.039748	0.016352	-0.100609	0.005480	0.109247	0.114095	-0.000286	-0.104961	-0.038838	-0.087716	0.069567	0.082074	-0.047304	-0.125372	0.055562	0.003001	-0.297082	-0.109184	-0.067893	0.099249	0.040921	-0.077021	0.188456	-0.070806	0.163282	-0.139086	-0.120437	-0.009289	0.026410	0.168403	0.061000	0.065316	0.032559	0.145054	0.092414	0.027741
chr16:68807602-68838400	0.702821	-0.646474	-0.016543	-0.020013	-0.340688	-0.000231	0.153618	0.186046	0.027710	0.008726	0.112749	-0.275690	0.016257	-0.082191	0.108193	-0.015513	0.029063	0.094321	0.003854	0.150570	0.048658	0.167277	0.210907	-0.009502	-0.008268	-0.073844	0.049751	0.034406	0.002217	0.028361	-0.026095	-0.004636	-0.002769	0.041663	0.010111	-0.100268	-0.027223	-0.104282	-0.034249	0.052166	0.146749	0.070489	0.032205	-0.110943	-0.017261	-0.010188	0.053535	0.073088	-0.154592	-0.075673	-0.225897	-0.064977	0.045358	-0.012874	0.074479	0.054619	0.160782	-0.137557	-0.076941	-0.094938	0.038620	-0.091441	0.116082	0.005661	0.034762	-0.066173	0.079730	-0.012871	-0.072182	-0.060409	0.005327	-0.047151	-0.017001	0.162131	-0.011107	-0.028915	0.004497	-0.179066	0.105602	-0.127268	-0.043476	-0.022861	0.056759	-0.152625	-0.076504	0.022053	-0.274739	0.076240	0.084962	-0.212072	0.007685	0.092810	0.017363	0.061689	-0.108328	-0.018517	-0.044083	-0.125431	-0.010940	-0.110105	-0.104146	0.086206	0.027744	-0.163195	-0.216000	-0.069060	-0.015101	-0.115182	-0.163205	-0.073121	-0.061183	0.069155	-0.043993	0.043200	0.052463	0.036440	0.071919	-0.152939	-0.094287	0.062957	0.011538	0.001894	0.059274	-0.064379	0.200118	-0.093497	-0.057538	0.043368
chr17:16125784-16127785	0.159854	-0.345450	0.363312	0.013827	-0.048675	0.103650	-0.100470	-0.174365	-0.070252	0.190965	0.072933	0.006721	0.104227	-0.038761	-0.116868	0.123926	0.016082	0.198200	-0.161693	-0.107513	-0.086792	-0.128466	-0.150104	-0.085592	-0.111991	-0.225201	-0.158011	0.159579	0.050840	0.056477	0.001337	-0.104047	0.028448	0.014502	0.208695	0.004881	0.037978	-0.071786	0.077989	-0.000486	-0.001364	-0.263460	0.032870	-0.080273	0.010246	-0.022942	-0.126837	0.174515	0.011271	0.169886	-0.029555	0.137396	0.226551	0.072850	0.040141	0.136855	-0.122787	-0.091227	-0.007118	-0.137315	-0.092066	0.136027	0.149705	-0.056190	-0.210417	0.048844	-0.055157	-0.080404	0.169805	-0.235696	0.098463	-0.205817	-0.047964	0.067728	0.053553	-0.145356	0.212074	-0.167183	0.083763	0.207852	0.282567	0.098893	-0.092605	0.036620	0.011961	-0.113258	-0.284680	0.241787	-0.009058	-0.025204	-0.034209	-0.012192	0.120188	-0.029936	0.096901	0.175980	-0.184383	-0.089850	-0.235880	-0.018395	-0.130710	0.012426	-0.069554	-0.111143	-0.035153	0.022314	0.179487	0.163168	0.028216	0.077698	0.089240	0.072261	-0.129255	0.142336	-0.067352	0.086226	0.130169	-0.061037	-0.070942	0.077966	0.074888	0.098653	0.112062	0.052972	0.126039	-0.066453	0.203819	-0.054874
chr17:16127122-16129123	0.358248	0.798823	0.002063	0.014345	0.060620	-0.067775	-0.150759	-0.097258	-0.105397	0.336250	-0.256868	0.104622	0.306665	0.198987	-0.261363	-0.104856	-0.117009	0.058153	0.055589	-0.061577	-0.014467	0.067569	0.038066	-0.123976	-0.055817	-0.376485	-0.169272	0.209441	-0.095114	-0.033125	-0.106958	0.058650	0.111808	-0.077256	0.085409	0.050712	-0.069837	0.100999	0.138074	0.195563	0.141660	-0.058123	-0.005325	-0.143462	-0.054825	-0.135981	-0.030410	0.261216	0.263343	-0.009722	0.051799	0.308651	0.127667	-0.085623	0.082739	0.274379	0.179749	0.000370	-0.131953	-0.016460	-0.074958	0.041428	-0.056289	0.086710	-0.090277	-0.092026	0.231825	-0.075332	-0.047529	0.053354	-0.076100	-0.122475	-0.054834	-0.001185	0.040748	-0.084528	0.027334	-0.108085	-0.134145	0.195916	-0.136270	-0.015165	0.036120	0.019828	-0.145322	-0.149098	-0.037686	0.094901	0.009414	0.073827	-0.078261	0.170691	0.094396	0.045344	-0.055899	0.076912	0.021208	-0.098411	0.051174	-0.053164	-0.060932	-0.026783	0.287406	-0.157041	0.043795	-0.075810	-0.024516	0.120047	-0.014017	0.043009	-0.177853	-0.054286	-0.030633	0.051085	0.036094	0.157927	-0.140048	0.004816	0.088607	-0.093686	-0.078026	0.023367	0.174703	0.089369	-0.112691	-0.015916	-0.062576	-0.041212
chr17:41278202-41283200	0.896477	0.005246	0.151888	0.044551	-0.098792	0.200031	0.259376	0.351802	-0.190680	-0.209705	-0.073997	0.058715	-0.065054	0.197649	-0.110493	0.201906	0.037504	0.130495	0.031009	0.033869	-0.169220	-0.031731	0.082252	0.057572	0.112993	0.101995	-0.063562	0.102174	-0.136853	-0.021255	-0.036111	0.058774	0.027451	0.041598	0.253089	-0.144515	0.147105	-0.003633	0.005936	0.124204	-0.094566	0.161022	-0.125556	0.107346	-0.118000	0.032258	-0.064314	-0.075970	0.015286	0.060552	-0.112773	0.022708	-0.104671	0.062647	-0.058373	0.221105	0.122681	-0.023500	0.201407	-0.043904	-0.323975	-0.026621	-0.182922	-0.053592	0.003057	-0.005375	-0.277036	0.183379	0.039674	0.209855	-0.028963	0.081913	0.055562	-0.047887	0.130009	-0.029974	0.094267	0.020537	0.076276	-0.036861	-0.017033	0.055533	0.194811	-0.034884	0.186204	0.033154	-0.063302	0.045786	-0.019468	0.146219	0.045155	-0.060957	-0.067682	-0.128465	-0.112324	-0.090412	0.135499	-0.071503	0.047371	0.015833	0.049122	-0.083140	0.031457	0.003816	0.143920	0.115294	0.050151	0.234481	-0.039641	-0.055537	-0.137499	-0.128843	0.060965	0.114699	-0.043515	0.123016	0.155316	-0.105878	0.153189	0.005256	-0.115448	0.187646	0.010998	0.042572	-0.087989	0.021838	-0.101823	-0.091968
chr17:41442802-41451800	0.499503	-1.115311	-0.131875	-0.090938	0.021643	-0.136820	-0.065371	0.055642	-0.138574	0.044345	-0.105439	0.017009	-0.129350	-0.009114	-0.084466	-0.083093	-0.093303	0.057544	-0.021128	0.094147	0.053829	0.048554	-0.049835	0.056575	0.018358	-0.235383	-0.071151	0.011895	-0.141211	0.125714	-0.001745	0.077192	0.010863	0.142841	0.074868	-0.135751	-0.130293	0.091060	0.090784	-0.205178	-0.074942	-0.044583	0.129861	0.097492	-0.026519	-0.083340	-0.083060	-0.078456	-0.062383	-0.017133	0.073163	-0.091399	-0.155066	-0.151105	0.143042	-0.149812	-0.026033	0.076358	0.133259	0.095135	-0.081254	0.034483	-0.028222	0.071406	0.002855	0.042578	0.029261	0.020760	0.020700	0.032618	-0.099880	0.016331	-0.129446	-0.070148	-0.006202	0.051482	0.181315	-0.061803	-0.130798	-0.023732	0.090884	0.022333	0.087129	-0.016105	0.184640	0.099337	-0.118201	-0.095400	-0.008949	-0.210126	-0.037106	-0.145834	0.144999	0.025281	0.014341	-0.030757	0.117465	0.052516	0.176064	0.208061	-0.152997	0.150902	0.087030	-0.018975	0.067685	-0.017842	0.067683	-0.115444	-0.094992	0.006888	-0.085134	-0.195076	0.088579	-0.061812	-0.071409	-0.013583	0.038812	-0.016063	-0.037175	0.118658	-0.057971	0.043999	-0.117431	0.043738	0.076348	-0.032670	-0.048360	0.106665
chr17:55928202-56033000	1.096424	0.383465	0.195444	0.093567	-0.016648	-0.019159	0.330097	0.230818	-0.216916	-0.302435	-0.027068	-0.006010	0.266232	0.057662	-0.027646	0.141222	-0.087652	0.174731	-0.015054	-0.071142	-0.153491	-0.051139	0.025714	0.075166	0.115168	-0.244631	0.131287	-0.075947	0.127945	0.244809	0.141284	0.104872	-0.075461	0.157583	0.073689	-0.094097	-0.098417	-0.017019	-0.126027	0.077986	0.177555	-0.153006	-0.099569	0.151224	0.115182	0.018729	0.048459	0.039600	-0.251809	-0.103561	-0.210392	-0.011574	-0.010903	0.056454	-0.040483	0.156680	-0.051899	-0.039885	0.110195	0.048877	0.084317	-0.083491	0.075972	-0.025141	-0.009229	0.013059	-0.099783	0.007263	-0.134508	-0.137764	0.121001	0.131306	0.140460	-0.224603	0.160556	-0.076501	0.082478	0.071878	0.145161	-0.008411	-0.192949	-0.023182	0.023269	-0.032505	0.000619	0.138816	0.018479	0.035411	-0.099292	0.000930	-0.119133	-0.012542	-0.057335	-0.020440	-0.070699	0.095231	0.085524	0.090934	0.052068	0.053602	-0.099405	-0.076716	-0.091479	-0.193161	0.201328	0.016427	-0.130007	0.243677	-0.086912	-0.130972	-0.136401	-0.068141	0.143706	-0.185968	0.090349	-0.001718	0.019102	-0.067313	0.095344	-0.163931	0.089986	-0.216493	-0.140269	-0.086528	0.065358	-0.133394	0.019193	-0.059468
chr17:56402802-56429200	0.886524	0.875810	0.174158	0.139277	-0.159606	0.018181	-0.203952	-0.000425	-0.133931	-0.111175	-0.161074	0.035791	-0.101795	-0.135734	0.021867	-0.003510	-0.093470	0.024995	-0.051909	0.037272	0.118775	-0.125066	0.147287	-0.047574	-0.010512	-0.116224	-0.159491	-0.085078	0.082844	-0.135032	0.114258	0.053289	0.029510	-0.174188	-0.166869	-0.164615	0.053574	-0.046426	-0.245986	-0.279955	-0.310232	0.075700	0.091038	0.055500	-0.163240	0.032700	-0.027463	0.033663	-0.116250	-0.062503	-0.258216	-0.000628	-0.134011	0.102995	-0.028698	0.023570	-0.205696	-0.008199	0.459872	0.096619	0.046400	-0.137906	-0.395845	0.162619	0.196014	-0.328798	-0.040317	-0.000565	0.219065	0.079264	0.086441	0.093141	-0.021835	0.114995	-0.002816	0.210948	0.023612	-0.119776	0.124444	0.036320	0.101734	-0.073081	0.027793	-0.001765	-0.001725	0.211179	-0.047218	-0.090955	0.199329	-0.146209	-0.100348	0.002828	0.003077	-0.003731	-0.066778	-0.119493	-0.179494	-0.182955	0.090253	0.011359	-0.198632	0.086129	-0.188189	-0.146359	-0.033768	-0.000977	0.079801	0.074721	0.100671	-0.005165	-0.010970	-0.082346	-0.066312	0.102445	-0.026187	-0.179137	-0.215352	0.247590	0.070417	-0.103478	-0.082399	0.021296	0.061549	-0.082115	0.022447	0.054717	0.001762	0.072945
chr17:56490423-56492424	0.461772	0.242818	-0.034752	0.109095	0.421535	0.044787	0.162078	-0.052214	-0.077405	-0.177998	-0.066210	-0.093723	0.077879	-0.089716	0.001335	0.052175	0.107143	0.179108	-0.118669	0.005716	-0.060868	0.030396	-0.113216	0.138604	-0.163949	-0.006616	-0.078542	0.109972	-0.058523	-0.163675	0.084117	0.089536	0.151828	0.057750	0.101737	0.159228	0.067999	0.039912	0.080717	0.072757	0.015464	-0.025493	0.155719	-0.032406	-0.093210	-0.075349	0.023597	0.035695	-0.142630	-0.029870	0.219400	0.013524	-0.087406	-0.028170	-0.017542	-0.189712	-0.071940	-0.089393	-0.027247	-0.161947	0.167261	-0.100208	-0.035616	-0.004395	-0.003426	-0.139278	0.125836	0.113971	-0.126023	0.045556	0.001242	-0.162087	-0.118875	-0.106298	0.000348	0.010832	-0.081483	0.031602	0.005064	-0.025961	0.010379	-0.174061	-0.031987	0.013460	-0.077880	0.015749	-0.141968	-0.005015	0.161557	-0.109487	-0.212964	-0.033310	-0.066306	0.139898	0.077882	0.028602	0.048134	0.152783	-0.105446	0.000068	-0.055675	0.060987	0.036613	-0.012896	0.057756	0.192569	-0.148853	0.058272	-0.017910	-0.123927	-0.084033	-0.045701	0.088820	0.000137	0.065215	0.223196	-0.102807	-0.015884	-0.050070	0.109636	0.017565	-0.002452	0.052699	-0.113698	-0.108859	-0.033963	-0.053510	-0.044712
chr17:56564602-56566000	0.337218	0.806036	0.331789	0.042275	-0.150363	0.170744	-0.178647	0.053580	-0.174546	0.026302	-0.268543	0.213795	0.220312	0.137187	-0.115640	-0.041132	0.181690	0.140666	0.118952	-0.081469	0.208380	0.114882	0.087324	-0.101045	-0.000606	0.024950	0.055365	0.169511	-0.214167	0.122588	0.045624	0.077232	0.208233	-0.067932	0.085404	-0.173507	-0.149731	0.422412	-0.336673	-0.065098	0.079553	0.242815	0.073558	-0.037902	0.106012	-0.116745	-0.246301	0.079892	-0.045401	-0.156187	-0.144917	-0.000258	-0.023702	-0.003863	0.051597	0.119424	-0.034847	0.039357	0.081679	0.014834	0.054513	-0.043919	-0.027086	0.041234	-0.085422	-0.058068	0.198196	0.092818	-0.089239	-0.123663	0.097943	0.080704	-0.078108	0.022104	-0.045723	0.041989	0.033602	-0.134194	0.021762	-0.074075	-0.209047	-0.074428	-0.113842	-0.065538	0.033875	0.090418	0.076632	-0.058733	0.110148	0.126003	-0.135792	0.008982	0.021804	-0.064006	-0.005323	0.106929	0.011258	0.063773	0.078693	-0.024455	0.029533	0.084786	0.070103	-0.253989	-0.147153	0.113258	-0.054777	-0.147381	-0.003843	-0.019229	-0.036020	-0.095500	0.066726	0.032662	-0.095123	0.135929	0.110724	0.311591	-0.026756	0.002220	0.143791	-0.152348	-0.038542	-0.028724	-0.118286	0.097165	-0.034093	-0.002469
chr17:56685893-56687894	0.431249	0.259431	0.088965	0.150193	-0.178757	0.017592	0.223683	-0.095787	-0.198614	-0.025213	-0.045586	-0.037192	0.422308	0.123371	0.133745	0.116792	-0.048253	0.051985	-0.076766	-0.328253	0.250866	0.238760	0.133159	0.268984	-0.147762	0.385053	0.068331	-0.088727	0.096924	-0.177172	0.232334	-0.083378	0.167099	-0.068392	-0.172750	0.259124	-0.361371	-0.149808	-0.042589	0.242587	-0.120768	0.001432	0.244100	0.021284	0.212636	-0.234397	-0.019053	-0.198564	-0.026716	0.027300	0.105863	-0.092253	-0.007406	0.122237	0.104368	0.030845	-0.384274	0.006425	0.069413	0.010326	-0.311936	-0.006412	0.299109	-0.178033	-0.158148	-0.181849	-0.093728	0.069627	-0.079131	-0.094643	-0.027275	0.089132	-0.097190	-0.021177	-0.133325	0.042072	0.021769	0.262871	0.129527	-0.103358	-0.004761	0.048123	-0.132277	-0.018701	-0.095893	-0.043321	-0.134445	0.061465	-0.160974	0.097823	-0.114576	-0.049434	-0.075468	0.126222	0.037918	-0.049625	-0.030094	0.015944	-0.085011	0.046863	-0.056818	0.250495	-0.104604	0.046628	0.013935	-0.020787	0.200844	-0.134679	0.092837	-0.091074	-0.175982	0.079211	0.122292	0.092079	0.152622	0.173310	-0.013845	-0.091122	0.068532	-0.024995	-0.070522	-0.061111	0.012122	0.096272	0.073017	0.029949	0.090564	-0.031387
chr17:56686036-56688037	0.289602	-0.024104	0.158751	0.275214	-0.218001	0.307852	0.328593	0.102774	-0.187815	-0.130779	-0.044809	-0.127738	0.434087	0.099154	0.205391	0.152694	-0.166659	0.178881	-0.101476	-0.279738	0.205313	0.209010	0.145394	0.204027	-0.263869	0.324252	0.166471	-0.105183	0.077008	-0.135821	0.264025	-0.005113	0.123586	-0.117959	-0.215361	0.109277	-0.293174	-0.099650	-0.080411	0.294924	-0.157638	0.071004	0.284481	0.053044	0.162389	-0.205876	-0.096631	-0.089640	-0.022635	0.047699	0.014286	-0.082022	-0.029401	0.238496	0.142060	0.055446	-0.352893	-0.036890	0.121309	0.000406	-0.143897	0.051853	0.253093	-0.239357	-0.209975	-0.178282	-0.033289	0.018214	-0.134936	-0.111677	-0.012019	0.010820	0.003241	-0.030648	-0.065982	0.029231	0.086849	0.192743	0.076533	-0.201635	-0.084895	0.057056	-0.110013	-0.007620	-0.127557	-0.026901	0.023489	0.024193	-0.081720	0.145912	-0.088170	-0.088201	-0.099329	0.070814	0.017853	-0.101568	-0.005011	-0.029620	-0.042503	0.000600	-0.124499	0.242830	-0.104708	0.098330	-0.047429	-0.059159	0.125895	-0.095530	0.110678	-0.080144	-0.202323	0.024059	0.103378	0.116455	0.176679	0.143736	0.022986	0.020827	0.066474	0.001560	0.067228	-0.042391	-0.016930	0.090977	0.061852	0.078716	0.003951	0.046488
chr17:56726563-56728564	0.375095	-0.393169	-0.034003	-0.032316	0.011943	0.319250	-0.010838	0.132094	-0.146707	-0.032631	-0.250681	0.185676	0.041075	-0.075336	-0.191594	-0.189908	0.118329	-0.113005	0.061558	0.058151	-0.086686	-0.018059	0.002644	-0.005694	-0.109349	-0.100185	0.050193	0.017778	-0.143224	0.146695	-0.100931	-0.194374	-0.043018	-0.080522	0.016991	-0.005974	-0.090037	0.016978	0.063943	-0.058545	-0.026113	-0.084184	0.075393	-0.036583	-0.099329	-0.204902	0.016885	-0.012857	-0.065842	-0.095179	0.008935	-0.081036	0.027417	0.010415	-0.053184	0.175441	0.063008	-0.071120	-0.083635	0.034791	0.040165	-0.063178	0.169515	0.071002	-0.110508	-0.124214	-0.063560	-0.083350	0.039560	0.050168	0.110108	-0.043712	-0.108385	0.087825	-0.200156	-0.142216	-0.010619	-0.024246	-0.096840	-0.061632	-0.177762	0.191603	-0.063034	0.018605	-0.062620	-0.041283	-0.045955	-0.096252	0.003266	0.142350	0.034021	-0.024434	-0.187540	0.110711	0.147703	0.098928	-0.029875	0.002649	0.105322	0.048591	-0.064728	-0.014461	0.068852	-0.098372	-0.178789	0.040628	0.139009	-0.069385	-0.017671	-0.182382	-0.056066	0.079931	0.037900	0.062503	0.018741	-0.119470	0.079247	-0.037122	-0.042171	-0.152729	-0.065027	-0.086385	-0.157991	-0.021893	-0.160518	0.010238	0.038146	-0.019195
chr17:56819202-56819800	-1.173411	-0.087165	0.010093	-0.235395	0.321549	0.209107	-0.069111	0.255649	0.172994	0.235689	0.043357	0.018953	0.494321	0.047649	-0.031817	-0.280945	-0.132161	-0.254865	-0.139232	0.270947	0.162825	0.177311	0.009573	0.083642	0.097695	-0.088062	-0.149623	-0.139208	-0.266107	-0.076166	0.123836	0.318793	-0.152253	-0.210095	-0.043788	0.090428	-0.187798	-0.005298	0.064442	-0.171365	0.094927	0.330802	-0.245997	-0.151947	0.032016	0.080556	-0.056017	-0.221609	0.033551	0.041886	0.053529	-0.196280	0.211103	0.112784	-0.200382	-0.132831	-0.008940	0.013068	-0.099062	0.135050	-0.036790	0.077348	0.009886	0.227158	0.034499	0.409130	0.266301	0.138326	0.169266	0.034585	0.010287	-0.107828	0.103273	-0.149879	-0.143904	-0.052729	0.000671	-0.007771	-0.082154	-0.264784	0.137233	-0.348631	-0.079101	-0.115012	0.026724	0.191242	0.069440	0.073146	-0.071726	0.191101	0.090320	-0.000106	0.025806	-0.302032	-0.218921	0.075792	-0.090275	-0.255907	-0.001444	0.066770	0.067120	-0.068183	0.118107	-0.170988	0.057648	-0.053452	-0.145454	0.121853	0.117924	-0.067264	0.102955	0.264942	-0.142840	-0.062681	-0.019671	0.133804	0.030666	-0.066776	-0.108418	-0.070374	-0.034899	-0.149601	-0.158519	0.062673	-0.094077	0.011496	0.040577	0.036849
chr17:56840079-56842080	0.538731	0.179128	0.147361	0.126219	-0.379516	-0.060549	0.269915	-0.079083	0.211495	-0.042331	0.114424	-0.034051	0.076960	0.064555	-0.039309	0.002951	-0.028496	-0.075662	0.053469	-0.066158	0.127848	0.013725	0.023667	0.226435	-0.191790	-0.011648	-0.204112	-0.038392	0.120924	0.130677	0.012845	0.145039	0.001782	-0.181849	0.037770	-0.041278	0.117929	-0.170465	0.034058	-0.048090	-0.074370	-0.031115	0.041434	-0.042035	0.072520	0.106000	0.030628	-0.124700	-0.075944	-0.093702	-0.071093	0.067010	0.029429	0.083510	0.116172	-0.120010	-0.023552	0.076098	0.192362	-0.032935	-0.265894	0.158282	-0.072806	-0.044255	0.154109	0.043359	0.015864	-0.022232	-0.048727	-0.005747	0.033223	-0.031336	-0.098997	-0.075772	0.056610	0.139247	0.053589	-0.014267	-0.035171	-0.051260	-0.029764	-0.035227	0.053458	0.080702	-0.253175	-0.089247	0.086734	-0.028698	0.022341	-0.047097	-0.022030	-0.164750	0.087725	0.066748	-0.066006	0.181603	-0.038406	0.098034	0.215733	-0.029921	-0.201342	-0.148870	0.098878	0.001759	0.058681	-0.059124	-0.032920	0.176729	-0.139374	0.009667	0.090771	0.010086	-0.115346	0.211558	0.031261	-0.028152	-0.216391	0.193024	-0.077036	0.149011	-0.064497	-0.029234	0.056775	-0.091981	-0.100001	-0.027076	0.145827	0.005321
chr17:57030202-57030600	-2.225919	0.495487	0.489537	-0.315639	-0.030087	0.536171	0.509697	-0.053830	0.067855	0.065278	-0.016657	-0.209761	-0.184844	0.000216	0.007116	-0.194928	0.056525	-0.004619	-0.003420	0.242925	0.126290	0.007367	0.038487	-0.153590	0.103701	0.306961	0.063946	-0.239302	-0.075927	-0.072151	-0.093431	0.153260	-0.060922	0.075979	0.017703	0.288361	0.138893	-0.287790	0.167910	-0.031691	-0.108839	-0.250943	-0.065409	-0.096043	-0.064481	-0.042712	0.166225	-0.016586	-0.227116	-0.029845	0.113971	-0.148331	-0.076775	-0.110611	-0.307353	0.141078	0.164570	-0.042948	0.149755	-0.026468	-0.080388	0.094095	-0.050510	0.233830	-0.243320	0.013713	0.153845	0.177760	-0.193044	0.099512	0.295270	0.178406	-0.016132	-0.048447	-0.036025	0.062565	-0.124025	0.144135	0.103370	0.069637	0.028564	-0.068277	0.094631	-0.128097	-0.046765	-0.133295	0.044912	-0.313078	0.056937	-0.351534	-0.102745	-0.124040	-0.052609	-0.025023	0.099523	-0.109035	0.004360	-0.003042	0.210511	0.035319	0.185445	-0.257570	0.237091	-0.189239	0.043053	-0.064901	-0.067816	-0.060007	0.141156	0.161893	0.051960	0.036132	0.012997	-0.022627	-0.044118	-0.052668	0.049796	0.199860	-0.107704	0.103249	-0.022705	-0.153477	-0.030500	-0.054667	0.036003	-0.222783	0.023695	-0.116295
chr17:57231982-57233983	0.506551	0.190623	0.082763	-0.005434	0.003528	-0.024598	0.164541	-0.065814	-0.025505	-0.154903	0.202776	0.112166	0.142226	0.043503	-0.001459	0.005071	-0.084252	-0.039791	-0.026035	-0.204795	0.010243	0.115711	0.100303	-0.107933	-0.086982	-0.054251	-0.173524	-0.067130	-0.158441	0.199178	-0.106972	-0.013449	0.165506	0.032529	0.160437	0.031349	0.132755	0.173887	-0.054560	-0.057186	-0.050126	0.065657	-0.001346	0.127758	0.123427	0.063849	0.113290	0.044937	0.090172	0.009446	-0.108573	-0.038375	-0.071066	0.030790	0.199884	0.079068	0.017743	-0.030818	0.255113	-0.043170	-0.054026	-0.059123	0.014686	0.097991	0.164808	0.020227	0.068334	0.172033	0.019207	-0.056297	0.028444	0.022710	0.071245	-0.041197	0.096338	-0.125324	0.059184	0.146123	-0.039163	-0.078846	-0.099288	-0.084745	0.118208	-0.072301	-0.011531	0.013965	-0.155054	-0.180117	0.051441	0.219181	-0.007294	-0.139942	-0.038274	0.058699	0.225942	0.078583	0.000772	-0.036300	-0.079621	-0.127430	-0.025207	-0.116360	0.005028	-0.075220	-0.124913	0.157943	0.002445	0.037844	0.012424	0.014825	0.044109	0.020931	-0.143211	0.048111	0.013590	-0.067273	0.050233	-0.053578	0.245602	-0.049868	-0.028331	0.005587	-0.105809	0.123091	-0.024469	-0.313909	-0.073563	0.043855
chr17:57286802-57287400	-1.888033	-1.339160	-0.226213	-0.543139	0.135487	0.497623	-0.020672	-0.111278	0.119140	0.054366	0.034196	0.105119	0.094912	0.097491	-0.080464	-0.300248	0.046703	-0.021797	-0.091087	-0.183679	0.039965	0.221826	-0.002780	-0.090954	-0.123865	0.102346	0.019859	-0.036566	0.051986	0.173266	0.061109	-0.053496	-0.105249	0.118201	0.064226	0.009618	0.016742	-0.138393	-0.094411	0.150789	0.265529	-0.152504	-0.178465	0.016676	0.181493	0.100966	0.061139	0.177171	-0.249064	-0.024388	0.138518	-0.011640	-0.318839	0.019092	-0.171702	0.037044	-0.151526	0.128188	0.253790	-0.014581	-0.040058	-0.191023	-0.078257	-0.006354	-0.232886	-0.006559	-0.077648	-0.212429	0.094479	0.051807	-0.181278	-0.336737	0.132646	-0.098309	0.000536	0.118755	-0.167114	-0.085058	-0.038876	-0.096835	-0.062712	-0.156404	0.028612	-0.110105	0.081896	-0.157360	0.051418	-0.072588	-0.026265	-0.090010	-0.110807	-0.116735	0.010029	0.201735	0.007038	0.077179	-0.052475	0.107918	-0.055142	0.029351	-0.226934	-0.035386	-0.118436	0.103630	-0.094482	-0.026565	0.065180	-0.000316	-0.181630	-0.147606	-0.129372	-0.022788	-0.167858	-0.089547	0.005989	-0.202565	-0.015272	-0.016721	-0.078323	-0.114422	-0.061753	-0.043065	0.147427	0.011842	0.018476	0.050155	-0.020578	0.028287
chr17:57288002-57291600	0.751214	0.126643	-0.265848	0.089597	0.150587	-0.015692	-0.155020	-0.080059	0.015451	0.150740	0.036908	0.046116	-0.051077	0.061023	-0.068767	0.130152	-0.036798	-0.065569	-0.131632	0.003012	-0.091890	-0.077592	0.083336	-0.083858	-0.136198	-0.023970	0.160483	-0.205385	0.127726	0.032919	0.033441	0.100566	-0.122138	-0.149633	0.002024	0.035768	-0.030191	0.095639	0.066544	0.140012	0.232080	-0.074510	0.122194	0.093128	-0.046192	-0.166595	0.047482	0.014912	-0.035478	0.083248	0.043022	-0.275077	0.100194	-0.054475	-0.064573	-0.007567	0.087267	0.037840	0.018306	0.034124	-0.018528	-0.095372	0.079928	0.017098	0.152159	-0.119150	0.079578	-0.178653	-0.177250	-0.099792	0.046422	0.117640	-0.040197	0.029785	0.126809	-0.023743	0.087004	-0.071864	-0.011114	-0.009934	0.221234	-0.040399	0.029746	0.090529	-0.085808	0.141809	-0.052607	-0.055314	-0.070296	-0.045923	0.117543	0.204496	-0.136692	0.113042	0.014470	-0.083327	0.020996	-0.069630	-0.102641	0.007700	-0.012799	-0.103346	0.077234	-0.122170	0.091097	0.019729	-0.078012	-0.008005	0.089604	0.159332	-0.044690	-0.016176	-0.244587	-0.082943	0.043485	0.127460	-0.089295	-0.097495	-0.057560	0.105554	-0.060276	-0.065309	0.068661	-0.045915	-0.022101	-0.080621	0.042178	0.081090
chr17:57900602-57938400	0.658510	0.055920	-0.323933	-0.005801	0.007423	-0.031749	0.235217	0.216008	0.190401	0.018246	0.056954	0.013980	0.304921	0.142514	-0.068558	0.004363	-0.025547	0.188548	-0.128585	-0.090761	-0.107685	0.018106	-0.020069	0.033072	0.057007	0.081363	0.062756	-0.020092	0.071308	-0.020319	-0.112745	-0.001964	-0.024908	-0.052953	0.002209	0.048398	0.088020	0.011274	0.006381	0.085196	0.007244	0.087580	-0.087307	0.049985	-0.228620	0.084522	-0.015209	0.088873	0.181619	-0.159218	0.115359	0.184530	-0.066649	0.105346	0.029220	0.173610	0.208825	-0.204118	0.164505	-0.206568	-0.013541	0.169029	0.177089	0.131055	-0.051257	0.250717	0.071152	0.036517	-0.085789	0.089145	0.047646	0.024189	-0.038357	-0.103666	0.067390	-0.024977	-0.103156	-0.078688	0.000856	0.047098	0.098305	-0.208670	-0.045421	-0.220439	0.115135	0.076036	0.131792	0.031603	-0.107104	0.010916	-0.067621	0.056071	0.131804	0.190286	-0.179112	0.031639	0.006992	-0.038628	0.129647	-0.046107	0.068130	-0.084981	0.132779	0.141995	0.005869	-0.026141	0.079139	-0.094690	0.190286	-0.027683	0.135976	0.013828	-0.238673	0.116531	0.098945	0.002612	0.148893	-0.052377	-0.116349	-0.026492	0.068494	-0.006351	0.023848	0.120654	-0.021292	0.040507	-0.139197	-0.044502
chr17:59366002-59367600	-0.037058	-1.227681	-0.042237	-0.166151	-0.052047	0.257477	-0.028426	-0.285746	0.142300	0.078638	0.179252	-0.184106	0.027449	0.146942	0.093695	-0.065482	-0.001136	-0.102963	-0.081571	-0.217512	0.083550	-0.096705	0.067981	0.078308	0.142543	-0.006258	0.185556	-0.113957	0.235726	-0.089524	-0.221537	-0.244484	0.045899	-0.117332	0.259894	0.163951	0.078051	0.180689	-0.038286	-0.025690	-0.017504	0.111287	-0.087962	0.000147	-0.076169	0.293294	0.216452	0.106364	0.028243	0.052074	-0.174542	-0.138241	0.058521	0.014903	-0.020442	-0.124127	-0.190795	0.190837	-0.152565	0.135803	-0.110623	-0.022559	-0.015387	-0.212944	0.018971	0.059230	0.244518	0.109256	-0.152542	0.065796	-0.093364	0.181439	-0.200617	-0.060795	0.050697	0.064773	0.048010	-0.036023	-0.000565	-0.078089	-0.161466	0.085032	0.106502	0.002629	-0.045589	-0.132006	0.093867	-0.115287	-0.060066	-0.096837	0.058527	0.111156	0.062187	-0.058534	-0.043077	-0.020306	0.048425	0.100595	0.112378	-0.058836	-0.022419	-0.011432	-0.041214	-0.102247	-0.020219	0.228845	-0.095275	-0.229614	-0.106618	-0.203262	0.012146	0.104299	-0.185854	-0.084161	0.178465	0.122949	0.076859	-0.130636	0.246109	0.096755	-0.128561	0.082913	0.085503	-0.154706	0.029315	0.026652	-0.110794	-0.044074
chr17:59375306-59377307	0.524183	0.001043	0.210581	0.015273	0.073015	-0.107204	0.095889	-0.112067	0.115404	0.054778	-0.051916	-0.113010	0.054033	0.098680	0.215429	-0.012554	-0.082410	0.029816	-0.170720	-0.013842	-0.052163	0.047914	0.155420	-0.071109	0.058111	-0.007814	0.116987	-0.133432	-0.223108	-0.061949	0.121685	-0.006288	-0.002984	-0.004024	-0.130112	-0.101158	0.034732	0.215816	0.072867	0.037382	-0.039354	-0.049326	-0.160114	-0.077710	0.201238	0.206285	-0.080565	-0.075318	-0.045729	0.135177	0.077160	0.006347	0.209707	0.004913	-0.097714	-0.105501	-0.018720	-0.061727	0.260551	-0.048907	0.048850	0.141440	-0.157946	0.133074	0.008114	0.260867	0.050668	0.021563	0.043564	-0.053209	0.127566	-0.049062	0.119143	-0.000414	-0.103219	-0.303022	-0.187015	-0.029045	0.070786	-0.160886	0.064950	0.174234	-0.300844	-0.075715	0.192994	-0.009949	0.053018	-0.040498	-0.087658	0.118119	-0.026697	0.073262	-0.106720	0.026990	-0.000432	0.015480	0.093622	-0.194503	0.087321	-0.039159	0.020851	0.050398	0.169188	0.134794	-0.082423	-0.041264	0.122548	-0.014462	0.019261	0.008645	0.045772	-0.096171	0.236786	-0.044667	0.120878	-0.074940	-0.053461	0.066573	0.032504	0.073172	0.004721	0.042407	-0.032781	-0.164319	-0.143943	-0.051028	-0.159676	0.060807
chr17:59376191-59378192	0.642780	-0.216553	0.029918	-0.011281	0.001255	0.031404	-0.154146	-0.318629	0.211110	0.167731	-0.235906	-0.096596	0.089112	0.032788	0.167663	-0.032570	-0.069692	-0.085399	-0.174193	0.315311	-0.145475	0.041465	0.088171	-0.076189	0.033801	0.024570	0.105844	-0.017930	-0.141603	0.044969	0.131522	0.088158	0.088242	-0.159477	-0.098253	-0.166280	0.082238	0.194566	-0.044875	-0.055661	0.072982	-0.005572	-0.207044	-0.215203	0.377234	-0.037732	-0.019727	0.013590	0.010069	0.049243	0.075969	0.184541	0.282869	-0.083936	0.000059	-0.021152	0.112921	-0.063916	0.139418	0.144924	-0.163662	-0.012065	-0.203330	0.077460	0.011351	0.170622	-0.026648	0.017898	0.096842	0.064263	0.184500	0.009590	0.145261	-0.050207	-0.008169	-0.171602	-0.100419	-0.092709	-0.060962	-0.137867	0.215462	0.245289	-0.382081	-0.010942	0.218138	0.012912	-0.052277	-0.212285	-0.114315	0.042672	-0.015357	0.059959	-0.074255	0.174589	-0.027934	-0.059987	0.255899	-0.036231	0.121973	0.016205	0.072167	0.094174	0.126512	0.067276	-0.168205	0.058695	0.079108	-0.112174	-0.122458	0.045917	0.082196	-0.006237	0.176161	0.043074	-0.019373	-0.030369	-0.240026	0.025369	-0.028808	0.119246	-0.078096	0.199103	-0.030434	-0.126025	-0.061068	-0.032995	0.009889	0.289142
chr17:59524138-59526139	0.731494	0.749448	-0.010955	0.108269	-0.138576	-0.019118	0.404739	-0.077032	0.206265	-0.012134	0.021046	0.070393	0.129169	0.086926	0.111670	-0.008620	0.031414	-0.321413	-0.146428	-0.151594	0.040231	0.195587	-0.048822	0.055282	-0.115571	0.029263	-0.027114	-0.017014	-0.108014	0.068674	-0.114664	0.295403	0.043274	0.182382	0.346850	-0.136782	-0.064491	-0.068152	-0.037323	0.202748	0.075716	0.291720	0.157251	0.282751	-0.171168	0.122222	0.091995	-0.023295	-0.084089	-0.170370	-0.082336	-0.144045	0.065790	-0.072284	0.057047	0.295300	-0.135560	-0.113272	-0.074075	0.132266	0.111419	-0.043863	-0.085013	-0.087096	-0.148203	-0.039064	-0.137899	-0.010274	0.020263	-0.059337	-0.116812	0.104965	0.143694	-0.001449	-0.095732	0.002583	-0.105645	0.181826	0.005940	-0.002140	0.116653	0.046596	-0.029798	0.034074	0.135511	-0.084883	-0.078570	-0.017396	0.046858	-0.046836	-0.080358	0.223970	0.085936	0.153083	-0.018943	0.077775	-0.111242	-0.009131	-0.182454	-0.007700	-0.057992	-0.344090	0.283520	0.004155	0.155428	0.173955	-0.080845	-0.054453	-0.174708	-0.166445	-0.099841	0.049017	-0.126913	0.162460	-0.017638	0.175598	-0.222662	0.030644	0.088936	0.061501	0.033761	-0.009577	0.075194	-0.065174	-0.087790	0.052550	-0.063712	0.025668
chr17:59714852-59716853	0.545000	0.190033	0.268375	-0.096337	0.412180	-0.328748	-0.052394	0.002149	-0.086595	-0.117839	0.078393	0.098785	0.098676	-0.041492	-0.050452	0.057971	0.054445	-0.016249	-0.090303	-0.004607	-0.034202	0.013721	0.056854	0.094490	0.127444	0.149647	-0.041241	-0.030290	-0.127738	0.138887	0.156246	0.169472	0.008627	0.076801	0.041257	-0.068666	-0.033082	-0.005760	-0.246601	0.021880	-0.069623	0.068119	-0.141660	-0.074613	-0.102840	-0.032049	0.086331	-0.076595	-0.036825	-0.072998	-0.116850	-0.131069	-0.127217	-0.054281	0.011951	0.019489	0.080985	0.069534	-0.146981	0.078813	0.146454	0.125754	-0.026385	0.122535	0.137391	0.013568	0.062788	-0.002105	-0.179851	0.083733	0.065459	0.052798	-0.040743	0.001696	0.136424	-0.282396	-0.215003	-0.016847	0.047938	-0.203084	-0.059057	-0.079824	-0.065869	0.093354	-0.154339	-0.131059	0.078585	-0.148982	-0.211061	-0.038662	-0.077349	-0.108695	0.006586	0.042347	0.075706	0.008303	0.136581	-0.003952	0.114015	-0.081208	-0.049334	-0.026317	0.144043	-0.044784	0.028756	0.172870	-0.138375	-0.111823	-0.075728	-0.080474	-0.006700	-0.041294	-0.026660	-0.134548	-0.135821	-0.045556	-0.013886	-0.091384	-0.063680	-0.003519	-0.091408	0.118299	0.083512	0.137379	0.074171	0.035809	-0.075595	0.022470
chr17:59721479-59723480	0.326367	-0.284045	0.243555	-0.011910	-0.059608	-0.134321	0.013781	0.127683	-0.024095	-0.160193	0.032084	0.002338	-0.029762	0.185269	0.242389	0.088433	-0.121616	-0.184190	-0.143689	0.167665	-0.006135	0.052709	0.010735	0.012436	0.099393	-0.183195	-0.061558	0.105579	0.072242	-0.168845	0.081087	-0.034627	0.141407	-0.103785	0.123872	0.342187	0.128675	0.274840	-0.119543	-0.143737	-0.041469	-0.231166	-0.007881	0.132562	0.205540	-0.082312	-0.202100	0.225486	0.247768	-0.357867	0.359437	0.052156	0.021337	0.164401	-0.120400	-0.026787	-0.110544	0.204040	0.049743	-0.036451	-0.111814	0.043106	0.026814	-0.010156	0.196055	0.073522	0.008257	-0.055957	-0.198346	0.110091	0.237210	-0.038851	-0.229702	-0.186262	-0.062945	-0.178331	-0.079522	-0.090029	-0.006979	-0.045451	0.066287	0.118027	0.085862	-0.032697	-0.130463	0.143169	0.041763	-0.090006	0.113703	0.083292	0.050650	-0.051280	0.090036	-0.057833	0.047908	-0.097658	-0.138285	-0.035021	0.123973	-0.154302	-0.031513	0.059876	-0.017957	-0.183281	-0.140507	0.120893	0.104920	-0.066074	0.093556	-0.071984	-0.192463	-0.028620	0.096717	-0.004114	0.082255	-0.145787	0.021022	0.101658	0.014024	0.068425	0.104926	0.003883	0.158872	0.035320	-0.012658	-0.060295	-0.152239	-0.029784
chr17:59721480-59723481	0.309556	-0.349674	0.251417	-0.016779	-0.087710	-0.106926	0.027705	0.146420	-0.016385	-0.166003	0.034698	-0.006600	-0.033812	0.172308	0.258243	0.103805	-0.118744	-0.185485	-0.136739	0.168381	0.005553	0.043487	0.003034	0.003699	0.102110	-0.162512	-0.065567	0.117928	0.071860	-0.184027	0.082928	-0.035536	0.147563	-0.103584	0.117356	0.346912	0.118844	0.290257	-0.132844	-0.142289	-0.036225	-0.228600	-0.015807	0.135290	0.201335	-0.065227	-0.194865	0.218103	0.260002	-0.357937	0.359731	0.055673	0.014037	0.155850	-0.134816	-0.034486	-0.104852	0.192903	0.053477	-0.025443	-0.093530	0.050494	0.029711	-0.011614	0.203382	0.056674	0.010934	-0.058351	-0.203416	0.122773	0.245418	-0.033265	-0.222801	-0.175658	-0.071234	-0.155535	-0.079245	-0.095936	-0.020537	-0.048714	0.064345	0.102677	0.096596	-0.010618	-0.136878	0.138585	0.037576	-0.096406	0.114596	0.089245	0.047781	-0.055472	0.110428	-0.061154	0.031745	-0.098479	-0.143854	-0.043132	0.124601	-0.160368	-0.026920	0.064760	-0.014908	-0.188486	-0.136876	0.104213	0.099333	-0.065375	0.090403	-0.054245	-0.192091	-0.025699	0.110997	-0.020247	0.063191	-0.140635	0.035937	0.087243	0.017628	0.056765	0.098779	0.006503	0.160785	0.027163	-0.009604	-0.057081	-0.134958	-0.025496
chr17:59788086-59790087	0.313879	0.220079	-0.254292	0.021326	-0.549845	-0.187713	0.290967	-0.195017	0.110221	0.100582	0.297897	0.063785	-0.145822	-0.058144	0.273597	-0.188401	-0.302549	0.074949	0.015361	-0.108510	-0.078337	0.107880	-0.063756	-0.001459	0.125791	-0.068705	-0.050088	-0.171295	-0.079556	-0.147241	-0.247760	0.132885	0.106079	0.064585	0.095918	0.044174	0.083032	-0.117821	-0.172273	-0.055465	0.321377	0.062871	0.003155	-0.138996	-0.005539	-0.227306	0.004098	0.028279	-0.060440	0.007818	-0.122327	0.060702	-0.023222	-0.045322	-0.018054	-0.081783	0.039277	0.029592	-0.006140	0.013694	0.053887	0.039659	0.085444	0.183433	-0.019690	-0.272180	-0.079983	0.014233	-0.047896	-0.063673	0.143727	-0.107299	-0.150156	-0.024386	-0.064750	0.225531	-0.063232	-0.175797	0.106727	0.047106	0.114103	0.072353	0.111499	0.155261	-0.036033	0.038668	0.000301	0.087959	0.095858	0.065780	-0.120790	-0.074536	-0.131204	0.151200	0.058475	0.182663	0.041637	0.022431	0.118445	0.020270	-0.104955	-0.011664	0.016395	0.091079	-0.116368	-0.024792	0.027384	0.113964	0.021329	-0.080630	-0.119808	0.085245	0.049860	0.144016	-0.048938	0.077712	-0.050110	0.043114	-0.167271	0.126803	0.037738	-0.107173	0.156909	-0.021426	-0.045048	0.029787	-0.024978	0.120897
chr17:7464409-7466410	0.333092	0.605471	-0.174600	0.187743	-0.433419	0.248478	0.396926	0.154563	0.286195	-0.016357	0.167839	-0.013770	-0.051892	0.218817	0.219834	-0.276924	-0.138974	0.019315	-0.196507	-0.032936	-0.174971	0.075054	0.053477	-0.024577	-0.112197	-0.031702	0.027487	-0.058008	-0.059326	-0.063743	0.002469	0.040234	0.063898	0.006113	-0.012725	-0.147457	0.133963	-0.221106	0.092434	0.152758	0.004460	0.228045	-0.053699	0.150742	-0.006089	-0.142769	-0.040606	-0.232818	0.086592	0.107610	-0.196443	0.215831	0.049463	0.050548	-0.035563	-0.009287	0.057583	0.142960	0.081722	0.072369	-0.055040	0.175344	0.051658	0.068506	-0.026677	0.001011	0.191975	-0.087649	-0.116392	0.010939	0.082891	-0.004857	-0.009742	-0.025035	0.086968	0.322095	-0.093945	0.004666	0.223812	0.118179	0.011264	-0.010486	0.016177	-0.111770	0.011083	-0.011223	-0.178344	-0.141345	-0.138674	0.047609	-0.008125	0.025299	0.020085	-0.120909	-0.149088	-0.072759	-0.048350	0.022460	-0.045284	-0.002016	-0.069036	0.029426	-0.058558	0.084510	0.010252	0.015417	0.142773	0.103913	0.023867	0.113419	-0.005762	0.175267	0.063476	-0.100736	-0.042988	0.104734	0.163177	0.094733	0.121985	-0.014742	0.031890	0.026173	-0.081200	0.212371	-0.069609	0.102495	-0.088511	0.029233
chr17:7531602-7539800	0.905984	0.735129	0.010420	0.218080	-0.378267	-0.080499	0.202672	-0.188567	-0.055070	-0.027288	0.036007	0.103569	0.063113	0.075173	0.099868	-0.150917	-0.051202	-0.035674	-0.153025	-0.106023	-0.088876	-0.092653	-0.009687	-0.044908	0.073899	-0.037449	0.016368	0.125573	-0.037669	-0.083978	0.118071	0.078209	0.121295	-0.223313	0.150216	-0.011933	0.049064	-0.118395	-0.315517	-0.058888	-0.164879	0.089739	-0.084960	0.062777	-0.029051	-0.126832	-0.099310	0.064346	0.093419	-0.068893	-0.039804	-0.109726	-0.014089	-0.080990	-0.082543	-0.122988	-0.072484	-0.110537	0.119061	-0.073604	-0.042312	0.029280	-0.034935	-0.084180	0.155152	0.075914	-0.206637	0.058951	0.156470	-0.100228	-0.060731	0.013520	-0.067590	0.059963	-0.176431	0.041074	-0.048764	-0.063880	0.015787	-0.108070	-0.133851	-0.294389	0.136194	-0.060678	0.183667	-0.005426	0.020287	0.052750	-0.187761	-0.152460	-0.102353	-0.201479	-0.159357	-0.068507	-0.062012	0.047763	-0.157176	-0.036689	0.136446	-0.093468	0.153094	0.038512	-0.017027	-0.134075	0.043471	-0.039253	0.021964	-0.103466	-0.038816	0.020332	-0.002316	-0.131647	-0.044289	-0.071043	-0.033478	0.035013	0.008245	-0.047609	-0.176895	-0.032306	0.017123	-0.014696	0.017767	-0.128626	0.121933	-0.013496	0.073765	-0.129343
chr17:7576002-7581800	0.739026	0.014644	-0.242148	0.045788	0.168212	-0.013811	0.044765	0.006689	0.114743	0.044405	-0.017018	-0.074130	0.120470	0.144736	0.096060	-0.037418	0.130282	-0.074986	0.047627	-0.129609	0.149943	0.021525	-0.035575	0.068046	0.015500	-0.237878	0.110474	0.066345	0.043634	-0.012744	0.103035	-0.058197	0.047829	0.025391	0.029127	0.002769	0.065905	0.172507	0.053770	-0.233342	-0.050468	0.023160	0.132112	-0.213867	0.089212	-0.060102	0.071053	0.059564	0.049566	0.102771	-0.035081	0.046952	0.047419	0.125908	0.120829	-0.180706	-0.164468	0.063912	0.005456	-0.007465	-0.145202	0.118747	0.068316	-0.048790	0.062704	-0.084578	0.107709	0.068683	0.003421	-0.240665	-0.073591	0.114530	0.080044	0.013626	-0.036127	0.105734	-0.257203	-0.092273	0.039930	-0.056523	0.102319	-0.057020	0.141086	0.111516	0.125344	-0.064534	0.046375	-0.066352	-0.135815	-0.162541	0.074987	-0.123171	-0.077585	-0.111260	0.123670	-0.168300	0.001037	0.028872	-0.200760	-0.049244	-0.007210	-0.099782	-0.088392	0.069045	0.173188	-0.003776	0.028414	0.155731	0.163872	0.037203	0.005033	0.092713	0.075560	-0.013371	-0.111356	0.209622	0.106758	0.024991	0.088452	0.103116	0.012839	-0.024499	0.001006	-0.019403	0.066578	-0.107680	-0.054436	0.189269
chr17:7620215-7622216	0.477588	0.383187	0.005705	0.245894	-0.705271	-0.008097	0.102024	0.002821	0.435214	0.300632	0.145460	-0.009050	0.203495	-0.058930	0.018191	0.043453	0.197593	0.137224	-0.025715	-0.175854	-0.084811	-0.074866	-0.087907	-0.067129	-0.001207	-0.050653	-0.124074	-0.038906	-0.092264	-0.019129	-0.099415	0.055645	0.080071	-0.105537	0.027034	-0.141158	0.004548	-0.087468	-0.135087	-0.089810	-0.114308	-0.052917	0.050073	0.102867	0.184001	0.189318	0.109444	0.003245	0.041739	0.125588	-0.143125	-0.063728	-0.113546	0.169002	-0.108119	-0.050669	0.015564	0.105555	-0.177674	0.134085	0.061138	-0.100115	0.051080	-0.018568	0.027690	-0.006366	0.036352	0.036784	0.079009	-0.141729	-0.127416	-0.170719	-0.015557	-0.076705	-0.099007	-0.101481	-0.083714	0.118290	-0.045409	-0.159203	0.055685	-0.090394	-0.116307	-0.009998	-0.100981	-0.026877	-0.135279	-0.065314	0.086002	0.006336	0.046579	0.097535	0.036613	-0.032966	-0.063266	-0.029917	-0.118682	0.094414	-0.009682	-0.068808	-0.024024	0.037912	0.038741	-0.105566	-0.002853	-0.126705	-0.028657	0.041606	0.162329	0.127523	-0.036530	0.203460	-0.067698	0.068774	-0.006027	-0.032360	0.011149	0.006032	-0.003618	0.039337	-0.095654	0.105081	-0.006041	-0.031087	0.005267	0.029746	0.004363	-0.094633
chr20:55683202-55685000	0.264063	-0.448855	0.161708	-0.106740	-0.097987	0.211679	-0.016317	0.054565	0.107075	-0.008171	-0.200957	-0.175490	-0.178087	-0.086723	-0.049687	0.095515	0.011009	-0.116094	0.153376	-0.079063	-0.018655	-0.186437	0.172804	-0.258395	-0.038705	0.011795	0.172895	0.168114	-0.086877	-0.133368	0.037257	0.069088	0.085287	-0.132833	-0.030127	0.026508	-0.154662	-0.024435	0.132576	0.122041	-0.043120	-0.028747	0.139582	0.062963	-0.146401	0.172401	0.216240	-0.192382	0.115494	0.038323	0.125798	-0.065961	-0.098769	-0.043689	0.087894	-0.003248	-0.080617	0.070836	-0.060684	0.188707	0.065778	0.142258	-0.141821	0.043412	0.156818	-0.019236	0.117626	-0.140526	0.063366	-0.024719	0.004045	0.111309	0.089610	0.110616	-0.074962	-0.024003	-0.092430	0.045884	-0.080407	0.021571	0.009030	0.020086	0.004937	-0.114693	0.216240	-0.037767	0.049770	0.032219	-0.063635	0.039345	0.017609	0.126582	-0.078425	0.022107	0.174891	0.118969	-0.053790	0.155598	-0.019445	0.048530	-0.071389	0.184681	0.050759	-0.161514	-0.015532	0.132762	-0.064705	-0.056456	-0.000103	0.150462	-0.084234	-0.040328	-0.115414	0.076384	-0.065202	0.131498	-0.131707	-0.200917	0.044138	0.033313	0.065599	-0.014667	-0.103194	0.114556	-0.073179	0.133614	0.064342	-0.002316
chr20:55700207-55702208	0.473768	-0.009320	0.262325	-0.055817	0.070056	-0.021206	-0.060151	0.078861	0.031518	-0.138233	-0.000290	0.032127	0.196585	0.043312	-0.136981	0.149956	-0.003066	-0.056427	0.247494	0.009649	0.084359	0.019251	0.074153	-0.001406	0.000369	0.138014	-0.109986	0.045485	-0.094651	-0.049060	-0.040114	-0.060706	0.053318	-0.095556	-0.085877	-0.095320	-0.007012	-0.214786	-0.026638	0.185376	-0.032508	-0.038627	-0.188847	0.048110	-0.093783	0.052361	-0.130104	-0.023613	-0.084870	-0.036029	0.183130	-0.167439	-0.033796	-0.113312	-0.059707	0.024291	0.053227	0.009481	0.113787	0.124634	0.044484	0.064509	0.082064	0.080034	0.048223	-0.181313	0.073206	-0.019551	-0.077939	-0.027509	-0.080406	0.139443	0.028726	-0.024350	-0.112843	0.144580	-0.004266	-0.052543	0.053090	0.190369	0.040972	0.139042	-0.178587	-0.023503	-0.120805	0.050392	0.069404	0.050506	0.134548	-0.040065	-0.066130	0.074420	-0.009033	-0.133132	0.014529	-0.044834	0.143116	0.035049	0.048740	0.039624	0.095582	0.127006	-0.102824	0.049023	0.033003	0.216203	-0.099001	-0.018134	0.119547	-0.064038	-0.028107	0.073665	0.107910	0.009200	0.236572	-0.178901	-0.100298	-0.181177	-0.017908	-0.267476	0.100670	0.090580	0.002468	-0.127115	-0.010222	0.096718	0.128355	-0.061171
chr20:55701731-55703732	0.577884	0.089642	0.191978	0.103805	0.090155	-0.242141	-0.084035	-0.014116	0.129663	0.095488	-0.115206	0.035263	0.140093	0.182002	-0.095153	0.127376	-0.161512	0.102337	0.102964	0.128971	-0.002056	-0.051476	0.208804	0.175179	-0.339041	-0.113234	-0.124251	-0.087315	-0.176041	-0.167664	0.057211	-0.124334	0.001322	-0.086974	-0.134402	-0.036393	0.098508	-0.133245	-0.000105	0.035056	0.029280	-0.092321	-0.051710	0.209808	-0.089456	0.198612	-0.096161	-0.025590	-0.093210	-0.040076	0.020958	-0.152705	-0.025497	-0.070357	-0.066122	0.118068	0.009919	0.065712	-0.148764	0.014180	0.057625	0.134345	0.097104	0.033681	0.121663	0.082729	-0.037085	-0.004489	-0.058438	0.014659	0.076910	0.084141	-0.014504	-0.055957	-0.128933	0.131480	0.028967	0.028817	0.248454	-0.098886	-0.017888	0.125613	-0.097157	0.006532	-0.046278	0.100295	0.115116	-0.090777	0.112330	-0.082862	-0.123557	0.137392	0.130215	-0.120837	-0.048006	0.037063	-0.070948	-0.068606	-0.037056	0.165046	0.115306	0.009007	-0.057744	0.060832	-0.103696	0.127480	0.046928	0.071574	-0.112324	-0.038561	0.076561	-0.148212	0.085247	0.108885	0.110705	-0.035645	0.015577	-0.021349	0.116272	-0.130004	-0.030104	-0.025198	0.127033	0.004027	-0.162907	-0.009205	0.007106	0.065585
chr20:55773202-55775000	0.243116	0.364691	0.119912	-0.048728	0.623123	-0.179209	0.083071	0.114890	0.001096	0.110166	-0.029048	0.093566	0.035578	0.308380	0.302607	0.139553	-0.295240	-0.052885	-0.095411	-0.177451	-0.028652	0.023094	0.251590	-0.012160	-0.143437	-0.024501	-0.156978	-0.048256	0.069233	0.110703	0.037754	0.098031	0.104719	-0.028543	-0.103794	-0.216576	0.170811	-0.161532	0.218465	0.053071	0.080250	-0.131533	-0.302842	0.039875	0.185500	-0.046407	0.107319	0.109495	-0.020566	-0.105527	0.233620	0.113081	0.057059	0.113643	-0.074664	0.023515	-0.125802	0.006593	-0.040831	0.202645	-0.066819	-0.040732	-0.045675	0.092900	0.096462	0.170237	-0.103411	0.149289	0.150766	-0.013013	-0.004084	0.139172	-0.120182	0.141490	0.117760	-0.059517	-0.014769	0.121045	0.050869	0.036922	0.141713	0.170840	0.007825	0.107720	0.034288	-0.192651	0.211136	0.130198	-0.075672	-0.164152	-0.119850	-0.199429	-0.125530	-0.087341	0.084357	0.043262	-0.084710	-0.073172	-0.081870	-0.055155	0.292061	-0.057733	-0.026378	-0.023594	-0.046547	-0.058949	-0.071267	-0.097789	0.033837	0.068524	0.022428	-0.246463	-0.199598	0.058048	0.081614	0.103358	0.078495	0.037138	-0.003520	0.030151	0.120348	-0.063937	0.119929	0.049679	-0.099823	-0.187204	-0.296284	-0.025733
chr20:55794802-55796000	-0.106978	0.827233	0.087557	0.043525	0.329220	0.256587	0.187908	-0.142492	-0.071109	0.129161	-0.208917	-0.331676	-0.037267	-0.080923	0.106552	0.096885	0.045745	-0.151612	0.041898	-0.085157	0.056220	-0.095479	-0.081786	-0.007243	-0.134095	0.019728	0.039467	-0.052936	0.188558	0.069858	0.069469	0.147999	0.064668	0.048703	-0.029596	0.050828	-0.123813	-0.005853	-0.175608	0.166269	0.059407	-0.202250	0.009763	-0.065511	0.000455	-0.032259	-0.097603	-0.016540	0.178444	0.010396	-0.052524	0.050633	-0.002571	0.086651	0.164795	-0.160281	0.037621	0.016532	0.216363	0.122052	0.082819	0.039826	-0.197967	0.157196	-0.146329	-0.113185	0.034720	-0.088835	0.150578	-0.182045	0.057990	-0.019708	0.111631	-0.107730	-0.053330	-0.057439	-0.198408	0.017767	-0.041592	-0.221924	-0.075214	-0.005319	-0.189591	0.034398	0.017174	-0.196860	0.039244	-0.204322	0.063901	0.006284	0.059983	0.043798	-0.092520	-0.082185	-0.120001	0.146896	0.090364	-0.122767	-0.106801	-0.160998	-0.070654	-0.156054	0.017022	0.002277	0.182836	0.097437	0.121232	0.023639	-0.053392	-0.079836	0.075117	-0.210857	0.051684	-0.002666	0.030776	-0.194752	-0.022300	-0.019869	0.121210	-0.001632	0.059615	-0.021888	0.211831	0.160496	0.130926	0.234665	0.031321	0.129971
chr20:55828393-55830394	0.631486	0.369868	0.123580	0.055103	0.157649	-0.328932	0.149587	-0.066038	-0.036187	0.053645	0.002229	-0.171620	0.039227	0.081271	-0.038123	0.003633	0.139163	-0.077137	-0.272133	0.175494	0.116712	0.074304	0.155867	0.206957	0.015506	0.111684	-0.023906	0.121493	0.191226	-0.226233	-0.115527	-0.113727	-0.102666	0.043894	0.002515	-0.181389	-0.002991	0.007987	0.066735	-0.080197	-0.075544	-0.107568	0.033848	0.031659	0.027637	0.149992	-0.097120	-0.216321	-0.027876	-0.074593	0.104941	0.093415	0.060239	-0.044219	-0.032533	-0.043466	-0.101066	-0.171778	0.022197	0.150345	-0.306232	-0.026159	0.167887	0.070188	-0.009302	-0.096854	-0.060453	-0.021028	0.013644	0.090899	0.008828	-0.074026	0.233774	0.005020	-0.035265	-0.044038	-0.186056	-0.013432	0.006296	0.014890	-0.061552	0.092147	0.078789	0.100476	0.108799	-0.112379	0.108735	0.112844	0.157113	0.135601	0.020729	-0.035295	0.096506	-0.057207	-0.055946	0.011886	0.028329	-0.014032	0.039790	0.018369	0.013077	-0.005378	0.099135	-0.137726	-0.033850	-0.113192	0.241348	0.030840	0.159373	0.038235	-0.050453	0.210554	-0.104228	0.050142	0.049367	-0.044469	-0.110543	0.013648	-0.080495	-0.147574	-0.087608	0.148903	-0.117176	-0.083332	0.142290	-0.127962	0.073068	0.054398
chr2:202310602-202315600	0.789404	0.031975	-0.063434	0.152493	-0.318966	-0.423437	0.117999	0.139188	0.046873	-0.118856	-0.075401	-0.384492	-0.029989	-0.157074	0.114607	0.098555	0.018639	0.076253	-0.046797	-0.035687	0.065933	0.160126	0.014792	-0.046900	0.149287	-0.098162	-0.000245	0.114943	-0.072974	0.068730	0.092958	0.023481	0.136328	-0.041196	-0.052331	0.024759	0.084912	-0.136033	-0.130612	0.046831	0.065969	-0.008737	0.012380	-0.011799	-0.013155	-0.096774	0.149470	-0.028922	0.053689	-0.082554	-0.062540	-0.137533	0.071072	-0.052052	0.073427	0.196897	-0.104016	0.137381	-0.173306	-0.100985	0.008534	-0.063491	0.041705	0.006949	-0.031074	-0.074898	-0.052431	0.229872	-0.057415	0.055990	-0.001755	0.062752	0.037636	-0.069502	0.002358	0.172724	-0.059755	-0.035726	0.035371	0.036895	-0.158157	-0.105192	-0.096776	-0.029858	-0.062286	0.072730	-0.051577	0.068137	-0.010779	-0.036562	-0.234612	-0.076462	0.093576	0.133097	0.014976	-0.131230	-0.195549	-0.040438	-0.223072	0.057870	-0.091673	-0.046601	-0.054374	-0.060419	-0.052086	0.134095	-0.102987	-0.103687	-0.075027	0.029845	0.293016	-0.078670	-0.001689	0.009009	-0.040335	-0.098275	0.059162	0.044727	-0.139453	-0.029052	0.025227	-0.059987	-0.081760	-0.194099	-0.149642	0.006323	-0.116105	0.070284
chr2:202899002-202907600	1.002145	-0.015559	0.280542	0.233188	-0.089026	0.004595	-0.084904	-0.261449	0.248411	0.082930	-0.142590	0.012678	0.035517	-0.085365	-0.136127	-0.126126	-0.030103	0.077439	-0.033474	-0.139275	-0.013870	0.185882	-0.082763	-0.034587	0.091019	0.080819	-0.009087	0.168416	0.164579	0.250668	-0.068354	0.005019	0.059175	0.051827	-0.080988	-0.113166	0.047973	0.004578	-0.038927	-0.065768	-0.094393	-0.084048	0.165118	-0.143957	-0.048116	0.188253	0.185266	0.201557	-0.025292	0.201942	-0.049336	0.247856	-0.050023	0.095623	-0.007738	0.165824	-0.089320	-0.024461	-0.256695	-0.027010	-0.185813	-0.055146	0.087396	0.190449	0.033408	-0.038264	0.064714	0.074574	-0.007680	0.048932	-0.055628	0.079338	-0.040274	-0.040248	0.020460	0.018939	0.003134	-0.038682	-0.105832	-0.077671	0.041047	-0.144910	-0.019047	0.083137	0.076532	-0.064479	-0.039834	-0.017883	0.151149	0.104861	0.058074	-0.055941	-0.067317	-0.021874	0.101272	0.081076	-0.047332	-0.105930	-0.072407	-0.101645	-0.067148	0.102835	0.040617	0.019372	-0.185729	-0.062943	0.034207	-0.122946	0.103212	-0.199457	-0.049200	0.036272	0.031141	0.115152	0.087698	-0.033695	0.002557	0.128765	0.088701	0.056903	0.096142	0.071499	-0.054490	-0.087757	0.052721	-0.080312	0.093376	0.017219
chr22:29195386-29197387	0.303648	-0.213070	-0.176456	0.088420	-0.255387	0.164354	0.014050	0.027977	-0.047730	0.310366	-0.103166	0.322686	-0.094170	-0.324341	0.249485	-0.417016	-0.297731	0.055185	0.006658	0.247338	-0.240643	-0.149190	0.234759	0.247345	-0.335521	0.100769	0.117583	-0.060694	-0.234231	0.290176	-0.105817	0.154407	-0.213454	0.221211	-0.203922	-0.031670	-0.000496	0.087546	-0.032045	0.437104	-0.294250	-0.002272	0.108055	-0.011842	-0.029829	-0.192283	-0.124890	-0.045297	0.145506	0.061307	-0.094019	0.054560	0.155134	0.014756	0.006452	-0.011748	-0.258360	0.003645	0.041326	-0.090946	0.087532	-0.156960	-0.159984	-0.058927	-0.035461	-0.057818	0.131094	-0.068420	0.061727	-0.043796	-0.014887	-0.064965	0.018073	0.035891	0.049822	-0.064984	0.040434	0.229172	0.100304	0.021554	-0.235355	-0.051217	-0.044557	0.063723	0.126102	0.142369	0.022108	0.009830	-0.057297	-0.063976	-0.018367	-0.038014	0.019489	-0.150427	0.041593	-0.165996	-0.054825	-0.003487	-0.007536	0.032909	0.030052	-0.039596	0.041602	0.028820	-0.207788	-0.039773	0.069071	0.043405	0.053866	0.044789	-0.017105	-0.052447	-0.100648	-0.035576	0.090915	-0.145959	-0.011324	0.029861	0.080534	-0.047514	-0.053662	0.042462	0.119378	-0.000322	-0.104630	-0.025212	0.054470	0.001652
chr22:29195404-29197405	0.387532	0.216478	-0.217423	0.134627	-0.196861	0.055499	-0.022616	-0.031376	-0.076386	0.300985	-0.147335	0.327645	-0.089917	-0.325016	0.246958	-0.387042	-0.266552	0.047850	-0.039144	0.255707	-0.211280	-0.138086	0.262634	0.267503	-0.303271	0.122779	0.123462	-0.032409	-0.248394	0.264671	-0.113005	0.173677	-0.227813	0.196968	-0.171181	-0.064908	0.003724	0.086704	-0.041082	0.486728	-0.261204	-0.003057	0.139748	-0.039678	-0.048959	-0.237330	-0.138175	-0.059545	0.145388	0.062004	-0.107239	0.053703	0.142496	0.018428	0.029004	-0.006779	-0.251641	-0.007780	0.041314	-0.090615	0.084404	-0.147675	-0.140759	-0.099230	-0.026410	-0.089245	0.140015	-0.090405	0.056305	-0.073837	0.007294	-0.062872	0.028535	0.020001	0.078774	-0.074252	0.040816	0.235835	0.123360	0.018673	-0.263533	-0.047837	-0.023277	0.055072	0.122788	0.148428	0.018414	0.018790	-0.022881	-0.077821	-0.015398	-0.026654	0.016324	-0.138528	0.035202	-0.189401	-0.060603	-0.013907	-0.000435	0.010998	0.023819	-0.025273	0.035802	-0.009166	-0.234563	-0.019850	0.038557	0.033302	0.085582	0.043560	0.019030	-0.054382	-0.103666	-0.015178	0.050820	-0.117473	0.010257	-0.000113	0.070723	-0.036681	-0.037128	0.053651	0.108133	-0.025765	-0.121462	-0.037488	0.064881	-0.047961
chr22:29203202-29221400	0.530933	-0.408411	-0.274789	0.001600	-0.017960	-0.041385	0.263199	0.273556	-0.100834	0.055681	0.135021	0.115929	0.114369	0.000662	-0.275685	-0.081503	0.073300	-0.114261	0.061717	0.005840	-0.134491	0.069017	0.130207	0.012519	-0.031394	-0.139102	0.015227	0.228947	0.088845	-0.028999	-0.093824	-0.162823	-0.081532	-0.078146	0.093174	-0.021815	0.122622	-0.153796	-0.031149	-0.037815	-0.038396	-0.097503	-0.005920	0.167236	-0.178126	0.176293	0.086576	0.026648	-0.025837	0.074944	-0.050780	-0.123889	-0.056714	0.204668	0.132507	0.015060	-0.107106	0.011010	-0.013720	-0.109799	-0.262263	-0.117769	-0.033751	-0.026866	0.054663	0.030070	0.067255	-0.026988	0.025235	-0.077492	0.088446	0.101100	-0.165790	-0.045970	0.057312	-0.037487	-0.013987	-0.080724	-0.077044	0.269949	-0.080766	-0.054842	-0.236183	-0.024876	-0.090375	-0.142512	-0.094619	0.029680	-0.157392	-0.057023	-0.008291	-0.009129	0.114778	0.009141	-0.029250	0.024697	-0.010702	-0.041011	0.161158	-0.046358	0.080736	-0.029278	-0.116226	0.030586	0.174508	0.087444	0.235051	-0.085768	-0.087229	-0.023754	-0.088300	-0.003843	0.099682	0.098751	-0.039896	0.000502	0.044894	-0.081272	-0.083347	0.051044	-0.109751	0.092392	-0.036634	-0.074281	0.078071	0.018745	-0.063660	0.175092
chr3:184918694-184920695	0.630514	0.976207	0.295343	0.068622	0.669853	-0.063369	0.065731	0.025911	-0.007506	-0.167566	0.006522	-0.008431	-0.015202	0.028143	0.046394	0.022850	0.059660	0.123609	-0.038586	-0.136163	0.071955	0.062631	-0.059173	-0.009465	-0.062557	-0.192889	-0.052946	0.147096	0.009911	0.144885	-0.084187	0.211255	-0.007533	-0.116202	-0.030796	-0.096960	-0.083968	0.143293	0.121645	-0.117940	0.065168	-0.010101	-0.000315	-0.176929	0.008297	-0.019129	-0.121252	-0.115985	0.112925	0.124345	0.083725	0.025479	-0.256223	-0.148719	0.003480	-0.154525	-0.015641	0.082686	0.033067	-0.121663	0.004702	0.021705	-0.007953	-0.109824	0.019707	-0.159525	-0.090051	0.007018	0.028545	-0.201752	0.119594	-0.072261	-0.044292	-0.005616	0.053701	0.013611	0.155898	0.053150	-0.040232	0.221595	-0.000979	-0.095757	0.058235	-0.106793	0.031707	-0.056822	-0.098322	-0.054773	0.047103	0.014029	-0.046062	0.126945	-0.076756	0.048155	0.001130	-0.055646	-0.123532	-0.029971	0.018452	0.121270	-0.223549	0.000353	-0.016564	0.086971	-0.031750	0.229844	-0.036531	0.104049	0.055571	0.017066	0.098255	-0.008898	0.188511	0.003280	0.036018	-0.032288	0.071508	-0.056430	0.087510	0.037475	0.045533	-0.096360	-0.118315	0.003522	-0.094159	0.093146	0.013633	-0.034037
chr3:185215716-185217717	0.460601	0.046188	0.145036	0.015512	-0.145977	0.055402	0.260139	0.172784	0.182558	-0.080952	0.224610	-0.097402	0.045024	-0.242200	0.146986	-0.192281	-0.068923	-0.113399	-0.089383	-0.072396	-0.000139	-0.025427	0.094269	0.274479	-0.125713	-0.111307	0.026387	0.149970	0.023809	0.144904	-0.190395	-0.059591	-0.109645	-0.118128	0.186537	0.133263	-0.013951	-0.047748	-0.077802	0.008341	0.027991	-0.047581	0.197642	0.033908	-0.100216	-0.237377	0.012551	0.055804	0.026628	-0.257164	-0.153423	0.179298	0.057580	0.042751	0.046602	0.046842	-0.127947	0.096645	-0.032472	0.010708	0.026365	0.014071	-0.008071	-0.070387	-0.098448	0.050825	-0.027242	0.065481	0.053881	-0.012677	-0.141786	-0.018987	-0.072822	-0.045074	0.003322	0.093501	0.015524	-0.015644	-0.011243	0.011689	0.088325	-0.044082	0.033372	-0.174931	0.058234	0.013025	-0.077263	-0.073131	-0.023132	-0.078096	-0.003966	0.174059	0.110926	0.143798	-0.068079	-0.068205	-0.034603	-0.015771	0.002900	0.010458	0.133856	0.071051	0.074666	-0.074902	0.048528	-0.096564	0.127922	-0.008558	0.052505	-0.068055	-0.117593	-0.085221	-0.030614	-0.188992	0.042771	0.053387	-0.124361	-0.065624	0.087174	0.104505	0.067457	-0.206999	0.019018	0.001487	0.105462	0.036532	-0.150708	-0.084585
chr3:52208402-52213400	0.887494	-0.000780	0.046125	0.171537	-0.252793	-0.110616	0.117737	-0.006997	0.078597	-0.043231	-0.037461	0.040942	0.008491	-0.003123	-0.068088	0.097141	0.029182	0.146822	0.021891	0.045717	0.268362	0.058723	0.123606	-0.109572	0.054333	-0.007074	0.155171	0.067840	-0.028057	0.084668	-0.060490	-0.130524	-0.055091	0.178640	0.098150	0.093708	-0.064677	0.089150	-0.024458	-0.225256	-0.082587	0.056760	0.037018	-0.139663	0.054824	0.026937	-0.025923	-0.081423	-0.035349	0.129470	0.095419	-0.013329	0.022741	0.067919	0.039154	0.060142	-0.053461	-0.100914	-0.039994	-0.221596	0.038235	-0.053680	0.005319	-0.079502	0.000182	0.159840	-0.026829	0.114767	0.173783	0.007623	0.164991	-0.088936	0.064904	0.168904	0.144650	-0.078214	-0.235880	0.061359	-0.018302	-0.061830	-0.184262	0.057388	0.008673	-0.152969	0.009342	-0.007543	0.026960	-0.029861	-0.068461	0.024877	0.184770	0.310285	-0.014301	0.112082	-0.210012	0.080289	0.038428	0.207119	0.002587	-0.041909	-0.017720	0.142944	-0.249648	0.057900	-0.043745	-0.096720	-0.154733	0.040884	-0.034759	0.011860	0.097246	-0.043694	0.149657	-0.105236	-0.113536	-0.076534	-0.139477	-0.060595	0.023197	-0.010613	-0.107415	0.077098	-0.084329	-0.172324	-0.077773	0.043009	-0.012195	-0.070360
chr3:52273602-52279400	0.695132	0.090105	0.009285	0.138942	-0.600901	-0.206354	0.323334	-0.082218	0.171175	-0.131475	0.133586	-0.115788	-0.166781	-0.228004	0.131922	-0.143620	-0.162823	-0.023183	0.098920	0.068701	0.005509	-0.066848	-0.140295	0.154044	-0.128431	0.135842	0.085902	-0.088960	-0.117207	0.094883	-0.009502	0.016164	0.092633	0.050307	-0.199573	-0.102652	-0.017303	-0.052858	-0.197006	-0.209631	0.074931	-0.009837	0.099027	-0.025290	-0.043616	-0.090279	0.116547	0.046207	0.060142	0.004340	0.124934	0.046245	-0.150759	-0.060437	0.014889	0.150528	0.121775	-0.060135	-0.010827	-0.093681	-0.025063	-0.057124	-0.016164	0.064813	-0.027445	-0.062535	0.151626	0.054223	0.015159	-0.028402	-0.019657	-0.050643	-0.224429	0.250801	-0.014751	-0.255537	-0.011793	0.106173	-0.046590	0.041708	0.148964	-0.045085	-0.074803	-0.093501	0.071142	0.125864	0.139374	0.158100	0.035602	0.001047	0.201701	0.087507	-0.076956	-0.022925	-0.071404	0.099550	0.009414	-0.174850	-0.079135	-0.127702	-0.020292	0.000431	0.012948	0.295887	-0.039736	0.017993	0.063354	-0.099253	-0.198924	0.001455	0.012795	0.041500	0.012839	-0.013437	0.099959	-0.019514	-0.011464	0.057795	0.148759	0.097616	-0.006243	0.049550	0.077907	-0.084566	0.002680	0.019788	0.059009	-0.061176
chr3:52720602-52733400	0.624665	0.319374	0.112413	0.123671	-0.241082	-0.137721	0.136200	-0.014066	-0.099533	-0.212148	-0.079279	-0.010210	0.131187	0.039182	0.065278	-0.161977	0.078248	0.192902	0.013737	0.077404	-0.024361	-0.074664	0.046932	0.022211	-0.023623	0.121174	-0.136116	0.007171	-0.154896	-0.150818	0.025044	0.094454	0.156226	0.234928	0.088714	0.144918	0.054558	0.068452	-0.106397	-0.043474	0.000868	-0.112103	-0.118474	0.075230	0.033272	0.100958	-0.144925	-0.046570	-0.038131	0.086749	0.108719	-0.035520	0.055038	-0.058593	-0.013135	0.208995	-0.017778	-0.229899	-0.036389	-0.030617	-0.075461	-0.099545	0.103846	-0.076446	-0.006599	0.132433	0.020682	0.201946	0.033065	-0.028884	0.116715	-0.212055	0.076030	0.047580	0.022037	0.241128	0.062010	0.040551	-0.051852	-0.231361	0.002385	0.138060	-0.201075	-0.082470	-0.021426	-0.071092	-0.070610	-0.150906	-0.086713	-0.143186	0.135024	-0.068048	-0.043607	-0.021845	0.045280	-0.108310	-0.039985	-0.009844	0.112602	-0.002902	-0.139730	-0.014810	0.137504	0.034601	-0.077981	0.007816	-0.168045	0.202836	0.133526	0.069670	-0.148210	-0.098261	-0.141122	0.063372	-0.021734	0.170068	0.000132	-0.023500	-0.027985	0.021674	0.024028	0.036801	-0.006802	-0.039502	-0.024061	-0.086892	-0.041834	0.099449
chr5:131825021-131827022	0.462913	0.768795	0.118930	-0.027177	0.045994	-0.141470	-0.000597	0.073224	-0.069181	0.110980	-0.103122	0.021401	0.058763	0.069707	-0.084326	-0.017465	0.111939	0.043967	0.178358	0.009101	0.031627	0.152386	0.072326	-0.022118	-0.077971	-0.107006	0.171540	0.109448	0.034360	-0.107942	0.062086	0.064292	0.029675	0.102329	0.076716	0.124404	0.127367	0.031740	0.067336	-0.064136	-0.072488	-0.043325	-0.049843	0.010610	-0.122810	0.178110	-0.007931	-0.076724	0.070212	0.001165	-0.013164	0.002752	0.111823	0.079578	-0.060096	0.107547	0.028069	0.253215	0.050746	0.073223	0.099779	-0.132331	-0.076407	0.014392	0.076381	0.005522	-0.044816	0.044773	-0.040510	-0.157285	0.006802	-0.220915	-0.046873	-0.188882	0.021518	0.202204	0.057230	0.039489	0.144915	0.002943	-0.160365	-0.060795	-0.168573	0.118087	0.098457	0.133415	-0.099361	-0.072737	-0.060000	0.059785	0.089552	-0.009219	-0.019120	-0.125954	0.195483	-0.079349	-0.073401	0.018741	0.095293	-0.011768	0.044574	-0.007415	0.149653	0.033931	0.092721	-0.315820	-0.015718	0.110412	0.023498	0.006544	0.020940	0.158610	-0.106498	-0.020470	-0.023615	0.045392	-0.069531	0.104168	0.099002	0.034152	-0.175788	-0.131305	0.026602	0.134474	0.110405	0.073565	-0.157395	-0.191349
chr5:131832561-131842800	1.069079	0.551844	0.155428	0.208948	0.054531	-0.087968	-0.107481	0.029400	0.035932	-0.006403	-0.140571	0.161719	0.200767	-0.213526	0.073929	0.025014	-0.001170	0.045959	-0.005486	0.111935	-0.163359	-0.113378	0.092915	-0.026698	0.163508	0.059601	-0.035657	0.076223	0.025018	-0.103452	0.001988	-0.191692	0.037499	0.038797	0.025709	-0.153243	-0.085547	-0.211911	0.198539	-0.006939	-0.061791	0.107699	-0.111512	0.107328	-0.056758	-0.023780	0.007858	0.077073	0.083398	-0.108870	-0.253303	0.213542	-0.149697	0.088809	0.122575	0.140044	-0.216606	-0.060256	0.070393	-0.128566	-0.017940	-0.082952	-0.184980	-0.038611	-0.146534	-0.086356	-0.246982	-0.028994	0.090541	0.067477	-0.018002	0.022029	0.007846	0.009009	-0.064460	0.300245	-0.048341	-0.123125	0.022505	-0.019147	-0.104838	-0.114361	0.039021	-0.021865	0.000869	-0.028088	-0.059990	-0.002735	-0.126960	-0.170096	0.066001	0.139790	0.017999	0.077480	-0.030318	0.020720	0.169236	-0.017901	-0.053853	-0.002080	-0.020724	-0.019441	0.010032	0.004322	-0.074687	0.035985	-0.053554	0.009961	0.131768	-0.039015	0.082827	0.017189	-0.058270	0.021050	0.148381	0.021987	-0.113573	-0.096505	-0.047458	0.113426	0.002393	0.038728	-0.040874	0.000720	-0.011451	0.007593	-0.055303	0.109107
chr5:131891812-131893813	0.595980	0.969390	0.033707	0.186216	-0.386306	0.048143	-0.547847	0.172068	-0.200544	-0.025621	-0.180297	0.161111	0.055442	-0.086854	-0.124744	-0.025632	0.113839	-0.216349	0.037750	-0.169085	0.149875	-0.011436	0.092920	-0.093791	-0.108922	0.067134	0.149140	0.050585	0.083702	-0.035319	-0.053919	0.121918	-0.058050	-0.047345	0.041048	0.096851	-0.041072	-0.068121	-0.365060	-0.022247	-0.059102	0.048648	-0.119259	0.015755	0.114973	-0.028980	0.017128	-0.057895	-0.088616	0.179069	0.013335	-0.015266	0.053630	-0.228742	-0.031202	0.126628	0.123993	-0.012819	0.207029	0.080250	-0.016232	0.112837	-0.058267	0.148485	-0.001092	0.196763	0.084363	0.133816	0.193556	-0.132638	0.010321	-0.079734	-0.088149	0.176506	0.114477	0.102830	-0.082850	0.004671	0.007505	0.099422	0.052634	0.044781	-0.112031	-0.100097	-0.011266	-0.078976	-0.032001	-0.058983	0.079476	-0.044676	0.087484	-0.143747	-0.020073	-0.012616	-0.078889	-0.000928	-0.132934	0.059032	0.084388	-0.001279	0.186541	-0.238579	0.029834	-0.010686	-0.044842	-0.053111	0.184332	0.099075	0.091778	-0.056472	0.092012	0.028817	-0.152640	-0.068671	-0.006217	0.107533	-0.068124	-0.100233	0.178378	-0.029684	0.107420	-0.072147	-0.122393	-0.052284	-0.024480	0.071367	-0.086922	0.202976
chr5:131897457-131899458	0.664815	0.347278	0.159563	0.126269	-0.445020	0.145581	-0.235093	-0.018893	-0.135215	0.045265	-0.244321	-0.163092	0.256544	0.083775	0.072704	-0.091522	0.105137	-0.085491	-0.111914	0.082267	0.046743	-0.110350	0.098706	-0.017008	-0.039162	0.001965	0.148191	0.008991	-0.051340	-0.244055	-0.131793	0.097896	-0.146321	-0.157334	0.116045	0.035588	-0.031739	-0.203147	-0.143925	-0.057256	-0.103274	-0.018268	-0.042617	-0.156019	0.017955	0.175950	-0.206482	-0.076737	0.007830	-0.048998	0.162067	0.092926	0.316004	-0.092127	-0.126813	-0.030083	-0.017925	0.036111	0.000004	-0.195591	0.015685	-0.112999	-0.289904	-0.141216	0.079312	-0.079217	0.191288	0.006618	-0.087781	-0.012020	-0.270779	-0.053183	-0.030727	0.276072	-0.035397	-0.094524	-0.090206	-0.025274	0.114047	0.002201	-0.176800	0.071416	0.066629	-0.022927	0.057056	-0.067734	0.007131	0.009467	0.012817	0.004813	-0.113840	0.034774	-0.032037	0.049844	-0.335309	-0.094867	-0.016846	0.106524	0.057704	0.151796	-0.159963	-0.177032	0.020691	-0.044287	-0.051707	0.163905	0.120441	-0.105003	-0.000958	-0.062288	0.056273	-0.011221	-0.029157	-0.087612	-0.122232	-0.066904	0.148542	-0.220399	-0.051595	-0.009837	-0.068466	0.043899	-0.054841	-0.071496	0.009879	0.055251	-0.003170	0.114726
chr5:132083402-132113200	0.788433	-0.663892	-0.018564	0.007848	-0.119838	-0.006246	-0.026017	0.150065	0.132672	0.073347	-0.169961	0.131933	0.093778	-0.039651	-0.240525	-0.138100	0.104675	-0.199993	0.154248	0.060905	-0.000133	0.156415	0.168316	0.099671	-0.082060	-0.024640	0.101173	0.100742	-0.087329	-0.169863	-0.066223	-0.149456	-0.059999	0.037496	0.133735	0.172302	0.161345	-0.110864	0.004015	-0.038164	0.051239	-0.064253	0.158988	-0.033114	0.040790	0.042226	-0.141213	0.010045	0.065540	-0.158246	-0.133140	0.029644	0.010964	-0.163837	0.116025	-0.037787	-0.060607	0.050465	-0.042451	-0.126124	-0.154001	-0.007953	0.032246	-0.056115	0.198819	0.123283	0.182572	0.208718	0.054910	0.056695	0.060829	-0.066674	0.065286	-0.098717	0.122193	-0.103799	-0.166115	0.032491	0.000833	0.110553	0.272230	0.070961	-0.036214	-0.197817	-0.075264	0.121549	0.165990	0.077067	-0.067013	0.009497	-0.061320	-0.001648	-0.026932	-0.045173	-0.005854	0.076919	-0.036930	-0.018001	-0.146437	0.015823	-0.183631	0.061514	-0.006508	-0.068172	-0.041567	-0.029765	0.010671	-0.035047	-0.015126	-0.066322	-0.140472	0.053598	-0.199219	0.030018	-0.096318	0.056007	0.001376	-0.009807	-0.035834	0.080467	-0.105205	-0.136849	0.021238	-0.117660	-0.053276	-0.029498	-0.032642	-0.008313
chr5:55707402-55715400	1.155836	0.107195	0.353769	0.123440	0.146147	0.043689	0.086641	-0.088938	0.077192	-0.037971	0.232722	0.026623	0.099624	-0.005595	0.053401	-0.055516	0.084548	0.056281	0.000978	0.088363	0.028072	-0.056678	0.108685	0.227598	-0.038023	-0.021881	0.119668	0.266146	-0.002905	-0.113449	0.033828	-0.051954	0.069031	0.002110	0.026859	0.125374	-0.199128	0.161041	-0.046618	0.027037	-0.109024	0.197551	-0.150014	0.100238	0.050393	-0.214055	0.163010	0.058164	0.158396	-0.160977	-0.105191	0.152837	-0.133202	-0.020916	-0.158507	-0.221148	0.029907	-0.009507	0.003602	-0.057210	-0.126942	-0.173258	-0.016452	-0.070233	-0.117353	-0.042132	-0.141697	0.050686	0.005593	-0.133098	0.197295	-0.054729	0.007624	-0.008391	0.019920	0.114103	-0.133328	0.121459	0.057993	0.151337	-0.001471	0.031734	-0.064818	0.037957	-0.113986	-0.069252	0.044467	0.088376	-0.107235	-0.022211	-0.086596	0.220842	0.117459	0.085786	0.071870	0.073016	0.269955	0.070136	-0.029358	-0.072734	-0.074085	-0.048678	0.037229	0.052740	-0.193850	0.005610	-0.246385	0.039440	-0.066061	0.055332	0.076097	-0.042954	-0.125961	-0.087664	0.002011	0.121783	-0.082317	0.121873	0.008930	-0.032124	-0.168783	-0.174404	0.040271	0.068018	0.116682	-0.025665	-0.040789	0.079407
chr5:55724802-55727400	0.758877	0.565940	0.024308	-0.033756	-0.034309	-0.270835	0.025778	-0.025783	-0.088469	0.038714	-0.110520	0.292115	-0.043581	-0.031507	0.145644	-0.078606	0.052735	0.149064	-0.212848	0.044042	0.196118	0.032271	-0.037344	-0.002417	-0.100218	0.215655	-0.006411	0.036915	-0.187457	-0.041603	0.169189	0.060441	0.105445	-0.014997	0.072243	-0.076056	-0.119601	0.056337	0.090896	-0.080601	0.093671	0.105274	0.098775	0.047301	0.099992	0.113676	0.010760	0.020114	0.070302	0.064109	-0.003321	0.032336	-0.071277	-0.025361	0.048669	0.015289	-0.083344	0.204980	-0.061911	0.151365	-0.089681	0.089130	0.167186	0.136833	0.051671	-0.082980	-0.181213	-0.071616	0.112591	0.113750	-0.023355	0.106414	0.138305	0.098478	0.041139	-0.033465	0.092670	-0.038289	0.027897	-0.138185	-0.125000	0.036374	-0.134086	-0.115743	0.034220	-0.036083	0.247026	0.138037	0.120271	0.055407	-0.055136	0.035526	0.059083	-0.020897	-0.042299	0.003059	0.040821	0.184994	-0.143540	-0.052467	0.024502	-0.050109	0.049681	-0.081968	0.000241	-0.042084	-0.031641	-0.129577	-0.077143	0.079507	-0.243534	0.182138	0.017828	-0.108574	-0.024546	0.021794	-0.051098	0.132475	-0.125494	-0.005423	-0.068480	-0.096184	0.007130	-0.162395	-0.099749	0.077967	0.133783	0.010187
chr5:55785602-55788000	0.803786	0.664629	0.109332	0.170715	0.587176	-0.247246	0.204929	0.103756	0.193970	-0.093890	-0.069278	0.019210	0.044359	-0.072926	0.246177	-0.017750	-0.066403	0.105234	-0.124066	-0.160130	0.070208	-0.070009	-0.056082	0.146915	0.078740	-0.143204	0.035424	0.081084	0.108170	0.086129	-0.092553	0.011248	-0.036107	-0.050016	0.161460	0.110126	0.160732	-0.009970	-0.068586	-0.023675	0.192563	-0.072205	0.012450	-0.157774	-0.192747	-0.223300	0.006245	-0.031496	0.129538	0.018691	-0.068817	-0.073474	-0.060845	0.176610	-0.025522	-0.190873	-0.135458	0.019415	0.093087	-0.078029	0.160879	0.008795	-0.145302	-0.109968	0.035776	0.191944	0.031108	-0.154585	0.294553	-0.129957	0.083834	0.115030	-0.078332	-0.073993	-0.036468	-0.194666	0.002775	-0.029099	0.027609	0.083449	-0.175331	0.010436	-0.122820	-0.056771	0.118449	-0.136412	-0.129172	0.206272	0.019437	0.042492	0.067941	-0.043319	-0.006108	-0.011080	0.093548	-0.126985	0.081836	0.113370	0.177077	-0.178353	0.043312	0.090996	-0.199590	0.102898	0.120647	0.167291	0.006047	0.126011	0.191503	-0.084681	-0.036995	-0.005215	0.115509	0.130062	-0.017621	0.012408	-0.016251	0.064498	0.043789	-0.026398	0.050161	0.060263	-0.196170	0.047592	-0.073650	0.043724	0.126815	0.068804
chr5:55831915-55833916	0.497555	0.805784	-0.269610	0.069934	0.213960	-0.175287	-0.041433	0.026989	0.055737	0.055556	-0.047204	-0.025435	0.087403	0.037607	0.282843	0.047261	-0.026977	-0.079722	0.116206	-0.029596	0.019225	0.061777	0.081971	0.094302	0.018142	-0.078832	0.180796	-0.099401	-0.024118	0.000589	-0.101787	0.025659	0.003511	-0.221387	0.055296	0.202553	-0.010042	-0.123628	0.077143	-0.098961	0.099885	0.018530	-0.105517	0.121244	-0.148149	0.197193	-0.100527	0.069527	0.167505	0.006966	0.007704	0.190941	0.100331	0.080324	-0.042175	0.038174	-0.073046	0.132004	0.020024	0.022350	-0.150923	0.062946	0.019840	0.075263	0.162093	0.081343	-0.059987	-0.124282	-0.083284	-0.108754	0.107984	-0.022093	-0.029633	0.017352	0.014130	-0.022731	-0.041194	-0.161667	-0.062457	0.156825	-0.047031	0.157087	-0.023528	0.121355	-0.094227	-0.031527	-0.130511	-0.080758	-0.085126	0.038958	0.047713	0.136712	-0.140607	0.045135	-0.038063	0.054683	0.029816	0.158072	-0.012844	-0.000391	0.052737	0.030617	0.002051	-0.195444	-0.110409	0.023508	-0.009917	-0.109497	0.011038	-0.049812	0.022488	-0.054565	-0.040856	-0.049461	0.104904	-0.009108	-0.008152	-0.107366	0.041305	0.047225	-0.083784	-0.094469	0.033072	0.102244	-0.033344	0.007795	-0.069672	-0.064567
chr5:55964002-55974800	0.599034	-0.497520	0.388157	0.028794	-0.182406	0.103228	0.234818	0.027045	-0.081816	-0.170120	0.053336	0.009262	0.035130	-0.146742	-0.116706	-0.101770	0.300259	0.230548	0.202344	-0.063353	0.007134	-0.161105	-0.073899	-0.295982	-0.241657	0.164127	-0.069887	0.079603	0.087669	0.055618	0.137265	-0.046137	-0.042091	-0.378189	-0.021540	0.199146	0.047729	0.090865	0.079312	-0.048598	-0.163101	-0.014213	-0.058617	-0.062548	-0.114124	-0.083855	-0.125431	-0.112637	-0.016298	-0.165307	0.006530	-0.011433	-0.255300	-0.037976	-0.008554	0.163840	0.004409	-0.095920	0.167862	0.023451	-0.017781	0.057774	0.045004	0.045515	-0.037874	0.112637	-0.102544	-0.032167	-0.040632	0.046079	0.041340	0.016797	-0.004100	-0.073575	-0.049294	0.091349	-0.065075	-0.052706	0.091708	-0.099451	-0.085349	0.084278	-0.076620	0.117013	0.018694	-0.083172	0.023909	0.085138	-0.084683	-0.068549	0.184278	-0.019640	0.211918	-0.162393	-0.012502	0.218990	0.051080	-0.061591	-0.016983	0.036458	0.036456	0.025317	0.211678	-0.105937	0.060413	0.065065	-0.010300	-0.079059	-0.143276	0.064339	-0.088189	0.193779	0.042844	-0.016080	-0.170491	0.124072	0.045607	-0.185576	-0.062987	0.008520	-0.127174	0.046799	-0.059218	0.135377	0.058844	-0.136966	-0.079961	0.014111
chr6:150464402-150470200	0.866463	-0.312255	0.312870	0.213348	0.094765	0.026982	0.085673	0.267888	0.042164	-0.229474	-0.029934	-0.054598	-0.114517	-0.198713	0.086114	-0.089044	-0.165054	-0.018999	0.105966	0.087018	-0.081428	-0.010593	-0.055320	0.028164	-0.192358	0.150858	-0.175430	-0.080850	-0.094369	-0.101107	-0.012469	-0.141758	-0.132591	0.076851	0.044089	0.076889	0.020867	-0.100987	-0.149961	-0.039944	-0.074367	0.026502	-0.143669	0.003403	-0.016653	0.089624	0.020417	0.065765	-0.118543	0.015302	0.033724	-0.118308	0.039959	-0.082227	0.099264	-0.083202	-0.156516	0.095200	0.032682	-0.054599	-0.205858	-0.180222	0.234802	0.111317	-0.056461	0.143792	-0.072363	0.137059	-0.119300	0.042891	0.002982	0.129605	-0.179077	-0.096753	0.062602	-0.006564	-0.021378	0.054885	-0.199168	0.002329	-0.157760	0.154407	0.093812	-0.032850	0.131083	-0.032079	0.174660	-0.040013	0.095504	-0.060891	0.042682	-0.138080	0.071872	-0.023911	-0.036035	0.053860	0.016824	-0.148684	0.050039	0.002470	0.006280	0.021175	0.120768	-0.146829	-0.021671	0.055098	-0.166990	0.098658	-0.121265	0.111945	-0.003020	0.038437	-0.031601	0.136668	0.132649	0.236768	0.066794	-0.070748	0.038576	0.066058	-0.075486	0.059127	-0.008905	-0.245117	0.185842	-0.000774	0.127059	-0.027930
chr6:151923498-151925498	0.589632	0.090182	0.219578	0.148872	-0.334324	0.000178	-0.377917	0.147548	-0.056612	0.223494	-0.048121	-0.110806	-0.054495	-0.029899	0.042838	0.103012	0.116706	0.016775	-0.020201	-0.143297	0.026276	0.186349	-0.188746	0.100839	-0.052226	0.021534	-0.102050	0.020876	0.070602	-0.222214	-0.033752	-0.035318	-0.176700	0.041598	-0.110740	-0.176225	0.163581	-0.003269	0.165173	-0.203062	0.158301	-0.340650	-0.089950	0.012329	0.017723	-0.219916	-0.021861	0.056011	-0.112009	0.019078	-0.117746	0.006789	-0.050791	0.135620	-0.141077	-0.136355	-0.162392	-0.214445	0.066354	-0.028091	0.084131	-0.019481	0.135818	0.023425	-0.032259	0.134081	0.039087	-0.403142	0.104262	0.200711	0.080534	0.122443	0.066094	0.021440	0.066639	-0.043140	0.087967	0.034572	0.060020	0.139169	0.155785	0.134444	0.013807	0.020395	-0.006778	0.078493	0.123252	-0.089747	0.033294	0.058994	-0.282752	-0.048989	0.031758	-0.064304	-0.188448	-0.078117	0.267854	-0.017772	0.089343	-0.198662	0.070768	0.015197	-0.020341	-0.125841	-0.156555	-0.226843	0.046970	-0.086944	-0.036945	0.057967	0.039351	0.037334	0.088164	0.083211	-0.066008	0.013531	0.075352	-0.121915	-0.088259	0.057583	-0.219883	0.004044	0.033964	0.029803	0.016768	0.080649	-0.027950	-0.091751
chr6:151934148-151936149	0.172955	-1.293479	0.280950	-0.169592	-0.115617	0.014846	-0.070728	-0.082355	0.096917	0.068817	0.053385	0.172654	-0.017341	0.039745	-0.272147	-0.178131	-0.049125	-0.148453	-0.122836	-0.123014	0.175352	0.181621	-0.057769	-0.004772	0.144761	-0.077954	-0.029601	-0.004886	0.177826	-0.150727	-0.056166	0.051725	-0.007564	0.093168	0.066791	-0.063941	-0.241181	0.047271	0.012414	-0.083597	-0.026535	-0.332431	-0.036276	0.047735	-0.274712	0.045066	-0.085891	-0.202310	-0.113206	-0.098043	0.083161	0.075581	0.049530	0.008643	-0.029705	-0.107561	-0.083023	0.034338	-0.049946	-0.157527	0.158072	-0.149127	0.118474	-0.063454	0.037363	-0.064336	0.000765	-0.072546	0.113538	0.027130	-0.035897	-0.040421	0.110325	0.016443	0.137401	-0.027426	-0.048810	-0.220741	-0.069445	0.050954	-0.013549	0.026696	-0.103440	-0.016932	0.170542	0.075752	0.054565	-0.061279	-0.018639	-0.001919	0.037041	0.005698	-0.039779	-0.206017	0.036914	0.009386	0.053298	-0.190960	0.055930	-0.087653	-0.021932	-0.051654	0.033363	0.060971	-0.167063	0.042577	0.089291	0.036706	0.026930	0.026149	0.140747	0.043875	0.182922	0.050896	0.131938	-0.007282	0.059291	0.094199	-0.146899	-0.042203	0.071055	-0.018334	0.110248	0.049987	0.064015	-0.029077	-0.053701	-0.056151
chr6:151936602-151938200	0.025605	-0.604122	0.259626	-0.178942	0.124838	0.047886	0.065164	-0.157386	-0.035410	-0.159158	0.056298	0.292874	-0.102225	0.210806	-0.011020	0.140826	-0.155184	-0.063313	-0.074643	-0.011247	0.088848	0.158120	-0.220349	0.015184	-0.077174	0.109350	-0.104483	-0.096101	-0.169613	-0.014110	-0.009451	0.041979	0.064000	-0.111538	0.119430	0.059713	0.028190	0.040973	-0.023770	0.055036	-0.174568	0.162360	-0.054965	-0.013299	-0.101625	0.036093	0.046001	-0.096140	-0.216666	0.100676	-0.008178	0.019130	-0.140652	0.102941	0.156322	0.215179	-0.074125	0.021178	-0.165042	-0.078553	0.049225	0.071625	-0.153176	0.023117	-0.156687	-0.006303	-0.005703	0.025342	-0.108007	-0.013172	0.013097	-0.163893	-0.189468	0.195627	0.001557	0.082866	-0.002720	0.148454	-0.036404	-0.042973	-0.033196	-0.082548	0.234562	-0.102676	-0.007944	-0.104930	-0.041632	-0.079541	-0.155231	-0.211644	0.113310	0.009180	0.034134	0.012863	-0.032072	0.034073	-0.043353	0.113099	0.141777	-0.094536	0.068078	-0.089720	-0.146997	-0.004522	-0.024996	0.092143	0.105574	-0.035111	0.012446	0.024868	-0.038716	0.102387	-0.070345	0.074028	-0.023172	-0.036533	-0.066217	0.060369	0.098355	-0.078715	0.203779	0.007218	-0.196963	-0.004735	-0.072951	-0.088640	-0.121346	0.271819
chr6:151954202-151955600	0.317842	-0.067492	0.166527	-0.143234	0.641790	0.103721	-0.095428	-0.167387	0.077819	0.271258	0.149466	0.002535	0.145540	0.062058	-0.027255	-0.041416	0.301482	-0.053773	-0.117652	-0.080384	-0.205012	0.074217	0.171513	-0.018775	0.153598	-0.092220	-0.021357	0.191278	-0.162251	0.141936	0.000893	0.004031	0.261670	-0.071620	-0.141501	0.110567	-0.014025	-0.072691	0.167902	0.003738	-0.183759	0.277811	0.059897	-0.076522	-0.021793	0.086945	-0.070418	0.082510	0.081301	-0.048628	-0.073787	0.031326	0.085508	0.186545	0.087484	-0.160351	0.041913	0.066413	-0.025090	-0.192184	-0.037587	-0.055259	0.101156	-0.011816	-0.081590	0.031885	-0.047459	0.167342	-0.163411	0.003591	0.021568	0.005192	-0.033696	-0.115948	0.263355	0.129193	0.105574	-0.023837	0.140106	-0.039643	-0.049102	-0.156541	-0.067136	0.008148	0.057921	-0.025293	0.231255	-0.083252	0.097535	0.001557	0.176628	-0.102109	-0.048414	-0.032035	-0.093293	-0.197474	-0.074768	-0.138641	0.051962	0.099647	0.003063	-0.226668	-0.091831	-0.139882	-0.053196	0.193375	0.083768	-0.145740	-0.084202	0.065862	-0.077724	0.202506	0.079356	0.113706	-0.121553	0.008912	0.088481	-0.110123	-0.015780	0.006130	-0.092170	0.070905	0.202360	-0.114693	0.017899	-0.088384	-0.166312	0.007678
chr6:151956875-151958876	0.490905	-0.161832	0.163769	-0.052853	0.182515	-0.085256	-0.228116	-0.251254	-0.081595	0.184207	-0.005733	0.015222	-0.081364	0.253399	-0.211510	0.058078	-0.010277	0.103639	-0.020329	0.027064	0.306164	-0.157854	-0.015430	-0.133976	-0.181184	-0.162292	-0.116265	-0.330370	-0.023960	0.026973	-0.014901	-0.014773	-0.261321	-0.264920	0.059944	-0.230703	-0.120206	-0.150792	-0.083844	0.003616	-0.043417	0.056385	0.050436	0.074280	-0.145819	-0.020749	-0.053306	-0.235994	0.225246	0.092330	-0.193645	0.017898	0.036609	-0.128747	-0.097994	-0.082706	0.034261	0.171646	-0.055724	-0.151104	-0.052871	0.036237	0.149462	0.037833	0.077040	-0.152008	-0.207074	-0.089326	-0.131375	0.080802	-0.054745	-0.100905	0.097447	-0.101389	0.036731	-0.080702	-0.107649	0.078766	-0.006501	0.064095	0.061931	0.132023	0.027718	-0.100153	0.154628	0.010664	0.033829	0.036293	0.095869	-0.041237	-0.129015	-0.244419	0.078805	0.125764	-0.025410	0.096687	-0.068242	0.008494	0.062843	-0.090707	0.021659	0.079885	0.058611	0.109000	0.104243	0.010060	-0.030173	0.101710	-0.206615	-0.083023	0.097169	-0.082795	-0.041174	0.064788	-0.149732	-0.116565	0.081093	0.025471	0.134002	0.013251	0.004096	0.118453	-0.045383	0.051274	-0.117461	-0.083118	-0.202118	-0.024785
chr6:151957185-151959186	0.107212	-0.802242	0.246043	-0.100765	0.085136	0.160619	0.036053	0.006649	-0.102175	0.056528	0.094198	-0.014801	-0.161510	0.022804	-0.121193	0.137904	0.058697	0.129716	0.053793	-0.119105	0.321343	-0.106299	-0.039070	-0.050523	-0.082983	-0.172220	-0.073449	-0.412908	0.035165	-0.021753	-0.115952	-0.077228	-0.333511	-0.170104	-0.002650	-0.332163	-0.111383	0.014987	-0.161093	0.006377	0.006545	0.066701	0.014571	0.084743	-0.251442	0.170188	-0.079137	-0.104730	0.279016	0.179312	0.013923	0.019814	0.143374	-0.209674	-0.038743	-0.092362	0.061785	0.189846	-0.010556	-0.016557	-0.035229	-0.001346	0.179280	-0.034105	0.011899	-0.158268	-0.046017	-0.090946	-0.040070	0.030123	0.003470	-0.116830	-0.025074	-0.124402	-0.023162	0.063816	-0.050436	0.093454	0.088299	-0.014289	0.101353	-0.043632	0.054111	-0.177010	0.239789	-0.031467	0.155846	-0.075052	0.080195	-0.073572	-0.137503	-0.292444	0.116743	0.154577	0.105104	0.041009	-0.077705	0.050079	-0.016066	-0.119166	0.085839	0.114746	-0.031621	0.172228	0.036314	0.046920	-0.002378	-0.024921	-0.114716	-0.031899	0.042257	-0.130541	0.016476	0.080282	-0.014241	-0.126640	0.096867	0.043417	0.033632	0.104060	0.076435	0.130648	0.053744	-0.046314	-0.030133	-0.050411	-0.081076	0.009229
chr6:151961602-151962000	-2.723808	-0.436748	-0.065398	-0.450937	-0.250502	0.126352	-0.069177	0.000478	-0.174643	-0.478429	0.191467	0.178757	0.213109	-0.049352	0.044937	0.347087	0.285919	-0.031848	0.055778	0.045417	-0.165687	-0.065532	-0.218587	0.053024	-0.138428	0.116225	-0.112588	-0.169662	0.194845	0.046494	0.078973	0.151063	0.358499	-0.090153	0.180559	0.165412	0.133171	0.186495	-0.018709	0.113416	0.146732	-0.255176	-0.232784	0.170571	-0.013905	-0.207941	-0.014899	-0.045304	-0.070117	0.088624	0.192579	0.010071	-0.287782	-0.001999	0.095988	0.163758	0.337323	-0.197158	-0.364965	0.012923	-0.094606	-0.137823	0.082142	0.016630	-0.249966	0.087735	-0.000343	-0.130087	-0.047731	-0.145904	-0.112511	-0.018826	0.144896	-0.078442	0.169790	-0.145839	0.177898	-0.017923	0.008674	-0.052759	-0.037177	-0.209280	0.053093	-0.061261	-0.036596	0.318098	0.021159	-0.155292	0.036582	0.031419	-0.140844	0.120221	-0.075853	-0.164170	-0.135528	0.014038	-0.071726	-0.227301	-0.145009	0.011980	0.007913	-0.070011	0.039233	0.006634	0.087860	-0.035262	-0.029966	0.175198	-0.085614	0.197187	0.003843	0.070665	0.088182	-0.100059	0.047458	0.057718	-0.104868	0.037926	0.043097	0.150417	-0.248131	0.104156	-0.136609	0.110536	0.174307	-0.038039	0.054930	0.091358
chr6:152022202-152025200	0.948577	-0.191736	0.277557	0.155298	0.156924	-0.126136	-0.092730	0.067312	0.009942	-0.050757	0.036510	0.105581	0.150218	-0.124156	0.062490	-0.204241	0.129361	0.013012	-0.161584	-0.189307	-0.033630	0.071154	0.102503	0.089760	-0.107050	-0.127816	-0.180485	-0.033029	0.023173	0.085622	0.178290	-0.135352	0.054937	-0.077259	0.282528	-0.057446	0.108816	0.006504	0.050680	-0.105066	0.042862	-0.160175	0.176944	0.049803	0.072571	-0.055228	-0.254133	-0.095778	0.013771	-0.026167	0.043802	0.232291	0.033190	0.084691	0.007278	-0.016412	0.112619	0.025620	-0.096239	-0.116458	0.095158	0.252306	0.091694	0.042528	0.086773	-0.104791	-0.200984	0.063893	0.074930	-0.010819	-0.018051	0.043214	0.032380	0.161906	0.121032	-0.025538	0.232068	0.030003	-0.118332	-0.075634	0.139531	-0.014483	-0.012102	-0.080770	-0.099551	-0.144016	-0.102304	0.050991	0.041870	-0.039306	-0.057779	-0.027304	0.029332	0.116540	0.112976	-0.049910	-0.024593	-0.074283	0.124315	-0.025672	-0.068072	0.033822	0.140645	0.082895	-0.121562	0.200930	-0.223302	-0.027344	0.044278	0.153203	0.100756	0.024358	-0.026287	-0.097253	0.045205	-0.033943	-0.012374	0.075864	0.064524	0.049418	-0.068552	-0.134201	-0.250737	0.050049	0.186399	0.154024	0.046983	-0.050929
chr6:152232402-152232800	-2.758843	-0.942363	0.779349	-0.544060	-0.557581	0.100983	0.069859	0.007912	-0.025591	0.022884	-0.293645	0.125165	-0.017419	-0.318214	-0.029683	-0.211773	-0.230198	0.157682	-0.005005	-0.369765	0.359762	0.048859	0.226402	0.130317	0.076477	-0.043347	-0.026529	-0.126608	0.158342	0.343194	0.030690	-0.121894	0.163573	-0.216347	-0.139958	-0.312622	0.186509	0.130795	0.157898	0.200463	0.278276	-0.194548	-0.072623	-0.119273	0.141295	-0.069935	0.058909	-0.046659	0.085469	0.188841	0.299633	-0.144342	-0.086378	-0.016803	-0.028250	0.063491	-0.101033	-0.221925	-0.156273	0.007844	0.210718	0.192098	0.018370	-0.120545	0.113222	0.095355	-0.021481	0.070974	-0.233179	-0.106911	0.084298	0.256025	0.033282	0.039813	-0.156694	-0.002477	-0.032096	-0.168661	0.087546	0.025177	-0.251792	0.155618	0.094966	0.274196	0.205680	0.231806	-0.215786	-0.086733	-0.053125	-0.177693	-0.070960	-0.058291	0.108870	-0.084950	-0.202428	0.002420	0.033746	0.034365	-0.010727	-0.031633	-0.003013	-0.152612	0.138189	0.022010	-0.190645	-0.162998	0.094088	0.158025	-0.018146	-0.165761	0.203150	-0.048609	-0.093605	0.020568	-0.177261	0.087896	0.310376	-0.202377	0.021225	-0.041668	-0.138349	-0.026973	-0.002660	-0.001355	0.042145	0.059780	0.022135	0.119958
chr6:152359637-152361637	0.152230	-1.077928	0.199934	-0.094912	-0.134106	-0.125954	0.051906	-0.034952	-0.019712	-0.185612	0.100179	0.118079	0.015772	-0.038114	-0.078662	0.009960	-0.095606	0.026682	-0.080538	0.016329	-0.086643	-0.094741	0.114322	-0.008235	-0.088474	0.051390	0.036061	0.187787	-0.095861	0.068764	0.303456	0.190576	-0.251357	0.100371	-0.016113	0.187191	0.141544	-0.048445	0.066364	-0.107227	-0.003264	-0.042071	0.015341	-0.011099	0.094076	0.129343	-0.088161	-0.056788	0.071078	-0.077828	-0.077754	-0.082805	0.030244	-0.042726	0.090908	-0.033071	0.114301	0.242469	0.010759	0.119002	0.071961	-0.098526	0.083001	-0.011835	-0.058071	-0.003193	-0.162484	-0.000622	-0.073335	0.130463	0.107363	0.038060	0.027606	0.007665	0.048026	-0.035642	0.178366	0.108716	0.074140	-0.130850	-0.004708	0.009532	-0.086196	-0.058624	-0.125014	-0.094718	0.080811	-0.033075	0.052958	-0.002400	-0.146646	0.102020	0.081530	-0.022905	0.013256	-0.002184	-0.009215	-0.123522	-0.110702	-0.109623	-0.070927	-0.031852	-0.060979	-0.073560	0.107517	-0.012344	-0.093657	0.010365	0.030527	0.149978	-0.001145	0.063807	0.108414	-0.121898	0.017433	0.023772	-0.207176	-0.026711	0.040658	0.106463	-0.140660	-0.144081	0.053602	0.045947	0.135727	-0.033256	0.019629	0.040569
chr6:156983421-156985422	0.070652	-1.485835	0.069690	-0.054841	-0.090642	0.121781	-0.113418	0.069640	0.159132	-0.008058	0.194561	-0.138332	-0.177845	-0.127892	0.275509	0.113269	0.021474	0.056195	-0.035368	0.142748	-0.048591	0.003087	0.021287	-0.142882	0.073548	0.096478	0.029981	-0.190386	-0.194927	0.019645	-0.139286	-0.025572	0.036430	0.194858	0.131041	0.058774	-0.122558	0.156512	-0.071073	0.018240	0.131069	0.007268	-0.032158	-0.166672	0.061473	-0.091088	-0.023396	-0.043816	-0.087938	-0.068133	0.030183	0.014040	-0.031427	0.099806	0.188774	0.123530	-0.034131	-0.148913	-0.065025	-0.099718	0.106863	0.064409	0.045891	0.006290	-0.179042	0.044403	-0.090168	-0.181037	-0.005454	-0.050764	0.171342	-0.108645	0.122139	0.065952	0.029265	0.111747	-0.055610	-0.107520	0.104284	-0.103408	-0.079764	0.055384	-0.057437	-0.004820	-0.040775	-0.077955	0.018878	-0.058480	-0.166731	-0.024484	-0.037050	-0.213864	-0.227903	0.128099	-0.172159	0.125995	-0.031112	0.153008	0.087163	0.030982	0.132384	-0.130926	0.177928	-0.042068	-0.182915	0.039246	-0.017022	0.088601	0.041732	-0.000998	-0.149143	0.043949	0.112541	0.128551	0.022745	-0.023567	0.059603	-0.109645	-0.055732	0.035750	-0.110912	-0.139621	-0.032428	-0.034607	0.071612	-0.037514	-0.001540	0.049653
chr6:157035202-157045000	1.128003	-0.641635	0.058534	0.023216	0.283100	0.523417	0.081673	-0.003955	0.154122	-0.242337	0.323130	0.019267	-0.076082	0.113519	0.207048	0.093860	-0.136536	-0.061088	0.117061	0.021554	-0.169040	0.218302	-0.002417	0.115611	0.056589	-0.066769	-0.032951	0.172732	0.106022	-0.084724	0.030818	-0.158833	0.162225	-0.228193	0.053706	0.262486	-0.014358	0.308928	-0.170001	-0.020920	0.097246	0.021651	0.013337	0.013630	0.011048	0.005169	-0.099664	-0.026887	-0.014779	-0.001465	0.063457	-0.013014	-0.018396	0.053426	0.178645	-0.121320	0.227244	0.035512	-0.022370	-0.124950	0.047956	-0.094047	0.064596	0.222176	-0.184056	0.180926	0.036227	0.012156	0.058090	0.018948	-0.085719	0.007726	-0.040797	0.020590	0.047481	0.087530	-0.000424	-0.150413	0.022131	0.214414	-0.045716	-0.085871	0.050651	-0.011158	0.041767	-0.004822	0.110270	-0.008956	0.208244	0.196733	0.050797	0.225376	0.073223	0.052801	-0.106912	-0.161484	0.030840	0.080952	0.020980	-0.085494	-0.315590	0.036679	0.121393	0.147380	0.078011	-0.059207	-0.188382	-0.089704	0.074826	-0.100341	0.105011	-0.080861	-0.036109	0.230078	-0.045756	-0.144905	0.063396	-0.024829	-0.013741	0.035811	0.062297	-0.066454	0.249385	-0.016987	0.140461	0.027887	0.157120	0.055442
chr6:157103602-157113000	0.769687	-0.196959	0.087823	0.105125	-0.283854	-0.090574	0.036123	-0.304119	-0.070639	-0.044601	-0.021343	-0.148993	0.040270	-0.039146	-0.302285	0.049283	-0.077171	-0.066672	-0.049462	-0.010271	-0.058348	-0.084601	-0.072227	0.014744	-0.072031	0.056619	0.032287	0.039964	-0.060721	0.190692	0.245273	0.069612	0.022501	-0.124462	-0.027628	-0.149437	-0.064745	0.084195	-0.056325	0.005903	-0.016358	-0.166724	0.252576	-0.024856	0.257501	-0.060034	0.095518	0.089778	-0.050086	-0.021769	0.081307	-0.016827	-0.063121	-0.033485	0.069475	-0.090202	0.051771	-0.031555	0.038444	-0.008962	-0.128150	0.113986	0.047105	0.112552	0.022281	0.158676	-0.012232	0.021709	0.015317	0.203542	-0.197241	0.054482	0.092386	-0.001226	0.153735	-0.075900	-0.143963	-0.111041	0.179282	0.025121	-0.000600	-0.107804	-0.085262	0.114638	0.109239	0.089758	0.053795	-0.191028	-0.222920	0.084980	-0.126702	0.161031	0.061557	0.034013	-0.016712	0.084233	-0.128807	0.085195	0.117398	-0.025088	0.019477	0.040450	-0.189431	-0.023634	-0.107934	-0.084301	0.086019	-0.057894	-0.008938	0.023343	0.095145	0.005552	-0.067965	0.017374	0.002496	-0.085178	-0.206926	-0.024344	0.059136	-0.129379	0.021901	0.018758	0.087221	-0.028549	-0.129198	0.035838	-0.127506	-0.066189
chr6:157141402-157155600	0.646283	-1.297798	-0.040007	-0.056468	-0.122129	-0.211224	-0.085199	-0.217583	0.062448	-0.055634	0.125615	-0.103438	-0.157746	-0.160072	0.085655	0.021713	-0.035255	0.003666	0.007720	-0.100487	0.075757	0.029613	0.053570	0.066628	0.218967	-0.239951	-0.047770	-0.118635	0.118113	-0.000493	0.156656	-0.025169	-0.060280	0.101374	0.091560	0.301611	-0.042642	-0.130103	0.098245	-0.047077	-0.015444	0.043073	-0.249931	-0.165298	0.234618	-0.103357	0.159547	-0.125942	0.080660	-0.053998	0.013158	-0.039110	0.016609	-0.080736	0.108597	0.097206	-0.115548	-0.225358	-0.081514	-0.032627	0.056989	-0.090752	-0.121682	-0.087459	-0.017437	0.070083	0.116182	0.069914	0.076032	-0.093817	0.122163	-0.101225	0.062524	-0.027547	0.030176	0.007169	0.000871	0.126028	-0.058967	0.087592	-0.062312	-0.026130	0.132229	0.166972	0.018745	-0.162134	-0.054723	-0.045565	0.000318	0.110572	-0.004523	-0.042406	0.064178	-0.037301	-0.075397	-0.019352	-0.082560	0.049300	0.097126	0.072157	-0.038605	0.050429	-0.070520	0.142963	0.103126	-0.199825	-0.104820	-0.014732	0.078620	-0.015271	-0.154999	-0.043899	0.008995	-0.083641	0.064770	0.024899	0.043927	0.091947	0.034035	0.073979	0.050591	0.053893	0.000900	-0.043143	-0.064567	0.143783	0.054042	-0.033166
chr6:157388974-157390975	0.277698	-0.619048	0.740211	-0.081244	-0.053863	0.001242	-0.232110	0.173659	0.113565	0.209263	0.160506	0.047609	-0.155817	-0.229439	0.134424	0.018607	-0.187069	0.088909	0.117712	0.259840	0.011540	-0.056200	-0.033130	-0.123357	0.056644	0.009370	-0.107609	-0.040763	0.043575	0.060923	0.167483	-0.169286	-0.038784	-0.065902	-0.066725	-0.144492	-0.077975	0.095234	0.164062	-0.091959	-0.105094	0.109442	0.076699	0.067906	0.040367	0.011320	-0.122019	0.039290	0.161286	0.073343	-0.069874	0.132998	-0.053127	0.238009	-0.057033	-0.033389	-0.032052	-0.026076	-0.002301	0.049023	-0.063970	0.203102	0.103705	0.081718	-0.113473	0.101719	0.139368	0.010948	0.059417	0.100004	-0.021000	-0.087873	0.020272	0.189869	-0.003579	0.157499	-0.034757	-0.003396	-0.119323	0.063327	-0.016211	0.263862	0.043181	0.033868	0.047240	-0.011772	-0.061116	-0.170485	0.040610	0.089929	0.008844	0.032785	-0.159621	0.101227	0.108341	-0.147663	-0.071456	0.120943	-0.120767	0.054935	0.222221	-0.101853	-0.010280	-0.189124	0.144131	-0.224817	-0.056868	-0.198888	-0.023366	0.004605	-0.018180	0.009268	-0.125223	-0.063404	0.102018	0.229070	0.010433	0.047617	0.017296	-0.004953	-0.089362	-0.091228	-0.001954	0.083529	-0.146871	-0.232026	0.009433	0.119439
chr8:91585002-91588400	0.896876	0.030692	0.274924	0.082572	-0.092085	-0.116116	-0.537098	0.164341	0.022246	0.214977	-0.009275	0.198965	-0.194164	-0.057793	-0.054879	0.058341	0.075523	-0.091829	-0.138541	-0.172672	-0.151754	-0.153780	0.125162	-0.229887	-0.031936	0.026454	-0.214144	0.002804	0.048487	-0.140235	0.065772	-0.091165	-0.116572	0.005959	0.239359	-0.086327	-0.029731	-0.047042	-0.040481	-0.116012	0.018935	-0.009364	0.065288	0.024335	0.014081	-0.131333	-0.117886	-0.125402	0.011569	-0.186943	0.034983	0.081608	-0.034552	-0.056488	-0.155980	-0.019876	-0.157004	-0.039643	0.182367	-0.030379	-0.239326	0.126351	-0.288018	0.003353	0.045917	-0.046709	0.003243	0.029599	0.083783	0.011671	0.079751	-0.069909	0.067245	0.061474	0.013437	-0.023863	0.034899	-0.047602	0.055460	0.095356	0.043922	0.189928	-0.096642	-0.068488	0.049480	0.196217	-0.209785	0.055838	0.082427	0.158960	0.030787	-0.053149	0.033150	0.043831	-0.080147	-0.051508	0.076052	-0.012418	-0.107628	-0.014175	-0.127346	-0.156081	-0.031380	0.035142	-0.009750	-0.018521	0.046443	-0.044080	-0.050408	-0.106084	-0.045091	-0.000702	-0.056686	-0.080382	0.045161	0.037768	-0.118130	-0.155589	0.130998	0.043910	-0.066426	0.010685	-0.206161	-0.162227	0.071837	0.079770	0.149967	-0.055352
chr2:202204602-202204800	-3.559786	1.520616	0.425130	-0.530915	0.212910	-0.410729	0.130543	-0.182713	-0.226412	-0.060007	0.031992	-0.171030	-0.336611	0.172800	0.052512	-0.075541	-0.022977	0.258809	0.109079	-0.180760	0.141815	-0.219821	0.049743	0.294704	0.342405	0.163164	-0.047116	-0.297962	-0.011433	-0.193348	-0.254997	-0.139289	0.262699	0.213159	0.235724	0.051105	0.182133	-0.177873	0.187028	0.018851	0.182525	-0.180705	-0.079924	-0.051867	-0.095342	-0.111958	-0.203006	-0.337738	-0.210913	-0.166752	-0.178933	0.075128	0.269600	0.235392	0.235574	0.085331	0.124054	-0.218449	0.049496	0.187631	0.172442	0.094690	-0.246409	-0.246655	-0.004315	0.076587	-0.084474	-0.370282	0.114675	0.265415	-0.120987	-0.000570	0.103331	0.289677	-0.163397	-0.121003	0.034860	-0.279219	0.153934	0.048253	-0.259999	-0.191401	-0.157378	0.031059	-0.029404	-0.108715	0.124595	-0.216509	-0.097783	0.015722	-0.040236	-0.005057	0.069943	0.048835	0.150883	-0.002134	0.089174	-0.042911	-0.146073	-0.084420	-0.008916	0.157558	-0.149773	-0.421456	-0.036475	0.023409	-0.134543	0.034736	-0.065850	-0.053351	-0.076849	0.127540	-0.218521	0.076465	-0.080439	-0.271718	0.011175	0.015011	0.018191	-0.168236	0.186196	-0.003289	0.117954	-0.086892	-0.159004	0.243958	-0.155565	-0.114100
chr20:32603402-32618600	0.475995	-0.939942	-0.427334	0.055595	-0.070483	-0.133913	0.067676	0.238956	-0.217361	0.269959	0.097444	-0.093878	0.046740	0.194428	-0.001707	0.046548	0.028415	0.036607	0.108845	0.266008	-0.015420	-0.067082	0.067998	-0.191839	-0.017903	-0.042951	0.012871	-0.134909	0.042478	-0.148915	-0.189698	0.114229	-0.075555	-0.146539	0.168444	0.024567	-0.005160	0.014268	0.143299	0.082859	0.005245	0.073895	-0.161731	0.151416	0.067901	-0.158481	0.003772	0.053082	-0.072392	-0.056882	-0.003916	-0.051006	-0.039418	0.209589	-0.091115	0.024536	0.212524	-0.030726	0.079516	-0.000835	0.064313	-0.211090	-0.031652	0.128951	-0.207497	0.068098	-0.000726	-0.045924	0.048402	-0.102045	-0.051676	0.104474	0.039186	0.103988	0.127753	0.013517	-0.036831	0.022418	-0.041475	-0.102567	-0.042680	0.081409	-0.033959	0.044263	-0.204763	0.169586	-0.013906	-0.113681	-0.115236	0.156387	0.078367	-0.014269	-0.104537	-0.191975	0.110218	-0.072664	0.059282	-0.015292	0.134576	-0.017795	-0.035858	0.041990	-0.017600	0.075340	0.000541	-0.075363	0.020116	0.012760	0.086793	-0.193139	-0.009614	-0.068356	-0.085431	0.162212	0.173861	0.023859	0.257788	0.170213	0.071874	0.150483	0.128741	0.049156	-0.047110	0.063530	0.045018	-0.015390	0.084888	0.091503
chr21:43795913-43797913	0.163235	-0.305423	-0.481275	-0.047920	0.070188	0.112274	-0.046193	0.138595	-0.059301	-0.051717	0.030089	0.207312	-0.047427	-0.139419	0.095378	-0.097366	0.153168	0.031367	0.064180	0.022618	0.015432	0.209939	-0.070129	-0.008538	0.088412	-0.119356	0.069929	-0.081121	-0.250752	0.106724	0.065187	0.032672	0.002867	0.002990	0.227018	0.163505	-0.365371	0.161079	-0.072557	-0.219769	0.112605	0.008428	0.025515	-0.029775	0.078361	0.021298	0.034512	-0.058572	0.181313	-0.105217	-0.015029	-0.017346	-0.026716	0.085467	-0.173865	-0.051715	0.083208	-0.143239	0.033814	-0.110683	0.136344	0.147084	-0.047773	-0.111551	0.036334	0.081126	-0.023602	0.089387	0.048477	0.079508	0.049992	0.238746	-0.047077	-0.078567	0.069254	-0.112306	-0.059673	-0.111852	-0.041041	-0.065620	-0.022649	0.057609	0.155441	-0.027580	0.079289	-0.010584	-0.097207	-0.132294	0.013996	0.018336	-0.022308	-0.003138	-0.024750	-0.148234	-0.016660	-0.042983	-0.172646	0.083437	-0.000648	-0.093328	0.091345	-0.015342	0.111664	-0.210787	0.152864	0.031306	0.028820	-0.036223	-0.109637	-0.179618	-0.021411	-0.115732	0.188118	0.028556	0.165981	-0.132397	0.167464	0.012620	-0.040044	-0.133739	0.086646	-0.206907	-0.129282	0.042657	0.105595	0.152177	-0.167350	0.056051
chr5:44705498-44707498	0.415448	-1.237680	0.537004	0.038458	0.340437	0.285652	-0.038228	-0.134269	0.044932	-0.064615	-0.006781	0.017119	-0.069425	0.020840	0.191153	-0.023982	-0.075360	0.017329	-0.069427	-0.067778	0.075116	-0.079198	-0.069048	-0.076839	-0.134361	-0.134009	0.112031	0.066484	-0.015730	-0.010669	0.028008	0.161349	-0.136698	0.192567	-0.078503	-0.156524	0.131983	0.071233	-0.071119	-0.004639	-0.192945	0.226430	0.097961	0.180447	0.028830	-0.028191	-0.052168	-0.049723	-0.225048	-0.048473	0.092892	0.181815	-0.234100	0.135599	-0.015076	-0.135631	-0.172647	-0.036624	-0.061127	0.030992	-0.047415	-0.001168	-0.106104	0.047241	-0.003151	0.023609	0.049548	0.181331	0.042166	-0.105340	0.183810	0.007147	0.107843	0.180794	0.039628	0.105031	0.150347	-0.006774	0.278788	-0.170748	0.004442	0.117588	-0.099723	0.066304	-0.058025	-0.048155	-0.049541	-0.052868	-0.232449	-0.084896	-0.014315	-0.098653	-0.042928	-0.235661	-0.004065	-0.155943	0.168793	-0.179965	-0.024449	-0.196269	0.032792	0.206051	0.124729	-0.204558	0.167968	-0.044190	0.028305	-0.173805	-0.159377	-0.026169	0.083628	-0.096978	0.049272	0.019533	-0.116161	0.019233	0.006754	-0.015716	-0.095571	-0.040390	-0.105207	-0.120889	0.089466	-0.004009	0.074375	0.027467	0.068866	0.074387
chr6:86245709-86247709	0.411656	-0.434052	0.290652	-0.033916	0.258411	0.002616	-0.137085	0.131083	0.060430	0.183047	0.210887	0.232811	0.091348	0.137489	-0.117867	0.117241	0.068028	-0.131127	0.115801	-0.248885	-0.113452	-0.043160	-0.010793	0.197629	0.224506	0.223492	0.137478	-0.010426	-0.197773	0.012261	0.074619	-0.233295	-0.166697	-0.037994	0.079122	-0.218939	0.014645	-0.171668	0.056372	-0.039051	-0.049628	0.055408	-0.027966	0.205629	-0.236048	-0.205437	0.099451	0.116296	0.022876	-0.070977	0.028708	0.025401	-0.051740	-0.094955	0.154078	-0.027226	-0.021936	0.068010	0.058519	0.097114	-0.103323	-0.002425	0.081688	0.145704	-0.016920	0.025882	-0.066833	0.039367	0.050757	-0.051183	-0.012694	-0.087634	-0.085167	-0.102170	-0.025271	-0.028423	-0.032279	0.024713	-0.001565	0.008240	0.023796	0.249952	-0.054711	-0.036158	-0.064433	0.076088	0.103208	0.205326	-0.163194	0.009978	0.126300	-0.250638	-0.079643	-0.011016	-0.007650	-0.102868	-0.115608	-0.025075	-0.170487	0.032392	0.085671	0.093256	0.121510	0.055104	0.034329	0.015065	-0.106633	-0.046794	0.027895	-0.062693	-0.072630	-0.136443	0.101111	-0.072683	0.073055	0.007451	0.045897	0.055582	0.124117	0.152510	-0.066378	-0.108011	0.019088	0.046321	0.004806	0.157654	-0.060990	-0.002187
chr6:86222316-86224316	0.615671	-0.071455	0.313609	0.073121	-0.244726	-0.111596	-0.327098	0.173377	-0.070095	0.002505	0.034537	0.125824	0.086786	-0.322577	-0.146345	0.297201	-0.350304	-0.163979	0.108331	-0.059542	-0.053401	0.394055	0.144062	-0.018144	-0.092676	0.088885	-0.039312	0.108125	0.012739	-0.012784	0.156905	-0.111814	-0.080587	-0.114004	0.064008	0.041207	-0.029164	-0.085648	-0.130947	-0.253636	-0.122681	-0.036614	0.143637	-0.210972	-0.030318	-0.063345	-0.167375	0.240044	-0.044784	0.132953	-0.224984	-0.029570	-0.020156	-0.188893	-0.105335	-0.087756	-0.116532	0.030339	0.358963	0.086933	0.038053	-0.085621	-0.065048	-0.092508	-0.018223	0.319423	-0.082746	-0.050627	0.134194	-0.002143	-0.073936	-0.169119	0.076663	-0.049222	-0.013839	0.065854	-0.026900	0.081558	-0.002581	-0.149428	0.110854	0.021983	-0.131159	0.031970	-0.060047	-0.178018	-0.150298	0.043951	0.050673	-0.031388	0.150766	0.101261	0.156636	-0.252683	-0.137076	0.093534	-0.005147	-0.065717	-0.082417	-0.169813	-0.068033	0.075158	0.169647	0.185427	0.093221	0.047247	-0.201132	0.185026	0.064494	-0.008424	0.007801	-0.073951	0.147241	0.249978	-0.108362	-0.017315	0.059291	0.090681	-0.117533	-0.065640	-0.148633	-0.208422	0.057551	-0.002740	-0.054213	-0.261008	-0.025315	0.107750
chr6:86257614-86259614	0.233854	-0.821843	0.208698	-0.001696	0.186004	-0.159372	-0.077470	-0.158461	-0.048516	0.135856	-0.096846	-0.080794	-0.165239	0.078212	-0.048063	0.048585	0.060551	-0.136080	-0.248729	-0.098420	0.182176	-0.103020	0.056119	0.084897	0.060660	-0.034801	-0.149947	0.056542	-0.177235	-0.009858	0.002609	0.110416	-0.107862	-0.310864	-0.176400	-0.014986	0.083257	-0.010680	-0.010365	-0.082823	-0.395251	0.135913	0.274561	0.020152	-0.089968	-0.133624	-0.027779	0.050374	-0.009386	0.101006	-0.025446	0.098099	-0.171188	-0.082003	0.114477	0.018955	-0.007010	-0.036141	0.093270	0.034096	-0.049695	0.139786	-0.159987	0.020470	-0.013763	-0.167469	-0.063623	0.012011	-0.178683	0.001216	-0.169934	-0.156577	0.015387	-0.045846	0.070474	-0.016319	-0.035067	-0.030800	-0.018680	-0.135573	-0.064581	-0.102948	-0.063731	0.021644	-0.326827	-0.049908	0.122835	-0.027852	0.159779	0.049462	-0.045794	0.040180	-0.079060	0.086375	-0.306393	-0.039873	0.130167	-0.036683	-0.107133	0.197401	0.026070	-0.035208	-0.019329	-0.068422	0.219680	0.172078	-0.075296	0.098331	0.130350	0.009680	0.150968	0.024273	-0.119321	0.044601	0.025925	0.048941	0.065646	0.072422	0.007133	0.140957	-0.024016	0.019852	-0.016836	-0.026231	0.107688	0.051824	0.116747	-0.002272
chr6:151957815-151959815	0.066891	-1.270350	0.151103	-0.063093	0.019780	0.210646	0.016934	0.131779	0.060601	-0.003004	0.022030	0.101861	-0.080159	0.133693	-0.063343	0.129856	0.126831	0.066490	-0.101969	-0.122813	0.214627	-0.079856	-0.094916	-0.033637	-0.173191	-0.142978	0.087713	-0.313820	-0.031453	-0.003429	-0.182851	-0.057573	-0.243337	-0.209221	0.003566	-0.206976	-0.094055	0.112204	-0.125263	-0.015251	0.018700	-0.014797	0.039289	0.092237	-0.221542	0.119032	-0.157403	0.042172	0.087261	0.157201	-0.022652	-0.022380	0.180050	-0.201189	-0.021497	-0.056645	0.153383	0.096100	0.100912	-0.108801	-0.106804	-0.058261	0.161383	-0.176891	-0.028327	-0.066001	-0.036243	0.009353	0.032285	-0.069235	-0.067004	-0.102516	0.022468	-0.071260	-0.031795	0.050338	0.050017	0.125600	0.166156	0.018745	0.135225	-0.031823	0.107908	-0.173143	0.175668	-0.035609	0.109547	-0.140836	-0.010931	-0.074158	-0.187626	-0.224109	0.040494	0.165367	0.164686	-0.010684	-0.022002	0.153238	-0.055967	-0.111219	-0.008883	-0.038142	-0.113293	0.012626	0.140351	0.049302	0.000452	0.005104	-0.145127	-0.103832	-0.040006	-0.006785	-0.054601	0.005956	-0.110671	-0.059487	0.089202	-0.023991	-0.103687	0.015407	0.086505	0.156986	0.042035	0.045926	-0.101381	-0.106370	-0.078984	0.103329
chr20:32645602-32658600	0.597361	0.103736	-0.224850	0.104633	-0.268036	0.165289	0.148852	0.287028	0.037512	0.054787	0.053559	0.178096	0.043830	-0.013549	-0.218632	0.088390	-0.059465	0.010431	-0.032299	0.035881	-0.122710	-0.009805	-0.133300	0.184175	0.072000	-0.050054	0.043221	0.049090	-0.085731	-0.098436	0.050912	0.166630	-0.079967	-0.224881	-0.038053	0.061829	0.117407	-0.128291	-0.026630	0.191547	-0.118848	0.087483	0.087870	0.203572	-0.047147	-0.169827	-0.037389	-0.070854	0.184314	-0.116618	0.014882	0.028776	0.020647	-0.069395	-0.019314	0.052201	0.143154	0.005074	0.062259	0.010861	-0.042820	-0.130686	0.056956	-0.029290	0.184169	-0.057738	0.070651	-0.163754	0.006357	0.060605	0.052366	-0.197426	-0.225563	0.222076	-0.131762	0.174624	0.099201	0.195903	-0.145177	0.200855	-0.009165	-0.084590	-0.115338	0.067576	-0.104400	-0.078300	0.156819	-0.076708	0.238030	-0.078058	-0.062917	0.045267	0.095983	0.187533	0.035267	-0.089072	0.004823	0.006816	-0.028238	-0.067119	0.080774	-0.048008	0.137455	-0.109350	0.072327	-0.052023	-0.227937	-0.039476	-0.139658	-0.102489	-0.108800	-0.124351	0.087180	0.015757	-0.082493	0.090106	0.130517	-0.226089	0.109486	0.028906	-0.008793	0.041200	-0.027100	0.220087	-0.018387	0.098723	0.029447	0.122387
chr1:121111052-121113052	0.659577	1.077407	0.165817	0.311889	-0.123255	-0.236587	0.205782	-0.130222	0.100164	-0.220811	0.030582	-0.027550	-0.017395	0.222719	0.095250	0.022252	-0.094802	0.065588	-0.138476	0.179836	-0.119779	0.132279	-0.263002	0.125360	0.036170	0.055471	-0.057373	-0.004875	-0.050293	-0.132698	-0.008932	0.090189	-0.116801	0.020876	-0.092028	-0.024424	0.060007	0.132058	0.065936	0.076313	0.096553	0.056439	-0.131239	0.055961	0.020047	-0.014504	-0.316633	0.298242	-0.044569	0.154233	-0.029727	-0.015016	-0.031433	0.123022	-0.015397	0.104407	0.063299	-0.064977	-0.107195	-0.323512	0.054910	-0.214601	0.118830	0.139120	0.097470	-0.092237	0.110739	-0.025081	-0.113556	-0.171180	0.052395	-0.162726	0.011927	-0.059708	-0.026607	-0.140620	-0.057834	0.050963	-0.057355	0.098534	0.037324	0.126790	0.129932	-0.065454	-0.061345	-0.091404	0.105970	-0.139152	0.047791	0.094343	0.189116	-0.028528	-0.077127	0.080370	0.250057	-0.153441	0.090127	-0.005164	0.047040	-0.008433	-0.114827	0.021640	0.128545	-0.117119	0.023437	-0.046221	0.102858	0.095774	-0.142885	0.040089	0.058650	0.027605	0.062369	-0.066730	-0.013969	-0.059107	-0.016293	0.002673	0.033555	-0.056130	-0.022274	-0.057475	-0.133396	0.012581	-0.164901	0.073967	0.011269	0.060365
chr21:43793402-43796800	0.634587	0.064340	-0.705011	0.018504	-0.032045	0.452259	-0.154155	0.056053	0.139726	-0.090136	0.355224	0.172265	-0.171226	-0.094799	0.067316	0.049428	0.194411	0.147650	-0.154637	0.175525	-0.053690	0.097082	0.029133	0.116125	0.182538	-0.227203	-0.018202	0.031063	0.043941	-0.141736	0.188174	-0.225730	-0.011420	0.083139	0.103109	-0.016951	0.158592	-0.065827	-0.047209	0.034975	-0.000094	0.048847	0.146819	-0.000655	-0.174421	-0.094301	-0.143308	-0.240776	0.139761	0.004918	-0.120394	0.065863	-0.087923	0.079697	0.014183	0.024043	0.004940	0.105288	0.027442	0.035350	0.094557	-0.144027	-0.179838	0.019916	-0.145853	-0.064184	0.093707	-0.030687	-0.037721	0.009187	0.039572	0.183167	0.002153	-0.130570	0.069891	0.044391	0.027889	-0.026763	0.102875	-0.002579	0.078081	0.145603	0.066117	-0.021466	0.114987	0.085085	-0.152791	-0.053228	-0.062276	0.056965	0.032951	-0.010196	0.239870	-0.003135	0.040344	0.167688	-0.104165	0.021796	0.052430	0.015430	0.072277	-0.029148	0.127344	-0.008275	-0.036748	0.073652	0.041937	-0.068015	0.062469	-0.025305	-0.054584	0.100978	-0.077429	0.036645	-0.193906	0.036529	0.022291	0.142159	-0.190607	-0.077377	0.124391	-0.078436	0.019076	-0.046936	-0.110283	0.202419	0.244967	0.008816
chr10:123330602-123341000	0.684300	-0.724050	0.266442	0.006750	-0.227159	-0.123804	0.193055	-0.094112	-0.016297	-0.260993	-0.128010	-0.101019	0.222505	-0.016974	0.125065	-0.036918	-0.019439	-0.054241	-0.192867	0.089404	0.115864	-0.139698	-0.091704	-0.019621	-0.094956	0.139196	-0.147251	-0.140897	0.146977	0.016524	-0.171009	0.105151	-0.374907	-0.017129	-0.056553	0.118174	0.121694	-0.028414	0.039446	-0.051663	-0.009095	0.113517	0.014599	-0.058286	-0.047670	0.033051	-0.088966	-0.045157	0.002998	0.150404	0.003232	-0.062415	0.320464	0.276449	-0.074664	-0.130412	0.038107	0.052722	0.031810	-0.076534	-0.080176	-0.017743	-0.051445	-0.019489	0.045728	0.149415	-0.104117	0.105063	-0.035093	0.107061	0.076510	-0.143570	-0.034884	-0.154890	0.010742	0.034315	0.065185	-0.003673	-0.008490	-0.007690	0.119987	-0.047635	0.007908	0.137308	-0.132760	0.119497	0.066971	-0.045913	0.024282	0.037140	-0.036612	0.082247	0.127812	-0.016754	0.059508	-0.114947	0.075210	0.095354	0.056250	-0.001874	-0.035241	0.106180	-0.102911	-0.118028	-0.056327	0.075937	-0.094790	0.130812	-0.041674	-0.026680	-0.132221	-0.048563	-0.127625	-0.175016	0.134404	0.059268	0.006971	-0.075418	-0.043669	0.011036	-0.105514	-0.005650	-0.199640	0.121653	0.020852	-0.183305	0.059815	0.013181
chr16:52586002-52588400	0.847748	0.235881	0.020557	0.096249	0.214840	0.055242	0.118231	0.076530	-0.144345	0.022355	-0.272843	0.162811	0.176642	0.199247	-0.008690	-0.112846	-0.048523	-0.259365	-0.347736	-0.176204	0.004125	0.088197	-0.242555	-0.037306	0.167862	0.068788	0.113399	-0.114465	0.195099	-0.007073	-0.005972	-0.004502	0.038114	0.162880	-0.038021	-0.256137	-0.156042	0.039236	0.021351	0.033971	-0.006129	0.092070	-0.071294	0.126437	0.126276	0.029967	0.042598	-0.066158	0.027831	0.095933	-0.117026	-0.037537	-0.160608	0.028154	0.038770	0.014239	-0.056818	-0.076437	0.119914	-0.051096	0.022326	0.206679	0.131575	0.093931	-0.166445	-0.076577	-0.077486	0.050157	0.132011	0.134641	0.073938	0.065083	0.014839	-0.121661	-0.137849	-0.036774	0.019022	0.060886	-0.063807	0.072596	-0.059358	-0.107801	-0.242697	0.095549	0.207570	-0.007928	0.025197	0.083086	-0.073722	-0.080821	0.106767	-0.074354	0.011590	0.047532	-0.092042	0.022970	-0.030608	0.110306	0.041500	-0.024876	0.070564	0.079691	-0.026832	0.065346	-0.123050	0.037193	0.014461	-0.138342	0.064840	-0.082263	0.120256	-0.091413	0.091758	0.046098	-0.117421	0.042593	-0.097870	-0.213523	-0.066936	0.050830	-0.079666	0.032313	0.164815	-0.008811	-0.139921	0.000347	-0.029244	0.011550
chr10:123348002-123356600	0.980381	0.180025	-0.411545	0.101498	0.288550	0.274461	-0.009089	0.132343	0.031906	0.046153	0.134251	-0.103978	0.152162	0.108798	-0.085745	-0.048170	-0.111935	0.108001	-0.057143	-0.081927	0.141140	-0.002095	0.137756	-0.007483	-0.086985	0.021191	-0.140559	0.305572	0.057972	0.249090	-0.092402	-0.091226	-0.026522	-0.172702	-0.064645	-0.113492	-0.017158	-0.094751	-0.013954	-0.051563	-0.078067	-0.090314	-0.090705	-0.142591	0.068384	0.180643	-0.082432	-0.085867	0.011435	0.043664	-0.027142	-0.283351	0.014559	-0.179442	0.228298	-0.163448	0.121913	0.058023	-0.173066	-0.140954	-0.041790	-0.236128	-0.052400	0.005863	0.196403	0.237707	-0.044167	0.066460	0.110621	-0.015097	-0.026634	-0.026982	0.220127	0.046222	-0.050815	0.119898	-0.018660	0.113300	-0.001203	-0.120289	0.056554	-0.061085	-0.027629	-0.051936	-0.094982	0.062886	-0.037103	-0.127207	-0.172004	-0.108159	0.150787	-0.060308	-0.000694	-0.249261	-0.054673	0.045487	-0.106670	0.104380	0.002030	0.048772	-0.128543	0.010635	-0.077402	-0.093874	0.178779	-0.086050	0.111126	-0.037220	0.156716	0.031662	-0.004065	0.134239	0.001013	0.013861	0.071266	0.059997	0.091869	-0.173859	0.147936	0.194117	0.016265	-0.053702	0.030505	0.106494	-0.074286	0.017497	-0.041440	-0.100359
chr5:56029202-56034400	1.141455	0.260938	0.071104	0.255781	-0.311304	-0.096915	0.188270	-0.256611	0.059344	-0.213539	0.001319	0.157424	-0.013399	0.236391	-0.054074	0.056352	0.128066	-0.049503	-0.023892	0.188036	0.198457	-0.084417	-0.033138	-0.125385	0.154244	0.153442	-0.091694	0.314510	0.094080	0.237317	-0.049526	-0.076362	-0.137908	-0.104850	-0.041558	0.125402	-0.058407	-0.114722	-0.179263	-0.073917	0.082002	-0.097794	-0.139274	-0.064049	-0.346628	-0.027842	-0.024184	-0.216907	0.235915	0.014331	0.075397	0.090225	0.195534	-0.226118	0.022059	0.024762	0.108781	0.227506	-0.115223	0.017457	-0.126144	0.019396	0.016602	-0.050486	0.005970	-0.083401	-0.076976	0.071289	0.121989	0.093160	0.041134	0.054197	0.006620	0.238110	0.194912	-0.093721	0.148031	-0.123383	0.169326	0.050430	0.019187	-0.181769	-0.025361	0.039314	-0.080278	0.080758	-0.050190	0.003874	-0.121113	0.032179	-0.134111	0.090441	-0.021386	0.055758	0.017389	-0.193972	0.163591	0.080501	-0.011720	-0.141158	0.035441	0.116730	0.192791	-0.060392	-0.204347	0.200238	-0.076722	-0.090160	-0.003298	-0.108803	-0.062415	0.115861	0.052611	-0.003163	0.219705	0.016821	-0.047943	0.043817	0.113701	0.063164	0.027229	-0.136388	-0.071240	0.040181	0.068879	-0.088258	0.131585	-0.137920
chr16:52590402-52600200	0.856993	-0.662853	0.177318	0.142545	0.293794	0.377242	0.319884	0.262271	0.104237	-0.099791	0.003266	-0.055275	-0.029038	0.129926	0.219326	0.007762	-0.053491	0.049286	-0.012914	-0.055278	0.009554	0.137787	0.074673	0.001573	0.088621	-0.020674	0.109064	-0.179485	-0.175809	-0.054676	0.014342	0.140488	0.087368	0.014300	0.031664	-0.234052	-0.132759	-0.026980	-0.061649	-0.024369	-0.255769	-0.036765	-0.141468	0.110214	0.008764	0.166217	-0.144735	-0.227830	0.096135	-0.067860	-0.061688	0.083880	0.135585	0.027318	0.049875	-0.171139	0.256847	-0.000876	-0.062224	-0.033036	0.013332	-0.031646	-0.044249	0.003853	-0.052589	-0.155269	-0.229177	-0.082189	0.081883	0.116192	-0.159753	0.020113	-0.094939	0.103030	0.269840	-0.149158	-0.135880	0.144078	-0.268580	-0.008753	0.251062	-0.006254	0.029004	0.225414	0.046705	0.193732	0.001735	0.064518	-0.021285	0.067205	0.049915	0.136049	-0.103534	0.009729	0.016574	-0.032477	0.029029	-0.018406	-0.088731	-0.162823	-0.091008	0.156380	0.037143	0.024444	0.032925	-0.003884	0.037830	0.155391	-0.132224	-0.028849	0.105577	0.144599	0.047859	-0.064302	0.018447	0.070484	0.042331	0.057155	-0.076874	0.067055	0.024645	-0.109992	0.149606	-0.177437	0.004813	-0.086185	0.156032	-0.004752
chr6:86223053-86225053	0.775905	0.304316	0.360255	0.129248	-0.346663	0.190002	-0.525010	0.153147	-0.167267	0.002952	-0.067473	0.141690	0.051350	-0.250269	-0.068337	0.210866	-0.370362	-0.136491	0.049499	0.113583	-0.086042	0.361830	0.056165	0.043909	0.223245	0.131902	-0.239683	0.054380	0.036812	0.106138	0.122478	-0.248039	-0.211519	-0.145551	-0.038256	0.159138	0.149492	0.064901	-0.129902	-0.095823	-0.197896	-0.026687	0.028042	-0.176857	-0.024382	-0.018670	-0.200601	0.349194	-0.156193	0.060134	-0.277014	-0.099168	0.077514	-0.092576	-0.055119	-0.136037	-0.258267	0.212370	0.349902	0.024460	0.024185	0.156743	0.100768	-0.020756	0.051509	0.134421	0.098381	-0.050714	0.167523	-0.011181	-0.018182	0.087411	0.028349	-0.043683	0.093515	0.053569	-0.007005	-0.036198	-0.051853	-0.104369	-0.008275	-0.043283	-0.127485	-0.102525	-0.015707	0.030054	-0.088851	-0.070137	0.035912	0.159677	-0.059130	0.003155	0.138498	-0.174006	0.009301	0.209480	-0.032859	-0.096577	-0.172110	-0.271358	0.053691	0.065993	0.174248	0.004005	0.084410	0.012023	-0.068908	0.068172	-0.051591	0.103111	0.041000	0.032698	0.263259	0.201801	-0.083824	0.075288	-0.001867	0.034684	-0.031880	0.000226	-0.096714	-0.186410	-0.003572	-0.045953	-0.156253	-0.063978	0.107315	0.020854
chr6:151948602-151950000	-0.015532	0.442101	-0.149743	0.046289	0.395657	0.063105	-0.155172	-0.008410	0.102289	0.191496	-0.105602	-0.355185	0.137585	0.185120	-0.032010	0.066521	0.000982	0.135287	0.042040	0.085031	-0.065787	0.037462	-0.091959	0.279152	0.036105	0.194446	-0.043479	0.105879	0.084097	-0.010064	-0.120677	-0.291782	0.028997	-0.169932	0.308900	0.104962	-0.191568	-0.003470	0.360426	0.023110	0.128030	0.018918	-0.126810	-0.079309	-0.194562	-0.096129	-0.205759	0.326612	-0.118227	-0.190406	-0.086475	0.067803	-0.061618	0.055793	-0.023808	0.309069	0.093041	-0.000213	0.265469	-0.151539	-0.002297	-0.175215	0.004748	0.052652	0.074880	-0.151182	-0.017912	0.068214	0.029510	-0.106101	-0.011602	0.094429	-0.164726	-0.173968	-0.067452	-0.067382	-0.005473	0.314656	-0.011636	0.211013	0.026899	-0.030143	-0.193246	0.163212	-0.046434	0.032126	0.060560	0.035218	0.116150	-0.013302	0.123565	-0.004584	-0.000967	0.060488	-0.054897	0.111100	0.187271	0.026282	-0.126446	0.019362	0.077860	-0.292264	-0.008473	0.017798	-0.177150	0.132889	-0.022662	-0.092577	-0.038489	0.008836	-0.094438	0.135492	-0.061791	-0.142236	0.132450	-0.090280	-0.103409	-0.026941	-0.063835	0.041221	0.041660	-0.097096	-0.029924	0.108310	-0.061453	0.011387	0.015078	0.019358
chr2:217908802-217915800	0.113157	-0.372840	-0.611102	-0.157553	0.094405	0.006415	-0.046802	-0.153205	-0.048153	0.152345	-0.221113	-0.142505	0.011274	0.228712	-0.099144	0.142476	-0.051183	-0.128027	0.085179	-0.203095	-0.076005	-0.027637	0.295684	-0.010725	-0.106867	0.154653	-0.100995	-0.054594	-0.132930	0.081056	-0.156097	-0.084538	0.075529	0.024137	0.134654	0.002788	0.032132	-0.134157	0.058540	-0.093994	0.068206	-0.165557	0.034939	0.000040	-0.047745	0.121397	-0.013748	-0.117004	-0.261907	0.023461	0.116907	0.001441	0.143608	0.096333	0.031469	0.164580	0.064687	-0.063237	-0.082894	-0.169057	-0.062469	0.064605	0.037373	0.132234	-0.023347	0.024477	-0.124195	-0.039168	0.022002	0.142339	-0.043358	0.170773	0.085699	0.095403	-0.116742	0.045010	0.089080	0.097386	0.012438	-0.098437	-0.025449	-0.094499	0.027411	0.190435	0.101250	-0.155098	0.069921	0.193297	-0.200875	-0.029989	-0.096619	-0.100050	0.158348	-0.107039	-0.042344	-0.035742	-0.102185	0.177367	-0.073046	-0.157881	0.101861	0.068336	-0.091095	0.112642	0.176682	-0.038136	-0.213745	0.110470	-0.049431	-0.004818	-0.052990	0.008431	-0.100706	-0.069116	0.164826	0.057297	0.005623	0.032379	0.001743	-0.020802	-0.080706	-0.110846	0.085745	-0.118481	0.077965	0.073290	0.081084	0.075161
chr6:86205202-86205800	-0.697258	2.612859	0.194879	-0.124891	0.555222	0.392403	0.205790	-0.073476	0.191080	-0.238832	0.199768	0.117189	0.027455	0.025233	-0.016630	0.171056	-0.118789	0.301722	0.254417	-0.000967	-0.049577	-0.015908	0.306260	0.029854	0.019586	-0.104989	-0.053133	-0.064502	-0.036561	0.164331	0.069631	0.165119	-0.184245	0.161617	0.072006	0.115532	-0.154069	0.306083	0.048028	0.001041	-0.049671	-0.253037	-0.090643	-0.112030	-0.111508	-0.246302	0.048720	0.142235	-0.161498	0.226381	0.092771	-0.143250	0.399463	-0.163418	-0.350066	-0.283656	-0.087096	0.078381	0.081018	-0.283198	-0.018792	0.339395	0.004047	-0.125796	-0.123758	-0.292994	0.051467	0.028263	-0.060866	0.160580	-0.122300	-0.326221	-0.091995	-0.033136	-0.272278	0.214225	-0.116788	0.089549	0.060649	0.058423	0.126026	0.023928	0.122923	-0.065768	-0.039320	-0.012291	0.237933	0.063860	-0.215589	0.042773	0.104943	0.001448	0.132273	0.081631	-0.047462	-0.043972	0.067121	0.183850	-0.063980	0.018762	-0.043759	0.007932	-0.111155	-0.048143	-0.029171	-0.019246	-0.042956	-0.001815	0.191740	-0.065221	0.068039	0.039783	-0.018985	0.060080	0.073539	0.198357	-0.120250	-0.113270	-0.203323	0.020729	-0.178401	0.136542	-0.026405	-0.046263	0.000056	-0.094750	-0.020547	0.028851
chr6:152431802-152435400	0.601158	-1.339848	0.321629	-0.047924	0.225522	0.009393	0.104317	-0.033221	0.038219	-0.054751	0.064392	0.025776	0.211318	-0.208448	0.049004	-0.013091	0.026483	-0.181484	0.041493	-0.178217	0.012580	0.190159	-0.184291	-0.102075	0.051685	-0.044999	-0.010337	0.034860	-0.094640	-0.113667	-0.066206	0.037272	0.225049	0.075397	0.027534	0.063920	-0.091993	-0.025034	-0.171322	-0.010087	-0.116917	-0.022543	0.057229	0.133438	-0.043491	-0.117476	0.193475	0.079471	0.024925	0.135831	-0.061678	0.062154	0.103674	-0.054886	0.085984	-0.079228	0.070290	-0.043576	0.037782	-0.092407	0.058975	-0.095775	-0.059146	-0.125555	-0.069444	-0.046838	-0.170251	0.004326	-0.057767	0.157376	-0.094796	-0.153851	-0.138714	-0.021954	0.086937	-0.058801	-0.135221	0.011096	0.133628	-0.015553	-0.013821	-0.162377	0.070488	-0.072236	0.006465	-0.019687	0.065508	-0.053504	-0.217766	0.186235	-0.039307	-0.109361	0.030859	-0.124549	-0.006295	-0.079090	0.024752	-0.124713	0.051392	-0.107773	0.026102	0.119855	0.007796	0.105352	0.017789	-0.006776	-0.038343	-0.069664	0.032291	0.178449	-0.116823	0.002207	-0.076835	0.039453	-0.038688	-0.102829	0.033498	0.040371	0.041505	0.108694	0.044507	-0.126536	-0.050825	-0.002618	0.058049	-0.028192	0.037191	0.223927
chr6:151953002-151954000	-0.394728	0.026991	0.198676	-0.168893	0.130705	0.061007	-0.035257	-0.400629	0.063994	-0.022383	0.226679	0.110194	-0.157147	0.381464	0.130407	-0.086137	-0.137493	0.057546	0.015400	-0.028005	0.052912	0.014761	0.088197	-0.151688	0.034960	0.052929	-0.058762	0.127355	-0.196708	-0.119797	0.027531	0.056396	-0.106070	0.253136	-0.016554	-0.097158	0.067633	0.095663	-0.034151	0.046511	0.133508	-0.097303	-0.093239	-0.188428	0.079500	0.049110	0.233445	0.008144	0.108035	-0.194216	0.020160	-0.150926	-0.186843	0.009681	-0.058356	-0.222802	-0.046792	-0.083387	-0.014465	-0.266623	0.157193	-0.040793	0.163214	0.037531	0.265465	-0.140358	-0.059607	-0.029061	-0.075181	0.094706	-0.018253	-0.158488	0.042086	0.083910	-0.054295	-0.111923	0.098264	-0.075008	-0.072909	-0.037451	0.085969	-0.067837	-0.006681	-0.028437	-0.149264	-0.080580	-0.165875	0.103660	-0.112270	-0.154759	-0.209642	0.106475	-0.025363	-0.278412	0.105862	0.285535	0.086296	-0.162860	-0.001692	0.049436	0.142253	0.040321	0.107989	0.121152	-0.002506	-0.098660	-0.101441	-0.093876	0.071994	0.006499	0.140518	0.069163	-0.006366	0.064966	-0.056784	-0.084505	0.001503	0.057284	-0.048517	-0.043799	0.046591	0.135611	0.095647	0.023242	-0.202684	0.130131	-0.000711	-0.004457
chr6:86246799-86248799	0.354458	-0.933989	0.191363	0.000682	0.123680	0.053971	0.018806	0.095963	0.120355	0.159393	0.124847	0.138743	0.039741	0.068802	-0.036787	0.072115	-0.090309	-0.185388	-0.116319	-0.293250	-0.183227	0.019792	-0.185651	0.135537	-0.022790	0.109425	0.146594	0.129348	-0.136723	0.212726	0.094585	-0.018775	0.013824	-0.049827	0.005383	-0.048979	-0.187510	0.074600	-0.140869	-0.167107	-0.003832	0.024533	-0.085520	0.070171	-0.174645	-0.015087	0.126195	0.168302	-0.078206	0.003062	0.133953	0.147219	0.018446	-0.117904	0.110102	-0.115584	-0.102591	-0.159017	0.055366	0.138940	-0.050547	0.129543	-0.213013	0.135225	0.252074	-0.272316	-0.098878	0.015720	-0.056980	-0.069233	-0.161944	0.035049	0.062515	-0.130107	0.205449	-0.068350	0.010291	-0.034823	-0.043142	0.021389	0.041549	-0.143392	-0.097125	0.055916	0.085901	-0.079496	-0.051247	0.022711	-0.068372	0.093238	0.146842	-0.039454	0.012120	0.060100	-0.112163	0.046827	-0.201006	-0.037600	-0.088626	-0.111900	0.144557	0.010324	-0.061434	-0.137994	0.065769	-0.056279	-0.037699	0.163847	0.066986	-0.148249	0.008425	-0.038462	-0.024573	0.064685	0.141274	0.080732	0.227687	0.034913	0.009120	0.083432	-0.079851	0.045072	-0.019065	0.100784	0.087816	-0.002754	-0.054272	-0.064709
chr7:982022-987232	0.256259	0.243170	-0.875390	-0.061392	-0.034930	0.395986	0.099160	0.116519	-0.040231	-0.103627	-0.112633	-0.025995	0.006005	-0.041579	-0.127245	-0.148615	0.097595	-0.042204	-0.021214	0.005646	0.074390	-0.024745	0.066028	-0.035059	-0.065863	0.078105	-0.127481	-0.022849	-0.153484	0.022938	-0.114349	-0.146704	0.004663	0.103959	0.049911	-0.104681	-0.013144	-0.050373	0.099667	0.069137	0.177797	-0.033613	0.025196	-0.035848	-0.049099	0.006859	0.001026	0.101749	0.061952	0.050687	0.084171	-0.073582	0.011668	-0.121583	-0.087348	0.014913	-0.056232	0.054802	-0.158927	0.029627	-0.084732	-0.092309	-0.108065	0.136613	0.001641	-0.131195	0.121741	-0.061253	0.162954	0.005926	-0.007936	-0.081737	0.084465	-0.084368	0.066842	0.067354	-0.132033	0.169655	0.077959	-0.006269	-0.032150	-0.052944	-0.052431	0.057414	0.022383	-0.011834	-0.018778	-0.116019	0.059356	-0.093228	0.017683	-0.049389	0.006536	-0.003200	0.107030	-0.096954	0.036542	0.173578	0.068860	0.033144	0.031574	-0.044947	-0.048392	0.027630	0.010049	-0.083479	-0.054529	-0.046157	0.089766	0.018743	-0.122111	0.028042	-0.106085	0.077025	-0.087462	-0.051582	0.215152	0.035265	-0.112214	0.174281	0.052814	0.049171	0.036429	-0.042017	0.037623	-0.064341	-0.182951	-0.142784
chr20:46596925-46629770	0.779449	-0.309648	0.200556	0.048562	-0.218741	-0.094453	-0.005138	0.061780	-0.010769	0.091504	0.100107	0.043201	-0.018464	-0.054448	-0.098583	-0.021876	-0.154032	-0.067497	-0.140728	0.028562	0.232201	-0.133975	0.034837	0.120280	-0.113541	0.105583	0.019485	0.267598	0.129232	-0.016830	0.020989	0.039007	-0.106599	-0.010850	-0.050363	0.105196	-0.086761	0.094046	0.219030	0.048130	-0.010604	-0.137688	0.095901	-0.008066	-0.015739	-0.042826	-0.023917	-0.092034	-0.089680	0.034058	-0.109785	-0.004959	-0.041202	0.042282	0.127653	-0.084670	-0.028131	0.025052	-0.144494	0.099004	0.082899	-0.022278	0.006584	-0.041506	-0.212413	-0.190442	-0.146220	-0.079215	-0.017119	0.015916	0.083960	0.058334	0.126966	-0.185573	-0.148602	-0.063563	0.035931	-0.111896	-0.064673	0.129343	0.188387	0.163610	0.003154	-0.142956	-0.007716	0.045230	0.042801	-0.197395	0.092014	0.020700	-0.106144	-0.035989	0.165122	0.201521	0.029970	0.147285	0.095693	-0.148996	-0.003767	0.070317	0.094296	0.004540	-0.041749	-0.005233	-0.082892	-0.113875	-0.145378	0.121411	-0.001833	0.042374	-0.005067	0.247222	0.054804	0.089891	-0.009946	0.008305	-0.108172	-0.066828	-0.011062	-0.013300	-0.058551	-0.078767	-0.011878	0.067110	0.003550	-0.071645	-0.209199	-0.115976
chr20:46607484-46625994	0.714837	-0.207916	-0.042357	0.121375	0.025178	-0.144971	-0.041764	0.175894	-0.020934	-0.245348	-0.003666	0.073766	-0.159194	-0.124399	-0.083305	-0.321961	-0.034294	0.107609	0.131785	0.003294	-0.249490	0.044052	0.033523	0.165752	-0.043746	0.104936	0.024796	-0.192681	0.053231	0.112376	0.199685	0.099614	0.063630	0.270560	-0.144008	-0.136242	-0.044792	-0.000102	-0.098193	0.007190	-0.033302	-0.133612	-0.061441	0.094637	0.027985	-0.049602	0.111809	-0.020049	0.002583	0.246639	0.071902	0.133878	-0.182685	0.113317	-0.021872	-0.181389	-0.015968	0.088922	0.114932	0.119115	-0.121334	-0.094612	0.172310	-0.024548	-0.179884	0.138208	0.011102	-0.001151	0.018167	0.184735	-0.040550	0.022170	-0.175482	-0.166378	0.027988	-0.158148	0.033876	0.001436	-0.047162	-0.101398	0.196500	-0.077020	-0.037232	-0.067834	0.007172	0.062638	0.103929	-0.053143	-0.033791	0.097784	0.122931	0.067094	0.076172	-0.004705	0.139781	0.029831	0.203284	0.130519	0.150170	-0.030507	-0.077091	-0.145320	0.025100	-0.065644	0.172105	-0.074078	-0.065656	0.140019	0.014093	0.124316	0.064175	-0.220028	0.020344	-0.028140	0.023566	-0.113275	0.036407	-0.023072	-0.093517	-0.008509	-0.047384	0.159795	0.110546	-0.037510	0.044217	-0.006930	-0.162132	-0.063210
chr20:52746491-52752686	0.870707	0.164307	-0.147278	-0.029835	0.297419	-0.416086	-0.006757	0.177896	0.030025	-0.112587	0.112445	-0.035073	0.075821	-0.012827	0.081563	-0.009888	-0.087684	0.033100	-0.000446	0.127519	-0.067114	0.074025	0.007304	-0.151069	-0.024335	-0.061499	-0.008531	0.006345	-0.067201	-0.076235	0.119868	-0.130248	-0.221080	-0.167475	-0.022334	-0.114605	-0.132408	-0.280459	0.071981	-0.143477	-0.043799	-0.114589	0.111587	0.102341	-0.122089	0.039807	-0.010474	-0.115856	0.096463	-0.081456	0.092285	-0.145699	-0.156100	0.050914	-0.023393	0.045979	0.096451	0.099439	-0.046979	-0.029911	0.158336	0.092750	-0.133755	-0.219852	-0.075592	0.117070	-0.055694	0.055924	0.038947	0.058364	0.056505	-0.104978	0.080602	-0.069070	0.105142	-0.281254	-0.019166	-0.091811	0.000495	0.119977	-0.049891	-0.017534	0.011689	0.088996	0.244626	0.070483	-0.123092	-0.151090	-0.283189	-0.100463	0.169041	0.061222	-0.058817	0.137548	-0.061114	-0.125189	0.114777	0.109370	-0.094734	-0.067027	0.077996	0.104776	-0.140966	0.090566	-0.088369	0.018137	0.027396	0.225793	-0.035880	0.054680	0.134558	-0.014391	0.042331	0.024642	0.075227	0.062250	-0.056698	0.118826	0.050827	-0.026673	-0.007887	-0.092897	-0.012274	-0.007288	0.064768	-0.047760	-0.203945	-0.072582
chr20:46600794-46602794	0.392542	-0.050782	-0.207394	0.077526	-0.429137	0.020710	0.025864	0.031802	-0.144716	-0.177318	-0.008316	0.199853	-0.015722	0.024223	-0.010387	0.068841	-0.046322	-0.014809	0.060215	0.063133	0.000818	-0.081056	0.007878	-0.059356	0.048383	0.170377	0.174666	-0.017071	-0.059245	0.071427	0.158622	0.328389	-0.032608	0.170913	-0.033729	-0.047614	-0.156622	-0.276627	0.032572	-0.210799	-0.171815	-0.140597	-0.104531	0.081622	0.001834	0.003663	0.152498	0.170251	-0.187937	0.018554	-0.002384	0.009122	0.033705	0.042556	0.080916	-0.030460	-0.075359	0.089325	-0.035567	-0.008214	-0.189519	0.052130	0.133665	0.084163	-0.106308	-0.099305	0.099153	0.026760	-0.151948	0.048880	0.081888	-0.217791	-0.016495	-0.049874	0.307852	0.007879	-0.011441	-0.091154	-0.000407	-0.105467	-0.040245	0.019114	0.104105	-0.170751	-0.029712	0.021284	-0.088467	0.122140	-0.025499	-0.043647	0.056747	-0.085782	0.048820	0.080089	-0.084833	-0.144056	0.035838	0.026705	-0.114191	-0.184545	0.090865	0.055966	-0.135417	-0.118741	-0.138346	0.019520	-0.028249	-0.102917	0.014580	-0.026436	-0.035759	0.025644	0.035808	-0.102896	0.094792	-0.151995	0.139407	0.020169	0.039493	0.080081	-0.039420	0.095272	0.044927	-0.143293	0.060742	-0.028017	-0.021447	0.110694
chr20:46471574-46474237	0.812203	0.617853	0.117131	0.027757	0.185799	-0.438740	-0.158279	0.068318	-0.104864	-0.102199	-0.234709	0.017858	0.074069	0.165756	0.129079	-0.158142	0.083358	-0.018943	0.078434	-0.066450	0.066662	0.072149	0.139527	0.008437	-0.124148	-0.093935	-0.057439	-0.093778	0.215465	0.057444	0.257308	0.038849	0.009570	0.086098	0.024960	-0.136544	-0.213681	-0.080494	-0.057628	-0.147338	-0.091922	-0.214272	-0.183288	0.255410	-0.113205	0.071238	0.061081	-0.114568	0.099683	0.144157	-0.025203	-0.013832	0.122221	0.112095	-0.082657	0.141280	-0.043218	-0.027709	-0.103384	0.119544	0.104689	0.004206	0.007105	-0.072447	-0.018859	-0.088241	-0.060368	-0.026395	-0.046399	0.040257	-0.015945	0.044714	0.160953	-0.030328	0.007041	-0.004860	0.039509	-0.020697	-0.139435	0.113580	0.020577	0.039042	0.099691	-0.060039	0.001814	-0.064464	0.173277	0.048972	0.102914	-0.032372	-0.141462	0.128222	-0.001203	-0.035389	-0.080046	-0.001609	-0.066581	-0.027532	0.057259	0.025886	0.183880	-0.009048	-0.109626	-0.071159	0.029109	0.030362	-0.069921	-0.124312	-0.215897	0.221497	-0.001585	-0.090259	0.098209	-0.052428	-0.088119	0.027644	-0.141468	-0.086501	-0.074601	-0.052790	0.016596	0.050217	0.064250	0.092055	0.003076	-0.043817	0.179948	0.166772
chr20:46308194-46310194	0.313049	0.594918	-0.658361	0.036621	0.395924	0.186532	-0.113708	0.098722	0.297447	-0.050881	0.110339	0.002221	-0.135100	0.089009	0.251985	0.023043	-0.204580	0.019871	0.106626	0.167445	-0.013187	-0.019004	0.351133	-0.154158	0.089540	0.065288	0.017357	-0.034666	0.391487	0.132196	-0.293599	0.097472	0.238804	0.027479	0.200981	-0.095779	0.349635	0.037685	0.100158	0.027004	0.144304	0.133726	-0.045779	0.004812	-0.152572	0.050799	0.037856	-0.032215	-0.145552	-0.172052	0.081183	0.211549	0.010678	-0.020744	-0.052879	-0.029164	-0.023534	0.048410	0.082411	-0.093518	-0.065304	-0.014049	0.011169	-0.003333	-0.106052	0.058871	-0.149922	-0.022918	0.032391	0.013334	-0.067151	-0.047185	-0.094698	0.037900	-0.169257	0.102577	0.033594	0.020378	0.005266	-0.142572	0.179218	0.083185	0.118168	0.045107	0.071369	0.015397	-0.160773	-0.061625	0.125099	0.027594	0.092389	-0.127363	-0.029241	-0.004630	-0.019175	-0.028077	-0.065808	-0.054760	-0.094121	0.039872	0.015723	0.112210	0.034236	0.073107	-0.037485	-0.203068	0.197046	-0.040183	0.038243	0.053427	0.087821	0.083073	0.101123	-0.013737	-0.042277	0.204200	0.005736	-0.040760	0.057879	0.116414	-0.033031	-0.255127	0.046185	-0.028726	0.089637	0.014093	0.097074	0.068240
chr20:46829594-46831594	0.456302	0.092474	-0.095036	-0.030550	-0.213696	0.195447	0.206427	0.005085	0.045943	-0.107070	-0.026299	-0.054770	-0.012817	-0.156006	-0.029925	0.070639	0.070813	0.056353	0.126484	0.009528	0.106324	0.020706	-0.002723	-0.069827	-0.095088	0.030741	0.009614	0.059195	-0.123471	0.096822	0.083164	0.009859	-0.204332	0.010055	0.008423	-0.103239	0.196760	-0.037568	0.000221	0.004756	-0.076302	0.020484	0.141424	0.012567	-0.083005	0.030632	-0.108895	0.094441	-0.103842	-0.086979	-0.054339	0.087220	0.080539	0.025113	0.002608	0.147445	0.172057	0.012269	-0.160614	0.006306	-0.066644	-0.025210	0.063704	-0.011674	-0.291501	-0.079324	0.080648	0.079347	0.105514	-0.315692	-0.096024	0.040006	-0.113851	-0.145938	-0.215367	-0.093079	0.047518	0.110358	-0.187074	-0.033980	-0.131623	-0.016240	0.186238	-0.175228	-0.009956	-0.055898	-0.055722	-0.251484	0.026572	0.168001	-0.003407	-0.165357	-0.091212	-0.128791	-0.055632	-0.081087	-0.011523	0.089754	0.124757	0.259392	0.190483	0.152810	0.100575	0.022409	0.044488	-0.041984	0.110697	0.115437	0.006299	0.039875	-0.109687	0.039875	-0.065845	0.186234	0.025631	-0.048110	0.023230	-0.094733	-0.043273	0.046232	0.142559	0.031539	0.016778	-0.008456	-0.064170	0.024183	-0.027303	0.151864
chr20:46774657-46824217	0.885051	0.050455	-0.031957	0.137523	-0.172544	0.014289	0.214112	0.212660	-0.069480	-0.057488	-0.032252	-0.179811	-0.033411	0.134948	0.183093	0.116072	0.192607	-0.188447	-0.092518	-0.067868	0.130776	-0.089848	0.157726	-0.072238	-0.052967	0.134570	0.008908	0.132329	-0.095725	-0.128549	0.048531	0.233351	-0.064033	0.037852	-0.122336	-0.237674	0.075399	0.100698	-0.080239	0.069914	-0.132108	-0.015343	0.212507	0.043494	0.025772	0.214778	-0.137201	0.281075	-0.086503	-0.126438	-0.227964	-0.062431	0.130364	-0.170600	0.016194	0.114590	0.086933	-0.138898	-0.078728	0.160629	0.166962	0.008125	-0.175424	-0.054944	-0.065545	0.019926	0.073461	-0.140104	-0.046308	-0.047045	0.052996	-0.145725	-0.026238	0.084679	-0.083478	0.046611	0.024385	0.088838	0.087094	0.034480	0.042260	-0.159581	-0.048869	-0.189091	-0.174830	-0.182408	-0.082182	-0.149380	0.009850	0.112874	0.067557	-0.063866	0.067960	0.082820	0.287230	-0.108935	0.027277	0.123641	-0.196049	-0.052408	0.047086	0.014096	-0.010456	-0.021176	-0.015979	-0.085088	0.121758	-0.013930	0.098787	-0.119862	-0.001689	0.109645	0.061992	-0.069648	0.051501	-0.069257	0.103393	0.056274	-0.142644	-0.009769	-0.094287	-0.003277	-0.019109	0.160806	0.063903	0.037552	0.009448	-0.034004
chr20:46795661-46801089	0.887933	0.153031	0.120962	0.212517	-0.074296	-0.022138	0.126772	0.122744	0.107637	-0.009640	0.124874	0.121049	-0.023921	-0.158547	0.075720	-0.157040	0.062577	-0.230220	-0.064659	0.050032	-0.105421	0.051688	-0.056354	-0.034369	-0.001832	0.242447	0.089195	0.001898	-0.075919	0.019195	-0.100099	-0.153255	-0.097278	-0.109981	0.021915	-0.047583	-0.081751	0.177293	-0.063568	0.012244	-0.024048	-0.180186	-0.089112	0.030442	0.040972	-0.070710	0.099954	-0.148401	0.031720	0.099024	-0.078941	-0.096924	-0.206782	-0.033599	-0.018687	0.006660	0.053165	0.133685	-0.115501	-0.063966	0.037111	0.129641	-0.071016	-0.059930	0.010380	0.098507	-0.016714	-0.038529	0.049396	0.017811	-0.093653	0.091431	-0.060505	0.068877	-0.203670	0.069550	0.017649	0.061004	0.126153	0.028569	-0.103058	-0.095612	-0.229501	0.092549	0.080827	-0.142328	0.026219	0.096946	0.075501	-0.003621	0.032647	-0.067774	0.137854	0.017849	0.050797	-0.013617	-0.062920	0.044727	-0.065268	-0.024853	0.086862	-0.046641	0.125387	-0.056175	0.070286	-0.087119	0.058515	0.096179	-0.055745	-0.054367	-0.180094	-0.092342	-0.044130	0.116291	0.014419	-0.094659	-0.089030	-0.040257	-0.034253	-0.116877	-0.052813	-0.039560	0.201571	0.025053	0.081442	-0.061906	-0.111265	-0.014777
chr20:47364594-47366594	0.473905	1.110327	-0.063250	0.211765	-0.640153	0.107933	0.495521	-0.104594	-0.054023	0.010243	0.203715	0.117484	-0.081055	0.053684	0.041645	-0.063973	0.040241	0.045611	0.053182	0.199224	-0.130008	0.191373	-0.014297	0.029080	-0.028111	-0.123988	0.072437	0.017442	-0.066530	-0.079698	0.102047	-0.040016	-0.087245	-0.145149	0.012000	-0.134936	0.086874	0.030637	-0.057435	0.015946	-0.061276	0.053331	-0.248613	0.198162	-0.176060	0.020029	0.100765	0.002444	0.047368	-0.088831	0.025306	0.032215	0.094139	0.020962	0.187644	0.069312	-0.082416	-0.034476	-0.006697	-0.102836	0.075361	-0.059326	0.052536	0.005589	0.108194	-0.236428	0.198865	0.110895	0.123967	0.043570	0.055525	-0.013805	-0.144035	0.042746	0.016495	-0.150732	-0.043303	0.120134	0.050303	0.120558	0.004962	-0.017763	-0.013448	0.038968	-0.098964	-0.138106	0.150450	0.202372	0.014451	-0.036505	0.118198	-0.220506	0.067278	-0.047472	-0.188402	0.132007	0.076534	0.024610	0.156959	-0.034857	-0.073857	0.053333	-0.057530	0.085426	0.006114	0.070880	-0.115362	-0.098620	-0.065121	0.189118	-0.087079	-0.027398	-0.167707	0.074785	-0.107715	0.058022	0.057148	-0.040763	0.128682	0.164269	0.061352	-0.177893	-0.018988	-0.010966	-0.086564	-0.054410	-0.088075	-0.061236
chr20:46686594-46688594	0.597516	1.260267	-0.115462	-0.119605	0.352356	-0.139221	0.263821	0.160671	-0.038696	0.022927	-0.066404	-0.001934	0.039728	0.151858	-0.039056	-0.032326	0.111320	-0.303293	0.150411	0.049384	0.056421	-0.027633	0.085061	0.064694	0.197075	0.146055	-0.051142	-0.050470	-0.029435	0.048075	0.096288	-0.123979	0.024267	0.262020	0.098391	0.011065	0.169775	0.081754	0.099810	0.095654	0.050393	-0.006797	-0.022878	0.059855	-0.140696	-0.013992	0.052075	0.125934	0.018552	0.032370	0.214958	-0.014280	-0.001839	0.048622	0.125461	-0.013837	-0.060701	-0.180420	-0.225908	0.009742	0.171030	0.093346	0.006647	-0.008091	0.097499	0.116916	-0.137007	-0.086910	0.005499	-0.114476	-0.097461	-0.088547	-0.110838	-0.056472	0.060320	0.109435	-0.012277	-0.111384	0.016000	0.051733	0.025584	0.111097	0.089934	0.005795	0.068853	-0.077916	0.035748	0.067825	0.040937	-0.044361	-0.174129	-0.096480	-0.079009	-0.157404	0.093990	-0.106587	0.144132	0.095277	0.029804	0.239378	0.166108	-0.256622	0.202258	-0.183163	-0.039274	-0.080142	0.075525	0.182149	0.079945	-0.041539	0.031288	-0.050162	-0.050666	0.100912	0.194986	0.016642	0.258536	-0.046882	-0.008600	0.021965	-0.057006	0.108383	-0.135443	-0.126536	-0.123999	0.145935	0.010941	0.027663
chr20:45989520-45989795	-3.315916	-0.144537	0.471593	-0.503444	0.099199	-0.053611	-0.012669	-0.122595	-0.107707	0.197566	0.285351	0.026071	-0.067181	-0.084353	-0.014342	0.095382	-0.025408	0.241403	-0.024253	0.201576	0.309593	-0.255196	0.135008	0.161338	-0.107543	-0.192183	0.229883	-0.104890	0.299964	-0.056437	0.025854	-0.046788	0.107840	0.136226	-0.087548	0.059849	0.324502	-0.197031	-0.093981	-0.163793	0.060281	-0.069693	0.281680	0.007825	-0.136156	0.112979	-0.026515	0.203049	-0.131614	-0.160118	-0.069936	0.276939	-0.222407	-0.213570	0.034869	-0.210043	-0.170464	0.071280	-0.013830	-0.167003	0.165848	0.179977	-0.218223	-0.102924	-0.148544	0.220008	-0.089414	-0.160437	0.008236	0.050119	-0.188212	-0.045061	-0.181380	-0.201180	0.026947	0.025092	-0.015115	-0.186159	-0.080482	0.050080	-0.033469	-0.016715	-0.264410	0.197405	0.023626	-0.145654	0.033284	0.036152	0.033543	0.210554	0.101423	-0.057762	-0.227646	0.088535	-0.234202	0.125432	0.036055	0.051548	0.107588	0.171670	0.097034	-0.132149	0.316463	0.094188	-0.021012	-0.060142	0.065930	-0.102584	0.174012	0.064647	0.142007	0.059249	0.161348	0.014457	-0.048633	0.050108	-0.067458	0.201454	0.093738	0.172368	0.065969	0.154040	0.002106	-0.101460	-0.065128	-0.083752	-0.009903	-0.077923
chr4:49126444-49128444	-1.823642	1.320917	0.567423	-0.404285	-0.109876	-0.115180	-0.811690	0.090056	1.751454	-0.919537	-0.680939	-0.191105	0.106434	0.169423	-0.071711	-0.085644	0.007802	-0.088475	-0.193886	-0.028015	-0.113606	-0.071020	-0.170272	0.040445	-0.048549	0.055453	0.058290	0.026462	-0.000979	-0.056513	-0.030156	0.010586	-0.005767	-0.017419	0.052890	0.034245	-0.013618	-0.040080	-0.253486	-0.023119	0.079853	-0.208607	-0.026940	-0.045562	-0.052149	-0.195185	-0.173542	0.046632	-0.063690	0.022331	-0.227795	0.053151	-0.143955	-0.026340	-0.047735	0.036919	-0.129673	-0.088689	0.032719	0.103218	-0.123565	-0.057630	0.018171	0.026917	-0.042669	-0.002240	0.041178	0.052782	0.007352	0.066001	-0.152476	-0.052062	-0.159339	-0.006470	0.115588	0.004525	0.090985	0.084195	0.127358	0.154648	-0.165921	0.020495	0.008847	-0.013064	0.074349	0.058671	0.047072	0.010347	-0.014410	-0.085335	0.000658	-0.080055	-0.167052	0.154802	0.085461	0.112397	-0.028116	-0.063845	-0.056830	-0.015627	0.115314	-0.031312	0.045810	0.012411	0.011959	-0.043782	0.012821	-0.059646	-0.020921	-0.186260	-0.103290	-0.106158	-0.005908	-0.046589	-0.073920	0.015930	0.099130	0.008143	0.011848	-0.005893	-0.068575	0.000584	-0.074855	0.091158	-0.023158	-0.091750	0.052781	0.043930
chr4:49140244-49142244	-2.585450	0.563769	0.549965	-0.375769	-0.197455	-0.195780	-0.920713	0.195648	1.701667	-0.840651	-0.570889	-0.183267	0.230839	0.080497	-0.194482	-0.109127	-0.155113	0.046570	-0.201907	0.053210	-0.104480	0.000075	-0.129204	0.035482	-0.228211	0.018492	-0.028793	-0.055385	-0.088757	-0.144256	0.108712	-0.045534	-0.147938	0.210150	-0.046610	0.039498	0.061538	-0.060910	-0.012771	0.070685	0.044825	0.006943	-0.028073	-0.019922	0.105248	-0.046803	0.016382	-0.073665	-0.076008	-0.047388	-0.044526	0.030465	-0.052047	0.081465	0.048137	-0.046038	-0.045703	0.042399	0.030031	0.025063	-0.054367	-0.068222	-0.044641	0.045853	0.041575	-0.094273	0.021598	-0.009873	-0.121921	-0.125503	0.145250	-0.007874	0.022946	0.138563	0.055556	0.036549	-0.013241	0.001261	0.071956	-0.017030	-0.067988	0.014974	0.063851	0.063924	0.120327	0.154951	0.051504	0.000523	-0.025370	0.086726	0.122649	0.045991	0.114735	-0.052962	0.005097	0.081079	0.023604	0.154939	-0.079003	0.029518	0.085098	-0.012005	0.035667	0.098485	0.064257	0.070506	0.008628	0.143273	-0.102275	-0.118163	0.085167	-0.014754	0.023175	0.094169	0.013049	-0.129643	0.157875	-0.023301	-0.029264	0.072902	0.071644	0.127202	0.006600	0.029968	0.139232	0.088427	-0.045064	-0.101276
chr4:49141844-49143844	-2.195469	0.494109	0.493765	-0.477998	-0.299181	-0.150852	-0.996867	0.214921	1.865798	-0.924268	-0.608151	-0.053008	0.082100	0.231731	-0.167719	-0.102647	-0.045204	-0.008249	-0.247861	-0.055512	-0.120823	-0.043063	-0.116578	-0.067581	-0.037698	-0.057940	0.018950	0.072284	-0.066706	-0.149640	0.130720	0.078730	0.025994	0.062048	0.119350	-0.141342	-0.002677	-0.082509	-0.022539	-0.009909	-0.110667	-0.009606	0.042721	-0.002188	-0.089235	-0.008905	-0.046707	-0.004108	-0.121246	-0.091417	0.055093	-0.131302	0.148255	0.042903	0.175934	-0.201602	-0.010769	0.016826	0.021699	0.043772	0.007319	-0.040191	0.039031	0.045838	-0.002454	0.048226	-0.055357	-0.120884	0.039390	-0.038854	-0.027354	0.030122	0.000330	0.169662	-0.100767	0.030925	0.066908	-0.003230	-0.016099	-0.047858	-0.082100	-0.010396	0.048400	-0.010135	0.021091	0.150773	-0.052860	-0.002394	0.030344	0.017867	-0.079596	-0.100470	-0.098245	-0.022970	0.007036	-0.055342	-0.000752	0.088769	0.011622	0.031361	0.077871	-0.022298	0.121431	0.098552	0.046613	-0.107752	0.111424	-0.017148	-0.011527	0.078944	-0.221816	0.046063	-0.011112	0.013511	-0.071607	0.021017	-0.105317	-0.061031	-0.018236	0.026980	-0.000305	0.063928	-0.014295	-0.030129	-0.085625	0.094294	-0.037146	0.031263
chr20:62084557-62086557	0.626200	1.090199	-0.213362	0.060924	-0.176195	-0.134820	0.118137	-0.109491	0.117374	-0.062309	0.183899	0.083630	0.045399	0.103575	-0.020151	0.050263	-0.008285	0.086707	0.084372	-0.055169	0.242252	-0.091492	0.116523	-0.043521	-0.012442	-0.053716	-0.021184	0.060263	0.107948	0.099637	0.120292	0.016871	-0.039820	0.046982	-0.115544	0.026448	-0.193433	0.113376	0.127348	0.165238	0.110228	0.035659	0.090287	-0.040574	-0.205437	-0.089733	-0.198023	-0.020036	0.007107	-0.076665	0.001950	0.074623	-0.129791	-0.046911	-0.231793	-0.073715	-0.086840	0.117316	0.019091	-0.120497	-0.023596	0.178644	0.046120	-0.236413	0.086897	0.080664	0.006367	-0.058372	0.100378	-0.029089	0.202619	-0.029113	0.180948	-0.058119	0.117440	0.001903	-0.284232	0.079899	0.020661	-0.231812	0.131378	-0.186379	0.073708	-0.207157	0.179073	0.003311	-0.003642	-0.078041	0.023240	-0.074503	0.186977	-0.014342	0.034875	-0.119671	-0.053234	-0.112339	-0.018303	0.034718	0.016419	-0.040416	-0.029171	0.034509	0.063809	0.067803	-0.182011	0.055289	-0.028021	0.038523	0.041148	0.129168	0.056720	-0.077068	-0.137069	0.136983	0.101728	0.120472	-0.013889	0.072330	-0.028865	0.083775	-0.035073	-0.050267	0.139198	-0.111309	0.061071	0.105672	-0.086461	0.043353
chr20:62132357-62134357	-0.163981	-1.035247	-0.541818	-0.151364	-0.163740	0.069052	-0.204969	-0.084563	-0.102426	-0.271828	0.115031	0.113469	-0.087419	0.013267	-0.013647	-0.023997	0.054576	0.221730	-0.206554	0.005522	0.129351	-0.047340	0.061561	0.012022	-0.163922	0.000932	-0.012027	0.028607	-0.020640	-0.164155	0.138538	0.134758	-0.002156	0.058771	0.156541	0.018828	0.019244	-0.157845	0.183868	-0.016381	-0.025026	0.009253	-0.105834	-0.081001	-0.107070	0.161892	-0.094185	-0.013271	0.013059	0.059051	0.172310	-0.055995	0.015231	-0.137854	-0.104314	-0.108720	0.076703	-0.074679	0.168711	0.041466	0.124789	-0.016258	0.207898	0.010070	0.136775	-0.116911	0.282932	-0.090568	0.132223	-0.092125	-0.134973	-0.152780	-0.042088	0.068995	-0.085212	0.071402	-0.012795	-0.149150	-0.037546	-0.120069	0.091572	-0.034061	-0.118103	-0.095119	0.093231	-0.051774	-0.059150	-0.064721	-0.079902	-0.001417	0.082183	0.107393	-0.048277	0.058051	-0.005415	0.031847	-0.070623	-0.120926	-0.109935	-0.012825	-0.005091	-0.208191	0.014702	0.013380	0.031399	0.013374	-0.029980	0.035311	0.152819	-0.004294	0.132746	-0.107530	-0.112884	0.084314	-0.065797	0.134502	0.044254	-0.114991	0.032889	-0.052334	0.000843	-0.089307	0.049304	-0.019677	0.006370	0.108961	0.021169	-0.083270
chr20:61962405-61962555	-4.761230	-0.802990	0.034892	-0.836028	0.130449	0.043172	0.347138	0.062748	-0.195097	-0.176022	0.108892	0.067702	-0.078135	0.118734	-0.212033	0.095300	0.208435	-0.148801	-0.057089	0.218582	-0.023471	0.199368	0.040996	0.316439	-0.230413	0.431679	0.030967	-0.251420	-0.298646	-0.063890	0.357396	0.095365	-0.249836	-0.086612	-0.388740	-0.079303	0.132692	0.346663	-0.039319	-0.404057	0.049613	0.253137	0.046728	-0.295601	0.028161	-0.051789	-0.009905	0.289484	0.105059	-0.031075	0.024115	0.076529	0.019208	-0.222671	-0.079448	0.068786	-0.037345	-0.047162	-0.061984	-0.307578	-0.084278	0.034147	-0.077600	-0.050047	0.010308	-0.055088	0.167419	-0.111852	-0.104944	-0.123174	0.464904	-0.021733	0.085973	0.218538	0.036875	0.078225	0.278492	-0.107614	-0.119409	-0.099944	-0.055445	-0.054895	-0.268452	0.047840	-0.029011	0.206377	0.036386	0.223415	-0.130171	-0.200106	-0.094609	-0.204996	0.065787	0.327092	-0.101010	0.253535	0.090395	0.030475	-0.002628	0.020939	0.107990	-0.078687	-0.121397	-0.194714	0.007381	0.245242	0.149864	0.155903	-0.013126	-0.077238	0.072319	0.220982	0.033506	-0.031228	-0.043850	-0.064527	0.091387	-0.114618	0.095016	0.077965	0.121039	-0.064251	-0.059460	0.066079	0.057765	0.014965	-0.104140	0.000995
chr20:61883425-61888283	0.386117	-0.308882	-0.827125	-0.061508	-0.216204	0.118492	-0.140061	-0.006607	-0.036349	-0.143064	-0.080665	-0.021041	-0.010170	-0.140065	-0.161185	-0.084220	0.080723	-0.090058	0.083019	0.022884	0.125858	-0.059886	0.193003	-0.186368	0.020768	-0.020868	-0.009394	-0.034778	0.033157	-0.063263	-0.016627	0.078404	-0.044292	0.137087	-0.035732	-0.006167	0.025840	-0.010261	0.013948	-0.038408	0.187065	-0.065912	-0.008846	-0.179103	-0.064710	-0.026531	-0.123814	0.050868	0.092958	-0.070809	-0.001856	-0.154372	-0.047180	0.015105	0.004717	-0.034141	0.034911	-0.149574	-0.004307	-0.036361	-0.080875	0.056965	-0.039574	0.043405	0.235594	0.047318	0.098672	-0.162828	0.106086	0.052451	0.035912	0.038220	0.089626	0.048785	0.087492	-0.020779	0.086610	0.154661	0.016488	0.162059	-0.056988	-0.033352	0.041567	-0.121619	0.109225	0.014977	0.142694	-0.295461	-0.073965	0.017433	0.078396	-0.140288	-0.073041	-0.202316	0.079547	-0.107649	-0.129795	-0.008340	0.054251	-0.062144	0.023459	-0.053518	0.074920	-0.065090	-0.042422	0.059245	-0.048066	0.035754	0.083711	-0.098986	-0.081147	-0.044854	0.091406	0.147443	0.046261	0.194783	-0.090094	0.021242	-0.031287	-0.027588	0.037841	-0.083651	-0.044015	0.024155	0.220920	0.134751	-0.111889	-0.130846
chr20:61806805-61806955	-4.601980	0.643411	-0.455731	-0.807410	-0.166677	-0.221989	-0.052060	0.049826	-0.243497	-0.072613	0.023891	0.083069	-0.125912	-0.091817	-0.105648	-0.025394	0.051174	0.378103	-0.055023	0.091745	-0.113509	-0.080239	0.023346	0.008270	0.054125	-0.038447	-0.118704	0.178192	-0.024663	-0.084993	0.033466	-0.334688	-0.289192	0.064197	0.092057	-0.112041	0.155168	-0.048558	-0.018032	0.120301	0.124096	0.073175	0.008200	0.096706	0.397360	-0.013246	-0.223479	-0.227025	0.025953	-0.132970	0.038537	-0.294590	0.255032	0.178677	0.042428	0.044058	-0.057015	0.294429	-0.128802	-0.203604	-0.131204	-0.257209	0.181110	0.296169	-0.121883	0.249656	-0.014507	0.193856	0.000042	-0.068140	-0.150103	-0.151552	0.109062	-0.039842	-0.078986	0.186007	0.213760	-0.007956	-0.156151	-0.141204	0.010068	0.013143	-0.157126	-0.032825	0.147999	0.007828	0.303507	0.021181	-0.311466	0.156669	0.146731	0.130988	-0.220323	0.033245	0.212067	-0.048808	0.155427	-0.095982	0.100675	-0.067491	-0.034993	-0.054019	0.235846	0.148450	-0.013318	0.227043	-0.010980	-0.246292	0.001924	-0.084488	0.081928	0.176333	0.006149	-0.123486	0.010278	-0.048763	0.098540	-0.102091	-0.132122	0.005743	-0.046458	0.160015	-0.021255	0.001811	0.149798	0.228813	-0.062526	-0.119602
chr10:374401-376401	0.646371	0.247160	-0.405092	0.095236	0.112141	-0.015581	0.048340	-0.238238	-0.134605	-0.022566	-0.073742	-0.124708	0.302389	-0.144173	-0.277514	-0.364848	0.046295	-0.066912	-0.183776	-0.061988	-0.105547	-0.132225	0.133523	0.033888	-0.198420	-0.317587	-0.060036	-0.195332	-0.037987	-0.106749	-0.104364	-0.080051	-0.126526	0.021329	-0.261624	0.109471	-0.092306	0.194404	-0.067529	0.028113	0.019585	-0.049764	-0.013780	-0.174477	0.250578	0.025448	-0.137667	0.125609	0.159706	-0.290489	0.136986	0.071484	-0.131069	0.066714	-0.042900	0.253508	-0.034040	-0.067311	0.175853	-0.039649	0.152163	0.204559	-0.028202	0.269533	0.022160	0.105569	0.136396	-0.136390	-0.288619	0.070574	-0.110692	-0.045944	-0.068296	0.250981	0.003882	0.043439	-0.050162	-0.026741	-0.176078	0.024861	-0.003242	0.182222	0.115423	0.017309	0.288964	0.141121	0.006367	-0.056278	0.033246	0.117534	-0.003646	0.073666	0.071209	0.084876	-0.014654	-0.010842	0.038779	-0.112108	-0.173729	-0.043543	-0.040478	-0.017871	-0.207901	0.063733	0.072150	-0.108579	0.201324	-0.025014	0.027342	-0.172004	-0.180352	0.258347	-0.129047	-0.013051	0.032876	0.135324	0.015128	0.104665	-0.113671	0.093416	-0.005453	0.080934	-0.182048	0.025155	0.217240	0.062015	-0.087953	0.035064
chr10:124260-127839	1.077460	0.372454	0.071754	0.229487	-0.177355	-0.055280	0.147277	0.221086	-0.028963	-0.003741	-0.078229	0.035664	0.042432	0.116520	0.015097	-0.000614	-0.110851	-0.013523	-0.192471	0.032451	-0.046726	0.169381	0.106109	0.117427	-0.036289	-0.083671	-0.267872	0.043614	0.095102	0.100694	0.052696	-0.019949	0.022652	-0.099201	-0.019393	-0.116357	-0.086567	0.124857	0.097360	0.175855	0.221408	0.004155	0.098188	-0.030869	0.147056	-0.120594	0.040710	0.035732	0.102473	-0.013824	0.024304	-0.057871	0.195037	0.100010	-0.225201	-0.006196	-0.019069	0.015895	-0.064931	0.025147	-0.032586	0.154578	-0.103525	0.149288	-0.015807	0.095636	0.028707	0.039961	-0.195905	-0.105190	-0.060994	-0.014165	-0.045447	0.084825	0.086705	-0.055223	0.024593	-0.025063	0.152708	-0.060165	0.087215	-0.073200	-0.007997	0.091704	-0.135885	-0.067258	-0.010723	0.108722	-0.125418	-0.067046	-0.187586	0.105778	-0.138143	-0.121821	0.031119	0.045478	0.014787	-0.199053	-0.004783	0.048732	0.137241	0.122707	0.075580	0.020701	-0.130956	-0.041269	-0.109480	0.185206	-0.023489	-0.304357	0.128546	0.140273	-0.066232	0.188751	-0.013104	-0.056227	0.049536	0.070940	-0.186934	0.108159	0.157293	0.147479	-0.105798	0.103976	-0.166453	0.003617	0.018807	0.008117
chr12:53614134-53616134	0.455670	0.402922	0.080846	0.042362	-0.262177	-0.226850	0.275380	-0.262757	0.011446	0.047035	-0.018344	-0.005840	0.086662	0.054613	-0.070111	-0.053304	0.005466	0.078530	-0.169406	-0.067329	-0.140568	-0.073681	0.173732	0.103345	0.116629	0.111143	0.105136	-0.139681	-0.059685	0.031012	0.005986	0.104949	-0.113912	0.114323	-0.041820	0.076820	0.034897	-0.274734	0.022963	0.058232	0.344587	0.144765	0.032773	0.048691	0.098556	-0.120817	-0.200444	-0.159705	0.079143	0.185372	-0.070926	0.053578	-0.087195	-0.085826	-0.238842	-0.082387	-0.099924	-0.158469	-0.010823	0.038645	-0.244521	0.044111	0.054642	0.037046	0.193040	0.014375	0.071639	-0.078341	-0.172729	0.110475	-0.042627	0.046451	-0.045445	-0.203661	-0.216124	-0.117566	0.044302	-0.023115	-0.035891	0.142142	-0.115367	0.048107	0.055832	0.023519	0.014933	-0.098315	0.117995	0.068331	-0.104943	0.054979	-0.084432	-0.227988	-0.163445	-0.226145	0.134488	0.146846	0.064126	-0.036286	-0.199720	-0.029812	0.029101	-0.083764	-0.057906	0.010724	-0.033145	0.030437	-0.071302	0.045967	-0.012200	0.168162	0.222380	-0.087457	0.100024	0.012477	0.005188	-0.011668	0.158140	-0.091453	0.047440	0.028813	-0.019995	0.047150	0.102154	0.041282	0.013245	-0.064712	0.029751	-0.093892
chr12:53689134-53691134	0.328689	0.220617	0.046109	-0.007510	-0.210518	-0.317462	-0.124714	-0.108801	-0.007893	0.411022	0.106478	-0.064598	0.022414	-0.036691	-0.031294	0.229909	0.203581	-0.098259	-0.090287	-0.027027	0.010082	-0.113315	0.264988	-0.028415	0.082282	-0.006719	-0.075021	-0.227197	-0.056113	-0.052140	0.074038	0.024398	-0.080805	-0.077256	-0.028261	0.068360	-0.052843	-0.019706	0.158799	-0.131454	0.019794	-0.150442	0.151084	-0.196202	0.000007	-0.047116	-0.080856	0.061594	-0.179268	-0.160293	0.235975	0.160558	-0.068749	0.002498	-0.048295	-0.016560	0.008709	0.125432	-0.049611	0.108328	-0.053760	-0.061298	0.059685	-0.182594	-0.131720	0.064530	0.040669	-0.145340	0.171606	-0.044707	-0.132988	-0.119149	-0.051712	0.018340	-0.016712	-0.021632	0.016357	-0.052004	0.017296	0.029918	-0.043016	0.058126	-0.030430	0.161423	-0.022102	-0.091364	0.009836	-0.161006	-0.060983	-0.012376	-0.139903	0.204001	-0.035432	-0.006006	0.013545	0.068749	0.024498	0.032733	0.014200	-0.006259	-0.132601	0.029210	-0.070165	0.037245	0.095592	0.102517	-0.022166	0.063888	0.062344	-0.107677	0.201316	-0.086878	-0.132749	0.036458	-0.019388	-0.013650	0.047248	0.001043	0.197898	-0.090339	0.067164	0.030505	-0.001073	-0.048953	-0.063453	0.021783	0.095617	0.023832
chr12:53764134-53766134	0.277904	-0.499363	0.006143	0.144834	0.145905	0.081473	0.005278	0.001049	-0.056022	0.159362	-0.106060	-0.225284	-0.024651	-0.097415	-0.012045	0.107641	0.083056	0.045276	-0.087539	-0.139111	0.171525	0.179649	0.001336	-0.049922	0.065991	-0.194100	-0.068393	0.131601	0.011774	0.055230	0.157013	0.100710	-0.088400	0.086300	0.056431	0.019116	0.173121	0.051644	-0.085959	0.153250	0.199407	0.121784	-0.053380	0.036668	0.135858	0.238141	-0.060628	-0.002647	0.113481	0.128323	0.025552	-0.096873	-0.316127	-0.087908	0.027525	-0.044992	-0.137505	-0.019471	0.194116	0.059201	-0.160206	0.025962	-0.006943	0.022551	0.010166	0.038859	-0.025756	0.027146	0.026184	-0.042960	-0.089947	-0.119640	0.339220	0.053711	0.082503	-0.163403	0.042685	0.023962	0.168882	0.005336	-0.018230	-0.170022	-0.032368	-0.005085	-0.008975	0.101799	0.110073	-0.049336	-0.153201	-0.039384	-0.166016	0.126733	0.025229	0.020793	-0.050649	0.023621	0.047142	0.213722	-0.036217	-0.035535	-0.020622	-0.114377	0.116873	0.059723	-0.167201	-0.002658	-0.112443	-0.139585	-0.156843	0.102074	-0.053893	0.055706	-0.035651	0.134965	0.074318	-0.082688	0.026872	-0.001118	-0.056337	-0.034923	0.034965	-0.011898	-0.072900	-0.037920	0.108018	0.008977	-0.034651	0.062556
chr20:46180594-46182594	0.605317	1.115299	-0.045453	0.094039	-0.129247	-0.060756	-0.074694	0.270047	-0.009543	0.215042	0.047039	-0.033519	0.035126	0.052862	-0.075033	0.047592	0.029806	-0.107958	-0.082145	-0.186226	0.246314	-0.061875	-0.001933	0.025242	0.017332	-0.147329	0.137304	-0.143614	0.093021	0.056781	0.149942	0.229354	-0.097500	0.230547	-0.026884	0.064657	0.093089	0.010121	0.134153	-0.053874	-0.072381	0.004847	0.080382	-0.060701	-0.034370	0.136351	0.101095	-0.022879	0.096294	0.097459	-0.028048	0.061905	-0.060156	-0.105471	0.019650	-0.026943	0.011228	-0.213437	-0.034226	-0.017423	0.207916	0.169502	-0.180380	-0.007867	0.006521	-0.045110	0.106874	-0.355326	-0.081029	-0.049328	-0.026923	0.092121	-0.245934	0.264897	0.077582	0.007016	0.230735	0.097061	0.014160	0.061523	0.173030	0.120946	0.150186	-0.072407	0.122787	0.085078	-0.103002	-0.111508	-0.080318	0.213954	0.167703	0.147113	0.085421	0.076502	0.073088	-0.158909	-0.170589	-0.125510	0.245402	0.120743	-0.089167	-0.085780	-0.073583	0.022293	0.074662	-0.131639	0.075979	0.037497	-0.077670	-0.188790	0.077086	-0.229168	0.041711	0.042663	0.059485	0.100158	-0.086455	0.021271	0.008624	-0.096578	-0.172863	-0.061963	-0.017114	0.065823	-0.086089	-0.037195	-0.019018	0.135868
chr1:2614541-2616541	0.567251	-0.051228	0.388070	0.081290	-0.226292	0.160305	0.111137	0.005617	0.127979	0.043602	0.149732	0.363619	0.072663	-0.038618	-0.061869	-0.209918	0.068398	0.074131	0.185732	0.004356	0.073707	-0.034464	-0.046220	0.326910	0.025125	0.089648	0.191479	0.158374	0.251933	0.072643	-0.176614	0.020802	0.122226	0.127011	-0.056148	0.121149	0.011665	-0.015536	0.029116	-0.326556	-0.079383	-0.110578	0.090386	0.168569	0.098570	0.010239	0.008282	0.069589	0.186449	-0.123160	-0.128084	0.110387	0.052410	0.146672	-0.063674	0.103883	0.016445	0.031773	-0.007380	-0.029947	-0.059144	-0.076503	-0.133220	0.046304	-0.053283	-0.051426	0.055216	0.192514	-0.004931	0.027542	0.215166	-0.058481	-0.015843	-0.061754	0.047285	0.071270	-0.130897	0.026984	-0.068427	-0.153114	-0.074339	-0.009963	-0.093070	-0.075706	0.129522	-0.013347	0.165679	0.135673	0.076091	0.096200	-0.015651	0.009140	-0.093005	0.199870	-0.101578	0.171688	-0.264321	-0.030724	0.057865	0.004773	-0.024251	-0.165526	0.105131	-0.032825	0.126558	0.054386	-0.030255	-0.362149	-0.081411	0.068718	-0.064774	0.027773	-0.055618	0.065089	-0.079354	-0.039462	-0.133863	-0.009192	0.057999	-0.007043	0.117842	-0.145739	0.027264	-0.187283	0.115197	0.002627	0.018004	0.145670
chr1:2616941-2618941	0.544628	0.832330	-0.180217	0.086934	0.058120	-0.192899	0.020723	-0.053195	-0.118681	0.152308	0.111976	0.106359	0.262714	0.189564	-0.145067	0.112939	-0.039338	-0.010354	0.014464	-0.048120	-0.026351	0.036817	0.215203	0.019143	-0.051610	-0.045757	-0.194937	0.147706	0.122230	-0.065939	-0.098756	-0.099987	-0.125109	-0.059136	0.008093	-0.034180	-0.014550	-0.073200	0.152316	0.066427	0.270854	-0.106711	0.029325	0.000048	-0.070606	-0.012380	0.125766	0.170225	0.090980	-0.082101	0.090401	-0.031821	0.148495	-0.031809	0.044788	0.194540	0.058770	0.062807	-0.014562	-0.139257	0.053946	-0.232585	0.106251	-0.068929	0.070004	0.160554	-0.138416	-0.072858	-0.249260	-0.011016	0.117502	-0.005402	-0.082101	0.035273	0.165450	-0.035517	0.154309	0.035788	-0.081798	0.022898	-0.024097	0.248360	-0.052434	-0.068424	0.228910	0.024822	0.026778	-0.053707	0.075068	-0.084436	0.057207	-0.181186	0.142961	0.060836	-0.129470	-0.019817	-0.145997	-0.029793	-0.143380	0.169461	0.109349	-0.015167	0.002717	0.020672	0.053805	0.097558	0.026829	-0.183002	0.127327	0.292037	-0.094041	-0.055751	-0.013382	-0.133444	-0.262645	-0.088968	0.103447	0.075462	-0.007409	0.047716	-0.032542	0.031922	-0.092630	-0.029519	0.015975	0.092039	-0.067263	0.047432
chr1:2246305-2246495	-4.383604	0.016896	-0.058623	-0.707740	-0.260027	-0.386409	-0.210249	0.211924	-0.152242	0.114896	0.318551	0.183432	-0.022287	-0.313587	0.042076	-0.068607	0.284177	0.157736	0.025091	-0.013657	-0.225963	-0.265935	-0.107098	0.019247	-0.001062	-0.159319	-0.399083	0.016830	-0.168981	-0.084015	-0.022594	-0.075379	0.112382	0.021461	0.040412	-0.011342	0.114531	0.114421	-0.075498	0.208708	0.041396	0.073807	-0.251921	0.046674	0.078372	0.003671	-0.225559	-0.142268	-0.105248	-0.149548	0.034842	-0.075317	0.042788	0.163387	0.103594	-0.158614	0.114929	0.232072	0.009336	0.099754	-0.007451	-0.008398	-0.253334	-0.084066	-0.036326	0.181547	-0.023142	0.016366	-0.002396	-0.127815	-0.123199	-0.193549	-0.018732	-0.007603	-0.044839	-0.113187	0.091570	0.036041	0.157558	0.368788	-0.023137	-0.059477	-0.060397	0.131643	0.048634	0.059224	0.076823	0.112006	-0.121781	-0.063021	0.020192	-0.144053	-0.285766	0.106001	-0.019103	0.098718	0.119997	0.150065	-0.080624	-0.338771	0.085288	0.088408	-0.095659	-0.245871	0.182313	-0.146490	0.217141	0.094025	0.110847	-0.026113	-0.087928	0.154779	-0.018563	0.166728	0.020593	-0.044863	-0.002843	0.079799	-0.127166	-0.024841	-0.057318	-0.172004	0.042242	0.007314	-0.069408	0.175256	-0.042085	-0.041466
chr16:30669100-30671100	0.102336	0.749312	-0.543999	-0.020938	0.177215	-0.018102	0.102691	-0.047973	0.123242	-0.007832	-0.228024	-0.001262	0.158342	0.135933	0.112619	0.046599	-0.111015	-0.024879	-0.024722	0.109725	-0.070992	0.082008	0.018185	0.147490	0.155906	0.360398	-0.249535	-0.066918	0.006596	-0.014401	-0.041446	-0.015926	0.081171	0.362384	0.193202	0.140790	-0.004441	0.038276	0.267595	0.055956	-0.086092	-0.207536	0.131479	0.222802	0.119962	0.019634	0.130258	-0.035333	-0.075584	0.006950	-0.175094	0.050866	-0.087957	-0.024886	-0.053061	-0.125583	-0.005070	0.038631	0.013820	0.003090	0.038589	0.089751	-0.046582	0.145327	0.091708	-0.165816	0.031353	-0.031265	0.128626	-0.209059	-0.014646	0.011298	0.066917	0.074457	-0.209869	-0.219548	-0.196864	-0.091141	-0.016463	0.032746	-0.092706	-0.022347	0.064915	-0.034711	0.029414	0.044023	0.211453	-0.035461	-0.043368	-0.042579	0.083403	-0.061719	0.263340	0.083649	-0.004696	0.028258	-0.027746	0.018542	-0.099751	-0.056425	-0.276838	0.044274	0.043491	-0.067110	-0.089127	0.114443	0.116360	0.080377	0.047214	0.006673	0.023829	-0.003704	-0.147770	-0.027402	0.001010	-0.106349	0.078018	0.010482	0.094753	-0.063550	-0.060065	0.065617	-0.094135	-0.129353	-0.038308	0.049481	0.124206	0.107398
chr16:30669505-30669790	-3.300168	0.118596	-0.341708	-0.668715	-0.327416	-0.307272	-0.082414	0.105677	0.141274	0.053850	0.192781	0.146390	0.189852	-0.177954	-0.019600	0.095029	-0.376715	0.023788	0.011066	0.195324	0.048969	0.151589	0.134985	0.397495	0.173759	0.388105	0.001774	0.163366	0.088524	-0.293594	-0.150009	0.050893	0.167770	-0.096694	0.074482	-0.174784	-0.098379	0.274763	-0.067230	-0.143365	-0.037437	-0.264802	-0.100010	0.086875	0.113525	-0.190753	0.051922	0.144782	0.329281	-0.113839	-0.079876	-0.001905	0.054170	-0.051210	-0.209858	0.007204	-0.117430	0.123541	0.072390	0.189973	0.089225	-0.199070	-0.027798	0.262506	-0.110102	-0.259019	0.033364	0.110241	-0.067564	-0.086280	-0.183230	-0.120428	0.049867	0.308397	0.093392	-0.169154	-0.087679	0.125719	-0.143504	0.031050	-0.037431	0.041900	0.106230	0.088866	-0.096275	0.060033	0.097551	-0.022560	-0.000945	0.045688	-0.165105	-0.130950	0.152940	-0.189656	-0.051957	-0.010537	-0.021992	0.053885	0.045183	-0.006264	-0.094305	-0.117947	0.134671	0.072466	-0.081021	0.201783	0.133170	0.158782	0.143206	0.021384	0.012806	-0.040966	-0.236477	-0.126666	0.037878	0.019652	-0.139192	-0.059872	-0.002848	-0.132135	-0.070834	-0.095248	-0.017670	-0.019331	-0.014361	-0.018366	-0.022303	-0.088316
chr16:30749130-30756602	0.461261	-0.206514	-0.528350	-0.030399	-0.027552	0.056839	-0.041600	0.251901	0.099178	-0.015711	0.121970	0.101042	-0.162194	-0.002948	0.066305	0.250154	0.174825	0.017590	-0.101342	0.071731	0.031138	0.106405	-0.086737	-0.168871	0.009071	-0.137089	-0.143555	0.002654	-0.203285	0.068078	-0.233299	-0.096745	-0.046202	-0.061297	0.061006	-0.162059	-0.027785	-0.157848	-0.221788	0.011175	0.000621	-0.067488	0.048439	-0.313206	0.178282	0.187453	0.154166	-0.293606	-0.024239	-0.236535	0.145499	0.079499	0.100045	-0.016970	-0.105547	-0.094705	-0.219462	-0.362262	0.062502	0.176359	0.229540	-0.135741	0.321377	-0.036387	-0.202058	-0.128706	-0.051263	-0.055616	0.133283	0.083863	-0.123266	0.108152	-0.186325	-0.046828	0.073746	-0.067441	-0.002352	-0.022617	-0.038574	0.096647	-0.057420	0.018421	0.121833	-0.213291	0.000845	0.034263	0.178304	-0.028227	-0.105076	0.000505	0.018900	0.052808	0.078580	-0.043998	0.053120	0.003710	-0.100052	0.089970	-0.052594	0.106646	-0.081117	0.112614	-0.059080	-0.042706	-0.033699	0.105891	-0.056489	0.021988	0.103370	-0.023158	0.057782	0.010957	0.017488	-0.050011	-0.050852	0.064952	-0.199207	0.046188	0.000795	0.107663	-0.124606	-0.068967	-0.005151	-0.083921	-0.062417	-0.197950	-0.165032	-0.054222
chr16:30751900-30753900	0.708154	0.066740	-0.190717	0.133609	-0.020680	0.391875	0.221943	0.104518	0.068676	-0.141625	0.033836	-0.142560	0.079679	0.241960	0.153221	-0.030783	-0.159074	0.089922	-0.056518	0.105197	-0.032897	-0.084566	0.000982	-0.051880	-0.045664	0.001664	0.252036	0.081091	0.021778	-0.043290	-0.125018	-0.043092	0.054859	-0.101871	-0.029108	-0.120875	-0.171088	0.064853	-0.155177	0.034054	0.011221	-0.150133	0.169403	0.145977	0.117790	0.006395	-0.021878	-0.041543	-0.055511	0.261775	0.178515	0.149845	0.132663	0.126126	-0.082738	-0.100797	0.022624	-0.016963	0.078360	-0.125668	0.055707	0.157676	-0.034915	-0.033210	0.009759	-0.022846	-0.024150	0.115266	-0.290213	-0.060841	0.102933	-0.121274	-0.039115	0.172690	-0.032783	-0.162367	0.165079	0.183808	0.139014	-0.069766	-0.115636	0.247417	-0.202682	-0.025258	-0.134722	-0.050232	0.044229	-0.073932	0.060162	-0.073350	-0.054890	0.246349	-0.267162	-0.019366	-0.043861	0.032855	-0.110429	0.111005	0.076273	-0.125314	-0.065281	-0.077351	-0.045066	0.002205	-0.044547	-0.025703	0.060152	0.224955	-0.161074	-0.056251	0.270062	-0.153139	-0.040617	-0.007894	0.002418	0.017568	0.020749	-0.014689	-0.093667	0.072223	-0.007084	-0.084327	-0.095855	-0.010498	0.032624	-0.031301	-0.128156	0.019585
chr16:30934300-30936300	0.109422	0.001689	-0.394715	0.005052	-0.199921	0.103167	-0.038541	0.071460	-0.247542	-0.177551	0.070592	0.070342	0.019152	0.123612	0.102402	0.004821	-0.180647	-0.201624	0.021671	-0.144875	0.098549	-0.078859	0.032628	0.085379	-0.254537	0.022571	0.074996	0.012976	0.010395	-0.100842	0.041168	0.268313	0.028019	-0.066763	-0.014259	0.147362	-0.002023	-0.179976	-0.072570	-0.152045	-0.116976	0.192046	-0.042309	-0.040533	0.029174	0.001942	0.101922	-0.079525	-0.189152	0.018928	-0.006379	-0.213527	0.081695	-0.060772	-0.218553	0.054844	0.082608	0.024002	0.173835	-0.007060	0.013283	0.008473	0.222724	-0.105699	0.016364	0.048329	-0.072191	-0.084429	0.091055	0.019229	0.229368	0.011094	0.025543	0.077178	-0.013233	-0.114658	-0.008453	-0.067677	0.076982	0.078261	-0.119560	0.146706	0.018439	0.079695	0.053411	0.140563	0.083408	-0.060359	0.039123	-0.028271	0.099732	0.086522	-0.096638	-0.053823	-0.102784	-0.036856	-0.016048	0.032840	-0.095513	-0.014630	-0.247015	0.051296	-0.039764	0.180299	0.116837	0.090046	-0.048794	-0.026909	0.023109	0.090691	-0.032595	0.137352	-0.077347	-0.054290	-0.133040	-0.003207	0.137449	0.123061	-0.028696	0.025936	0.005661	0.036967	-0.083746	0.022532	-0.080615	0.089761	-0.116579	-0.190997
chr16:31152700-31154700	0.484188	0.497513	0.090487	0.215627	-0.531138	-0.033829	0.292852	0.102173	0.115358	0.129779	0.302880	-0.138052	-0.079124	0.149359	0.100776	-0.133309	-0.058895	0.062674	-0.216056	0.135062	-0.392396	0.077933	0.037661	-0.118290	-0.188294	-0.198582	-0.193044	0.108029	0.056985	0.091288	0.068488	-0.135172	-0.034326	0.072968	-0.182651	0.234323	-0.266907	0.208254	0.136706	-0.313134	-0.314058	-0.139679	-0.189508	0.170508	0.074657	-0.077237	0.006659	0.151670	-0.050376	0.196833	0.046642	-0.133105	-0.074027	-0.270060	-0.053368	0.086864	0.120499	-0.073218	-0.067367	0.021829	0.027501	0.059113	0.125441	0.071160	0.056916	-0.075612	0.144303	-0.084680	-0.070727	-0.094296	0.128012	0.022070	0.044680	0.010466	0.117489	0.347047	-0.049352	-0.094201	0.124867	0.094215	-0.316897	-0.219852	0.028971	-0.202467	-0.012031	0.093814	-0.165596	0.016254	-0.006855	-0.022442	0.022626	-0.126102	-0.045177	-0.002750	0.150258	0.069509	0.137726	-0.003109	-0.017293	-0.096609	0.093957	-0.029379	0.013788	0.162834	0.175278	-0.009042	-0.059157	0.019903	0.018894	-0.138727	0.002946	0.147229	-0.088337	0.037651	0.123554	0.063931	-0.092542	0.157615	0.085298	0.064337	0.137377	-0.075612	-0.081826	-0.120694	0.019069	0.109804	0.035267	0.019815
chr16:31152900-31154900	0.431158	0.232943	0.068319	0.114324	-0.536792	-0.093956	0.189318	0.066199	0.049456	0.140279	0.306601	-0.179353	-0.119670	0.117457	0.045044	-0.117873	0.002974	0.073499	-0.168371	0.213966	-0.352888	0.040923	-0.010345	-0.207047	-0.252462	-0.169793	-0.091874	0.010171	0.039518	0.043623	0.123799	-0.137460	0.004070	0.201647	-0.168694	0.182303	-0.254648	0.237680	0.091016	-0.318097	-0.279403	-0.167668	-0.161285	0.149634	0.043635	-0.013874	0.131061	-0.005338	-0.095982	0.196666	-0.005400	-0.095130	-0.060307	-0.264512	-0.007544	0.097755	0.101285	0.032415	-0.087542	0.005830	0.061451	-0.020324	0.125941	0.008728	0.004497	-0.123995	0.177920	-0.175496	-0.011918	-0.103777	0.105308	0.012236	0.044570	-0.046257	0.116198	0.347547	-0.044240	-0.145093	0.023535	0.076740	-0.343504	-0.223939	0.079525	-0.179714	0.022306	0.118407	-0.083967	0.137611	-0.091430	-0.000653	0.003570	0.042931	-0.022933	0.015676	0.071156	0.050048	0.164822	-0.060283	-0.079704	-0.038940	0.187638	-0.074950	-0.000449	0.139475	0.119604	0.034547	0.032095	0.058053	0.023212	-0.155087	-0.078787	0.080510	-0.131535	0.063473	0.157282	0.033829	0.050165	0.092899	0.019762	0.078116	0.093904	-0.007745	-0.085800	-0.193240	0.045828	0.175753	0.039199	0.017312
chr16:31153505-31153675	-3.945564	1.073153	0.265250	-0.160424	-0.111042	0.237573	0.696718	-0.252279	-0.224107	0.019915	-0.061903	-0.361601	-0.601197	0.053103	0.310539	-0.291810	-0.154672	0.101865	-0.287020	-0.081017	-0.696630	0.379307	0.008050	0.009325	-0.396764	-0.221973	-0.033982	0.174760	0.341947	0.310717	-0.216799	-0.245644	0.229495	0.188858	-0.122566	-0.106035	-0.250285	-0.096702	0.110425	-0.411031	0.037210	-0.085593	-0.019684	-0.149969	-0.249838	0.046060	-0.006993	0.084982	0.331412	-0.358263	-0.263941	-0.167828	-0.009734	-0.162704	0.395311	0.016919	0.090106	-0.245897	0.150089	-0.177780	-0.063427	0.156872	0.223978	0.042856	0.333522	-0.189728	-0.109257	0.097486	-0.005501	0.086337	-0.040724	-0.086170	-0.050101	0.130089	0.147526	0.055437	0.029043	0.099020	0.189814	0.184950	0.210604	0.216765	-0.109589	0.082454	-0.002944	0.109726	0.254114	0.017077	-0.107704	0.314839	-0.170065	-0.097104	0.387461	-0.092952	0.138225	-0.139645	0.125268	0.188484	0.065217	0.110233	0.039218	0.167555	0.187690	0.048107	0.131672	0.108166	0.042623	0.073300	0.056072	-0.034496	0.082950	-0.025960	0.078393	0.016200	0.011041	-0.126628	-0.116454	0.080837	-0.001586	-0.045449	-0.046057	0.249809	-0.012849	0.115793	-0.066038	0.048688	0.159393	0.027552
chr17:81140430-81154155	0.671369	0.406273	-0.888650	0.128565	-0.404857	0.129959	-0.079517	-0.047075	0.014833	0.160318	-0.072598	0.225447	0.139718	0.071586	0.043779	0.114795	0.056529	-0.131074	-0.132669	-0.199145	0.054338	-0.159268	-0.095954	0.075693	-0.070609	-0.046164	0.134540	0.027039	0.119491	-0.070015	0.042722	0.005627	-0.097273	0.130138	0.171149	-0.002821	0.093205	-0.088931	0.248324	0.162467	-0.090139	0.161722	0.045471	0.036051	0.140581	0.149138	0.234740	-0.037175	-0.112330	0.131653	0.000314	0.126328	-0.038614	0.308176	0.083923	-0.045506	-0.270606	-0.046753	0.005217	0.169651	-0.083315	-0.081094	-0.113697	0.047914	-0.115624	0.114850	-0.073436	-0.016740	0.039347	0.061102	0.013587	0.020805	-0.046471	0.222637	-0.137478	0.015088	-0.073535	-0.176058	0.119023	0.120927	0.213042	-0.153480	-0.209089	-0.233710	0.055302	0.041884	-0.250238	-0.137062	-0.004602	-0.093980	-0.136663	-0.099044	0.119414	-0.017147	-0.052993	-0.177038	0.182361	-0.182795	0.052982	0.126673	0.023765	0.017775	0.038605	0.131216	-0.125665	0.166826	0.142378	0.068310	-0.028222	-0.272259	0.030278	-0.049583	0.070943	0.054985	-0.103387	-0.112583	0.056881	0.087857	-0.130679	0.008843	0.124774	0.004004	-0.010758	-0.007907	-0.048895	-0.043849	0.113738	0.032568
chr17:81145437-81154157	0.826000	0.370869	-0.194799	0.208464	-0.439246	0.113151	0.399451	-0.150277	0.151042	-0.100946	0.193551	-0.046009	-0.086845	-0.058887	0.003625	-0.132031	-0.064094	-0.055780	0.166232	-0.158622	0.183030	-0.094978	0.090978	0.025826	0.117323	-0.058542	0.082063	-0.266272	0.017502	-0.132514	0.003120	-0.238731	0.034097	-0.136404	0.015916	-0.111852	0.040924	0.022419	-0.081723	-0.063021	0.037852	0.229282	0.041959	-0.159435	0.225116	-0.105216	0.034350	-0.010633	-0.013720	0.039515	0.119455	0.126952	-0.088755	-0.005904	-0.011552	0.028146	0.081175	-0.076671	0.109061	0.097312	0.136566	-0.082529	0.242253	0.040451	0.164267	0.189914	-0.131035	0.176431	-0.084798	0.022915	-0.108672	-0.108574	0.086421	-0.037959	0.010407	0.021548	0.011853	0.150696	0.027411	-0.026711	0.107917	0.019714	-0.063903	-0.020432	0.146903	-0.290300	-0.155939	-0.118098	0.069140	0.111795	0.048446	0.001255	0.006286	-0.042660	0.112266	0.083145	-0.080591	0.058000	0.061674	-0.082424	0.180832	-0.098464	-0.066840	-0.037773	-0.007647	0.070188	0.045150	-0.123290	-0.037000	-0.068400	0.073300	0.093921	0.006758	0.002879	0.145606	0.045791	0.209048	0.139674	0.046939	-0.028590	0.032398	-0.125910	-0.036884	0.008849	0.013241	0.039311	-0.045756	0.107707
chr20:52699874-52705785	1.016361	-0.436207	0.041057	0.151131	0.403419	0.328256	-0.025610	-0.107469	0.154876	-0.032808	0.144001	-0.126113	0.203208	-0.215459	0.015969	0.093315	0.427968	0.244109	0.071679	-0.044763	-0.025411	-0.074671	0.010579	-0.023850	0.078499	0.108856	0.049961	0.262042	0.095587	-0.125333	-0.260178	-0.453866	-0.361097	0.043843	-0.142613	-0.214165	-0.069407	0.213438	-0.140640	0.257128	-0.110290	-0.224818	0.076336	0.091006	0.221291	0.048089	-0.103228	-0.066557	0.126056	-0.002800	0.005888	-0.051924	0.072441	-0.064458	-0.041725	-0.064263	-0.002463	-0.112886	-0.166302	0.120684	0.114138	0.043871	-0.132089	0.135097	0.005478	-0.134792	0.067990	0.068113	0.005421	0.131536	0.163478	-0.085359	-0.140290	-0.106348	0.016438	0.136504	-0.073991	-0.218047	-0.074408	-0.055170	-0.063572	-0.057072	0.226831	0.088339	0.035975	-0.041565	0.068351	0.042569	-0.039230	-0.074989	0.076743	-0.019267	0.076955	0.180512	-0.030125	-0.049887	0.005860	0.068899	0.006290	-0.029180	-0.023658	-0.250759	0.003978	0.017556	0.017401	-0.023060	-0.087574	-0.045339	-0.149282	0.060564	0.090724	-0.137824	0.131735	0.082002	-0.115037	0.032267	0.030172	0.065423	0.056267	-0.047239	0.009499	-0.049733	0.010694	0.064282	-0.108285	0.035393	0.084262	-0.083428
chr20:52700009-52706788	0.869546	-0.662054	0.131403	0.034974	0.318548	0.076768	-0.064413	-0.210718	0.102219	-0.057478	0.104888	-0.110154	0.198259	-0.175638	0.064909	0.058271	0.462293	0.180719	-0.006030	0.086407	-0.033534	-0.048240	0.028967	-0.075261	0.158924	0.064817	0.025687	0.217474	0.111868	-0.100767	-0.274768	-0.458275	-0.372902	0.016174	-0.115891	-0.290073	-0.016470	0.243817	-0.004149	0.260912	-0.032514	-0.256298	0.043242	0.064578	0.247705	0.032922	-0.055691	-0.065424	0.088048	0.053443	0.001893	-0.056066	0.093665	0.024090	-0.040386	-0.030217	-0.029583	-0.047900	-0.116980	0.108129	0.105662	0.081185	-0.108266	0.102212	-0.023597	-0.118816	0.087249	0.048811	0.025652	0.112227	0.149798	-0.054862	-0.092495	-0.045713	-0.016592	0.115750	-0.047691	-0.200707	-0.083827	-0.130024	-0.082611	-0.119729	0.179675	0.166272	0.027509	0.045365	0.027995	0.026862	0.022586	-0.072596	0.100567	0.008148	0.141310	0.138292	-0.112515	-0.031642	-0.075062	0.029908	0.032177	-0.067955	0.011132	-0.228620	-0.033388	0.066863	-0.000950	-0.088278	-0.075009	-0.044125	-0.134055	0.001574	0.129315	-0.087198	0.107938	0.092503	-0.149218	0.011097	0.089899	-0.011254	0.048555	-0.132151	0.001324	-0.005078	-0.003919	0.030636	-0.200077	-0.050879	0.104493	-0.129029
chr16:29910700-29912700	0.239470	0.377501	-0.463521	0.019420	-0.167430	0.027442	-0.016653	0.175318	0.126069	-0.072606	-0.002539	0.159666	-0.088188	0.171973	-0.047063	-0.244356	-0.041600	-0.096644	0.052522	0.145986	-0.070564	-0.083445	0.054105	-0.024697	0.054417	-0.021105	-0.024792	-0.032363	0.109121	-0.184310	0.137969	-0.016003	-0.019933	-0.323345	-0.208809	-0.053184	-0.218728	-0.075095	0.160483	-0.000351	0.083714	-0.196483	0.088588	0.172209	-0.159725	0.038529	0.093852	0.050581	-0.131745	-0.038548	0.045638	0.061668	-0.087268	0.298364	-0.061677	-0.114027	0.061672	0.149863	0.189959	-0.130714	0.199295	0.204151	0.011424	0.047669	-0.120278	0.055094	0.237939	-0.070033	0.174446	0.076034	-0.044270	0.100336	0.056351	0.071267	0.083254	0.192028	0.005566	-0.071797	0.010797	-0.095760	0.083114	-0.026775	-0.188240	0.202647	0.108894	0.226587	-0.136244	0.170576	0.002183	0.055409	-0.004909	-0.087693	0.028623	-0.160526	-0.040743	-0.026990	0.061766	-0.115727	-0.174056	-0.004417	0.017919	-0.067966	-0.048349	-0.164996	0.138197	-0.180589	-0.145018	0.077510	0.061665	-0.185381	-0.160123	0.085442	0.066407	-0.004777	0.005835	0.010396	-0.133597	0.027718	-0.095471	0.075559	-0.025435	-0.036300	0.028015	0.056277	-0.063493	0.099825	-0.061554	0.064024
chr16:30345100-30347100	0.629902	0.403069	0.073713	0.172595	-0.557217	-0.008464	0.281300	-0.005622	-0.076850	0.139882	0.056836	-0.045087	0.272896	0.065400	-0.013804	-0.099748	0.080296	0.046676	-0.028570	-0.002851	-0.108930	0.064304	-0.089265	0.286272	0.047846	-0.132804	-0.021132	0.390416	0.015885	0.027286	-0.285316	0.215173	0.144869	-0.126755	0.006776	0.079833	0.032736	-0.134198	-0.000424	0.106839	0.079490	0.088055	0.019357	-0.214965	-0.081384	-0.034671	-0.114532	0.120755	-0.122374	-0.008792	0.024854	-0.046780	-0.148177	-0.245846	-0.214838	0.020224	-0.090187	-0.138837	-0.116351	0.253570	-0.059403	0.048569	-0.134615	0.040056	-0.065116	0.072736	0.053622	0.041442	0.104367	-0.284889	0.202142	0.072912	0.133852	0.066986	-0.121883	0.000414	-0.060672	0.189412	-0.004790	-0.052676	0.135454	0.133568	0.198415	-0.024869	0.031540	-0.032248	0.148404	0.049825	-0.132699	0.089414	0.068380	0.036536	0.000689	-0.026499	0.126209	-0.072865	0.077504	-0.049974	0.124840	-0.004726	0.084687	-0.022275	0.017294	-0.069916	-0.138554	-0.211185	-0.013385	0.069465	-0.061100	0.062346	0.091658	0.009567	0.046770	0.023484	-0.102795	-0.051021	-0.045373	-0.075888	-0.042789	-0.082953	-0.068342	-0.069511	0.007626	0.070669	-0.000348	-0.077124	0.115364	-0.043068
chr16:30346020-30346195	-3.450638	0.426504	0.387660	-0.535698	0.060874	0.258738	0.166038	0.563809	-0.113335	0.271639	-0.113819	-0.145709	0.511465	-0.095419	0.282786	-0.038725	-0.022187	-0.158281	0.268448	0.062711	0.064840	0.129687	0.108505	0.325923	0.352940	-0.113526	-0.056158	0.299304	0.213270	-0.178803	-0.245058	0.362667	-0.226543	-0.482568	0.152074	0.380458	0.052332	-0.152539	0.022735	-0.118874	0.213354	-0.031967	0.066119	-0.310764	0.082049	0.121729	0.164884	-0.215445	0.040077	-0.015066	0.223578	0.450648	-0.304366	-0.098198	0.123831	-0.270858	0.118114	-0.037029	-0.124130	0.156804	-0.072177	-0.148500	0.174941	-0.049214	0.091531	-0.029340	0.032965	0.128539	0.119430	0.005480	0.111449	0.258070	0.226981	0.234065	0.096687	0.122579	0.131202	0.092767	0.094934	0.176639	-0.073466	-0.027225	-0.091890	-0.215520	-0.096954	0.022688	0.112185	0.017688	-0.065425	0.060957	-0.093263	-0.149266	-0.157954	0.055343	0.212029	-0.147866	0.086889	-0.105148	0.050575	0.000701	-0.253119	-0.222677	-0.035083	0.137235	0.086293	-0.051739	0.148763	-0.354412	-0.071627	-0.044166	0.017175	-0.147958	0.021639	-0.012592	-0.181784	-0.004549	-0.048244	0.013943	-0.123781	-0.119906	-0.008360	0.196904	-0.021034	0.063478	-0.120639	-0.032254	0.055450	-0.041849
chr16:30721242-30729414	0.238686	-0.862582	-0.216202	-0.022947	-0.034581	-0.008371	-0.069603	0.175928	-0.044740	0.051298	-0.068110	0.040180	-0.011573	0.058718	0.133210	0.067374	0.098305	-0.002836	-0.024093	0.031039	0.093346	0.022731	0.042549	-0.083573	0.260153	0.083664	0.008782	0.078048	0.072918	0.168248	0.148716	0.105510	0.076712	0.093228	0.140839	-0.086146	0.092236	-0.053261	-0.048376	-0.062470	0.040654	0.124145	-0.000224	-0.319851	-0.099860	0.178092	-0.082559	0.023481	-0.103944	-0.069532	-0.037082	-0.249109	0.043834	0.083412	0.034434	-0.033383	0.045298	0.002191	-0.152939	-0.095796	0.002843	0.068829	0.176451	0.091576	0.031671	-0.068636	0.117440	0.014364	-0.225630	0.095158	-0.038262	0.042841	0.169692	-0.081729	0.175878	0.099335	-0.138318	-0.099756	0.109539	-0.117117	-0.086566	0.013225	-0.018641	-0.042096	-0.105907	-0.231594	-0.044272	-0.107714	0.187407	-0.124074	-0.056147	-0.100977	-0.102582	0.095007	-0.104342	-0.177281	-0.045999	-0.044486	0.079457	-0.146423	0.068347	0.029966	-0.118207	0.208102	0.039385	-0.085150	0.013931	0.129515	0.022330	-0.279189	-0.165578	-0.196538	-0.091366	0.048844	0.108064	-0.039350	0.085476	-0.022941	0.264469	0.014451	-0.064222	-0.089358	0.028897	-0.034751	-0.080250	0.089502	0.138141	0.009245
chr16:30747398-30755461	0.498206	0.472127	-0.401650	0.078061	-0.154431	-0.109686	-0.053224	-0.152384	0.286142	-0.150413	0.219573	0.092050	0.116417	-0.251411	0.158784	0.135482	0.017797	-0.027129	-0.078177	0.083898	0.074003	0.130044	-0.335308	-0.115698	-0.037042	0.082118	-0.188836	-0.109851	-0.180004	0.190317	-0.088665	0.070206	0.098801	-0.059596	-0.052197	0.152235	-0.022371	-0.067742	-0.047290	0.008334	-0.054517	-0.048461	0.079630	-0.014987	0.075168	0.356518	0.042513	-0.192781	0.027409	0.116535	-0.016665	-0.094632	0.032318	0.118125	0.038437	-0.012971	-0.101559	-0.198165	0.149618	0.124692	0.212656	-0.104203	0.220950	-0.064159	-0.020758	0.038046	-0.055218	0.068512	0.111196	0.081669	-0.083794	-0.024571	-0.252229	-0.016000	0.085332	-0.156612	-0.096500	-0.115656	-0.076039	0.058460	0.071665	-0.082888	0.132591	0.018924	-0.003686	0.019361	0.085853	-0.114410	-0.105278	-0.077140	-0.022036	-0.132785	0.162908	0.021040	0.024550	0.025296	0.182962	0.027332	-0.045679	0.018553	-0.142584	-0.015768	-0.222734	0.022372	-0.202848	0.093200	-0.039760	-0.012505	0.051633	-0.083498	0.016901	0.118523	-0.055941	-0.097410	-0.050131	-0.028968	-0.019083	0.091584	-0.052265	-0.156415	0.035703	-0.187829	-0.046435	0.080927	-0.073655	0.063334	0.088864	0.242974
chr1:2473421-2482159	-0.266800	0.144791	-1.349945	-0.066855	0.077063	0.267310	-0.408024	0.026539	-0.105787	-0.049455	-0.151983	0.114170	-0.164784	0.153384	0.051814	0.176025	-0.112331	0.233657	-0.026039	0.059744	0.065928	-0.185243	0.045748	-0.119691	-0.037782	-0.210861	0.217654	0.027821	-0.039371	-0.115203	0.151296	-0.063694	0.038818	-0.210761	0.171114	-0.081532	-0.091383	-0.019433	0.027208	-0.096688	0.036724	0.023638	0.139159	-0.081798	-0.097140	0.116709	0.216948	0.111618	0.068084	0.109236	0.015897	-0.124520	0.005854	0.199326	0.073226	0.012032	-0.140712	0.049737	-0.052884	-0.063909	0.021142	-0.089970	-0.012287	0.047477	0.164820	0.060702	0.024032	-0.094118	0.096386	-0.067100	-0.043907	0.086297	-0.018591	-0.122141	0.027310	0.012880	-0.016914	-0.003493	0.084805	0.152288	-0.111407	-0.011095	-0.039984	-0.071902	0.132644	0.146337	0.155481	0.013765	0.092341	-0.154542	-0.095776	-0.072352	-0.031877	0.083762	0.013377	0.019210	-0.044616	-0.106239	0.026062	-0.119362	0.009004	-0.003811	0.048719	-0.106554	-0.164523	0.074614	-0.047742	0.010087	0.147944	0.058972	-0.034970	-0.025308	-0.071345	-0.017067	0.056930	0.083305	-0.030222	-0.067463	-0.024517	-0.037337	-0.120726	0.011001	0.086870	0.048631	-0.141009	-0.130104	0.031488	-0.148480
chr1:2474240-2481266	0.027869	-0.617656	-1.186883	-0.147630	0.225730	0.489778	-0.106721	0.236962	-0.063746	-0.086184	0.142941	0.190681	-0.064796	0.137124	-0.057458	0.172858	-0.068710	0.187004	-0.082872	0.104316	0.067162	-0.078358	-0.159770	0.008956	0.053842	-0.111177	0.199154	0.128912	-0.174168	-0.115606	0.005289	-0.141257	0.091652	0.000231	0.070056	-0.110998	0.064724	0.005126	0.049069	-0.002968	0.068434	0.118111	0.198983	-0.135805	-0.045534	-0.078806	0.025854	0.332048	0.054395	0.078399	-0.201888	-0.145527	0.154573	0.081846	0.034116	-0.077871	0.122479	-0.006898	0.009033	0.029717	-0.069122	-0.106136	-0.039779	0.055681	0.160374	0.098802	0.206190	0.015600	0.203552	-0.133229	0.015500	0.034608	0.067781	-0.068127	-0.012740	-0.032434	-0.085136	-0.006175	0.058599	-0.053461	0.045424	0.168793	-0.029879	0.128794	0.018512	0.127739	0.169650	0.081952	0.090899	-0.066200	0.063489	0.011524	0.046968	-0.009340	-0.086803	0.169287	-0.070768	-0.012304	0.006168	-0.076808	-0.041364	-0.012921	-0.015189	-0.090989	-0.108006	0.028635	-0.082323	-0.075911	0.093402	-0.157671	0.028905	0.042816	-0.049345	-0.058941	0.107904	0.095031	0.032192	-0.031035	-0.074218	0.065174	0.048556	0.027060	0.063644	0.067432	0.031164	0.011441	0.046770	-0.034806
chr1:2346941-2348941	-0.193807	0.413151	-0.740775	-0.174931	0.089131	0.257798	-0.203324	0.136690	0.048465	0.054506	0.039429	0.088356	-0.018597	-0.347474	-0.209727	-0.205882	-0.018518	-0.039935	0.135901	0.096917	-0.099237	-0.098875	0.170157	0.221370	-0.015515	-0.084983	0.184300	-0.186498	-0.107027	-0.044888	-0.016287	0.050083	-0.125419	0.109268	0.084394	-0.037782	-0.181559	-0.022394	-0.020524	0.012275	0.136967	-0.027238	-0.019582	-0.047719	-0.012010	0.074646	-0.166504	0.038711	-0.095161	-0.045548	0.077796	0.097552	0.234066	-0.063031	0.056076	0.096891	-0.070787	-0.058492	0.050308	-0.059911	0.099455	-0.025088	0.043435	-0.023094	-0.124255	-0.044933	-0.086237	-0.090274	-0.060285	-0.221015	0.174624	-0.071247	0.095134	-0.007788	0.066666	0.008337	0.126867	-0.056927	0.155623	0.107248	-0.026119	0.008448	-0.022891	-0.036527	0.112417	-0.077150	-0.028775	-0.090722	-0.136153	-0.173444	-0.044055	-0.007972	-0.019396	0.037226	-0.015029	0.046451	0.098761	-0.160641	0.051871	-0.005200	0.047486	0.061666	0.122203	0.030550	0.067271	0.163611	-0.091685	-0.043880	0.132201	0.169787	-0.175265	-0.111555	-0.011918	0.140096	-0.035319	0.047645	-0.021896	0.054558	0.133563	-0.118898	0.204276	-0.113141	-0.015821	0.006623	0.119587	-0.128787	-0.011375	0.139631
chr1:2244941-2246941	0.397324	0.034959	-0.402891	0.123838	-0.271486	0.075838	-0.098947	0.393501	-0.002531	0.089793	0.028895	-0.183408	0.035206	-0.118332	0.007676	-0.078702	0.109283	-0.124917	0.037394	-0.120334	0.113288	-0.002228	0.055660	0.053149	0.149484	-0.133924	-0.093307	-0.129504	0.037496	-0.111873	0.034903	-0.117236	-0.036284	-0.065924	-0.003251	-0.092476	0.053778	-0.144002	0.045374	0.102610	0.167992	0.195158	-0.098153	0.069635	0.230778	-0.119319	-0.084473	-0.077770	-0.039684	0.061527	0.097170	-0.146556	-0.106205	-0.031482	-0.119201	-0.161111	-0.015706	0.035500	0.217544	0.102136	0.021035	0.009845	-0.042874	0.100290	0.029556	0.047530	0.021242	-0.207126	-0.068305	-0.102408	0.083020	-0.103706	0.155384	-0.245617	0.194388	-0.055456	0.221147	-0.042824	-0.192027	0.074245	-0.096757	0.031341	0.083460	-0.000156	0.050446	0.014507	0.122201	-0.128003	-0.058911	-0.109909	-0.020078	-0.010785	-0.010256	0.150182	-0.201375	-0.042513	0.024023	0.044081	-0.016374	-0.006061	-0.001060	0.117238	0.030983	0.008762	0.025423	0.024574	-0.028432	-0.001564	-0.107721	0.002508	0.171525	0.157366	-0.083323	0.024854	0.232321	0.013956	-0.027719	-0.017619	-0.068389	-0.010467	0.013482	-0.146596	0.076783	0.056828	0.011109	-0.105407	0.015186	0.037286
chr20:60909409-60912143	0.960992	0.353583	0.246855	0.086400	-0.171279	-0.158889	0.035747	0.035230	-0.048148	-0.043862	-0.054540	-0.088291	-0.030960	-0.027674	0.107516	-0.058618	-0.287576	-0.143572	0.100751	0.224738	0.030351	0.236717	-0.043800	0.160122	0.063862	-0.042810	-0.174183	-0.160005	0.241595	0.045605	0.095668	-0.214594	-0.035768	-0.011550	-0.051218	-0.080302	-0.287699	-0.197269	0.048232	0.106107	-0.021017	-0.056057	-0.003810	0.220529	-0.010469	0.031612	-0.062369	0.134510	0.025813	-0.008344	-0.122402	0.017867	0.154513	-0.183401	-0.041147	-0.132480	-0.245583	0.123777	-0.111352	0.158562	-0.034611	0.162077	-0.061193	0.001256	-0.180515	0.134667	0.005250	-0.110002	-0.050153	-0.103935	0.107413	0.042721	0.028830	0.082601	0.053504	0.002052	-0.010571	0.093163	0.002088	0.050921	0.074055	-0.132325	0.257863	0.142073	-0.075541	0.015777	-0.013742	-0.082356	0.006870	0.202217	0.104388	-0.006284	0.053465	0.005720	0.066490	0.031656	0.087177	0.179929	-0.036095	-0.083642	-0.075823	-0.052029	0.102913	0.031651	0.134049	0.119470	0.098514	-0.110144	0.221525	0.032765	0.155927	0.022058	0.058028	0.152623	-0.049947	0.007233	0.052962	-0.118437	-0.130434	-0.051860	-0.011304	0.037903	0.009435	0.125713	-0.068761	-0.017972	-0.035692	0.060559
chr20:60998206-61000206	0.468044	-0.419741	0.045073	-0.064751	0.536111	-0.104654	0.007430	-0.111413	0.001062	0.008488	-0.188882	-0.144747	0.124017	-0.157121	0.071633	0.136082	0.010255	0.128316	0.015117	0.140794	-0.112926	0.286062	0.095227	0.173800	-0.016890	-0.100194	0.112467	-0.053716	0.127415	0.120572	0.017804	0.089042	0.158244	-0.085697	-0.023489	0.016235	0.059221	0.105710	0.084124	0.096094	0.064422	0.100506	0.067703	-0.062566	-0.129787	0.190243	-0.271409	0.121181	-0.151045	0.138378	0.070572	-0.043204	0.159689	-0.128851	0.048943	0.109226	0.049028	-0.062758	0.052542	-0.009553	0.080212	-0.177308	-0.112230	0.037556	0.305651	-0.158728	-0.239458	0.145325	0.014835	-0.050884	0.139399	-0.183482	-0.128929	-0.018214	-0.085606	0.002166	0.095634	0.062492	0.062341	-0.077404	-0.061121	-0.009210	0.068741	-0.088175	0.258674	0.025301	0.036641	0.012353	0.031980	-0.063364	-0.070604	-0.162643	-0.131787	-0.009193	0.021763	-0.092645	-0.128968	0.147813	0.025680	-0.011522	-0.122466	-0.063300	0.071002	-0.047662	-0.046554	-0.182031	-0.115730	0.023659	-0.256271	-0.024828	0.063182	0.086974	-0.009959	-0.067987	0.064172	-0.018810	0.089337	-0.064737	-0.032614	0.111144	-0.114155	-0.151608	0.069774	0.019919	0.049262	0.002339	0.182025	-0.023869
chr20:61686356-61688356	0.570714	0.964735	-0.702756	0.073153	0.706561	0.376308	-0.392323	-0.408326	0.255345	0.091910	0.002816	-0.209468	-0.014988	-0.093065	0.103048	-0.288163	-0.127731	0.230898	0.006965	-0.049234	-0.010742	-0.078049	0.093697	0.052288	0.023398	-0.179657	-0.154393	-0.330016	0.081252	-0.156074	0.187953	-0.040034	-0.049676	-0.121922	-0.113466	-0.144455	-0.183890	-0.002702	-0.053939	-0.064496	0.078324	0.045452	-0.165975	0.270070	0.176294	-0.062471	0.063758	-0.025257	0.346597	0.090744	-0.144369	-0.035334	-0.101334	-0.245580	-0.113026	0.127146	0.027703	0.027905	-0.241657	0.073933	-0.053937	0.105493	-0.007371	0.304361	0.111163	0.026713	0.018846	0.096821	0.076101	-0.055438	0.080978	0.176844	-0.122754	0.087668	-0.114793	0.032954	0.030236	0.057523	0.021056	0.106568	0.056762	0.024596	0.064850	-0.105153	-0.109988	-0.155053	-0.051023	0.027402	0.053172	0.003495	-0.012958	0.040797	0.010057	0.040900	-0.049347	-0.050319	0.115333	0.048261	-0.012518	0.083347	-0.189917	0.135644	-0.196155	-0.030579	-0.015688	0.018518	-0.175385	0.071024	-0.103201	0.010859	-0.075529	0.183603	0.159644	0.059364	-0.083975	0.009292	-0.041207	0.031193	0.064129	-0.029899	-0.245822	-0.140196	-0.040570	-0.056229	-0.213249	-0.009220	-0.097825	0.080085
chr20:60876406-60878406	0.306625	-1.173082	-0.313903	-0.020198	-0.001478	0.114349	-0.051778	-0.113628	-0.045334	0.028217	-0.059931	-0.203033	-0.041213	-0.014586	-0.088681	-0.061091	0.043329	-0.024043	-0.057655	0.009140	0.104448	-0.063873	-0.182968	-0.060892	-0.155042	-0.088198	0.020040	0.050154	-0.023534	-0.192392	-0.222880	-0.113381	-0.081663	0.000822	-0.055709	-0.027205	-0.040988	0.009437	-0.108034	0.130368	-0.072170	-0.080732	-0.150005	0.032564	-0.112585	-0.152798	-0.038953	-0.056950	0.109532	0.076224	-0.019089	-0.014781	-0.028184	-0.158579	-0.235095	0.072584	-0.205329	0.051420	-0.001129	-0.162234	-0.026500	0.008101	-0.012886	-0.268961	0.068377	0.001245	0.058826	0.011581	0.134661	-0.028606	-0.219117	0.007182	0.125665	0.105368	0.026113	-0.101690	-0.285897	-0.069588	-0.129022	0.033149	-0.082200	-0.011962	0.029049	-0.271365	-0.214078	-0.188569	-0.086646	0.052196	-0.058656	0.105544	0.081777	-0.005494	-0.085503	0.080390	0.166304	0.063235	0.112636	-0.134564	0.084079	-0.020023	-0.120966	0.033486	-0.005860	-0.063306	-0.064144	-0.161207	-0.101317	0.082072	-0.000718	-0.030904	-0.018543	0.078002	0.026321	-0.171543	0.168884	-0.113512	-0.065575	-0.093087	-0.081225	0.018802	-0.099385	-0.028473	-0.058281	0.073827	0.111798	0.036475	-0.120348	-0.032781
chr12:52343734-52345734	0.603142	0.387905	-0.326283	0.075046	0.120356	0.043941	0.171997	-0.415479	0.174405	0.021810	0.013803	-0.160168	-0.077396	0.076112	0.202603	-0.243362	0.270623	-0.169183	-0.039991	0.081461	-0.227535	-0.212231	-0.025943	-0.104384	0.144202	0.104232	0.040980	0.042283	0.073781	0.179437	-0.142482	-0.122447	-0.172081	0.055518	0.023196	-0.010783	-0.037124	0.074774	-0.166844	-0.127627	0.108745	-0.036714	0.113672	-0.079138	-0.153894	0.141753	0.084295	-0.120317	0.066178	0.015189	0.180239	-0.119208	0.047620	0.033282	0.104539	-0.193838	0.081015	0.057059	0.274152	0.048554	-0.076524	0.112876	-0.027404	0.078566	-0.065082	-0.029456	0.045919	-0.031984	-0.081509	-0.058617	-0.149388	0.241848	0.128111	0.070807	-0.177911	0.187232	0.269938	-0.102456	0.053962	0.292938	-0.068089	0.021245	-0.019253	0.056467	0.055407	0.030615	0.143267	-0.010389	0.205334	0.030817	-0.039409	0.008876	0.041433	0.075671	-0.051537	0.075435	0.054356	0.195000	-0.006481	-0.125569	-0.020565	0.015647	0.020089	-0.101540	-0.040585	-0.075516	0.112351	-0.095956	0.107342	0.078547	0.033990	0.064093	0.077476	-0.147190	-0.023197	0.005295	0.018263	-0.062015	-0.196016	-0.034737	-0.022350	-0.096449	0.006711	0.053838	0.104056	0.029880	-0.004193	-0.042285
chr12:53458934-53460934	0.258590	-0.605535	0.091345	-0.088842	-0.032061	-0.310581	-0.048249	-0.047793	-0.084062	0.169413	-0.119143	-0.078222	0.056632	-0.185408	0.020497	-0.055050	0.114589	-0.050169	0.119082	0.253048	-0.005549	0.095899	-0.274386	0.106968	0.029925	0.093997	0.004373	-0.062306	0.200646	-0.089391	0.001541	-0.079718	0.012042	0.076362	0.149796	0.120102	0.005597	0.022574	0.132812	-0.039812	0.067356	-0.096463	0.025808	-0.187731	0.016696	0.088096	-0.089409	0.034441	0.072250	0.114784	-0.013243	-0.141020	-0.154441	0.031491	-0.058268	-0.006807	-0.140580	0.122308	0.309794	0.009497	0.099439	0.028090	0.111757	0.096314	-0.007084	-0.156023	-0.014882	0.037650	0.098306	0.107535	0.185763	-0.122199	-0.067967	0.050093	-0.023631	-0.118861	0.265327	0.160098	-0.015272	-0.140139	0.084836	0.149980	-0.027248	-0.007106	0.004255	0.070563	-0.007800	-0.022707	0.035745	0.043450	-0.262721	0.108466	0.061754	0.056648	0.039864	-0.112162	-0.041606	0.038190	-0.082486	0.116198	0.160993	-0.156157	-0.170367	0.175454	0.066516	-0.133149	-0.142554	0.014037	-0.006750	-0.029154	-0.002118	-0.168531	-0.097844	-0.106033	-0.047963	0.099357	-0.036779	0.052822	0.005960	-0.064387	0.109130	-0.145781	0.037900	-0.153177	0.094234	-0.030359	-0.046547	-0.097708
chr12:52416134-52418134	0.355742	-0.456867	-0.286113	0.009850	0.172560	0.007197	-0.113699	-0.033917	0.034582	0.192339	-0.111805	0.016450	0.197358	0.342308	-0.037471	0.082214	-0.009924	0.117767	0.125055	-0.068490	-0.262554	0.006685	-0.031615	0.028749	0.066885	-0.072557	-0.177299	0.147047	-0.177950	-0.120273	0.132381	-0.075557	-0.219307	-0.108151	-0.158876	-0.014348	0.191117	0.293836	-0.057713	0.060651	0.018081	-0.014805	-0.038033	-0.079105	-0.064743	0.028685	0.166025	-0.049857	-0.013962	-0.299209	-0.048179	-0.029937	-0.015353	-0.076039	0.046630	0.092170	0.180719	0.043104	-0.024263	0.253529	-0.005995	-0.023257	0.147017	-0.181993	-0.043830	-0.024986	-0.031319	0.035115	0.225867	-0.144973	0.118674	0.119535	-0.008035	-0.026379	0.042946	0.114971	0.052004	0.053978	0.016341	0.144288	-0.012949	-0.061588	0.172225	0.243361	0.091498	-0.011718	-0.100974	-0.056430	-0.122334	0.007797	-0.034910	0.033072	-0.011561	-0.029464	-0.119339	-0.044244	-0.053931	-0.076756	0.070930	0.096309	-0.104975	-0.084374	-0.058753	0.173764	0.077552	0.077100	-0.002212	-0.117946	-0.038939	0.109731	-0.064246	0.074758	0.139192	0.027871	0.069628	-0.178105	0.050727	-0.122313	0.014762	-0.010107	0.070426	0.044697	0.056160	0.060337	0.107831	-0.060397	-0.061884	0.085941
chr12:52416734-52418734	0.087103	-1.282332	-0.111593	-0.110470	-0.038094	0.348110	0.068125	0.123026	-0.016091	-0.009082	-0.090864	-0.231685	0.054992	0.273010	-0.020899	0.072442	-0.213168	0.144969	0.006433	-0.074708	-0.192352	0.049238	0.090210	0.154939	0.090427	-0.083901	-0.003156	0.130000	-0.117356	-0.204887	0.164021	-0.033232	-0.350289	-0.105946	0.039500	0.053182	0.116390	0.266636	-0.021018	0.074225	0.035588	0.052077	-0.034820	-0.117164	0.028446	-0.082237	0.133191	-0.097555	0.031080	-0.065490	-0.118182	-0.186921	0.017030	-0.005775	0.078109	-0.040291	0.107283	0.070609	-0.030423	0.020926	0.103871	0.037507	0.145490	-0.129739	0.049984	-0.058859	-0.021678	0.065154	0.115490	-0.152498	0.098716	0.180149	-0.044657	-0.023396	-0.033224	-0.062449	0.079125	0.041237	-0.064918	0.100315	-0.118474	-0.091427	0.126377	0.119233	0.049557	-0.003104	-0.117368	-0.176801	-0.183773	0.103445	-0.014425	0.034454	-0.018978	0.019133	-0.127026	0.032980	-0.077232	0.014903	-0.012424	-0.001310	-0.041056	0.020830	0.062776	-0.052341	0.170343	0.031512	0.082858	-0.062635	0.005357	0.196103	0.041739	0.041521	0.036727	-0.007405	0.159063	-0.230654	-0.014148	0.054971	-0.062859	0.038016	-0.064521	0.023107	-0.072294	0.142019	0.072762	0.014404	0.000602	-0.028328
chr4:1769135-1782393	0.047762	0.188235	-1.034732	-0.011538	0.091649	0.115896	-0.211743	0.084766	-0.176765	-0.000522	-0.057494	0.114608	-0.103634	0.204277	-0.078547	-0.047919	-0.147843	0.212157	-0.017671	0.002139	0.168758	-0.179533	-0.095853	-0.007255	-0.014117	0.003433	0.149363	0.022317	0.006937	-0.103965	0.052289	0.250590	0.043836	-0.080700	-0.112133	-0.083485	0.052796	-0.030215	-0.144661	-0.114636	-0.052172	-0.009275	0.044622	0.090296	0.038759	0.044564	0.020993	-0.094455	-0.119750	0.039792	-0.026769	0.258177	0.162137	0.078497	0.049066	-0.220581	0.115903	0.107495	-0.119934	0.015907	-0.139059	0.019670	0.066510	-0.131820	0.056089	-0.006052	-0.008094	0.073311	-0.108309	-0.079380	-0.091600	0.093450	-0.062271	-0.178401	0.037642	-0.029786	-0.053413	-0.076324	0.054429	0.097429	-0.028331	-0.049919	0.054624	0.048470	-0.052994	0.090217	-0.038624	-0.153663	-0.038940	0.001150	-0.111354	0.103091	0.112002	0.055913	0.091078	0.038204	0.019388	-0.065546	-0.117425	-0.056055	0.008089	0.086718	0.072631	0.124657	0.033763	0.105915	-0.008648	-0.033458	-0.017777	-0.083971	0.010452	0.100273	-0.124666	-0.131753	-0.096384	-0.030571	-0.090564	0.026672	-0.059103	0.062548	0.010349	0.074294	0.116007	0.009138	0.095053	-0.007409	-0.091272	0.065869
chr4:1762585-1762735	-4.534442	0.332830	-0.529734	-0.837202	0.002909	-0.264155	0.344312	-0.082227	-0.202530	-0.157518	0.299368	-0.068159	0.019620	0.220754	-0.042975	0.067148	0.038694	-0.094175	0.127336	0.137830	-0.108378	-0.191551	-0.051056	0.278730	0.228461	-0.224768	0.268832	0.143135	0.082421	-0.255566	0.176557	-0.189106	-0.288582	-0.038897	0.202259	-0.140080	0.151215	-0.325575	-0.111078	-0.121603	-0.146271	-0.044344	0.018796	0.083942	0.013437	0.209444	-0.105177	-0.216818	0.025347	-0.053706	-0.192152	-0.000218	-0.392187	0.139355	-0.015723	-0.032454	-0.388868	-0.184891	-0.242521	-0.195873	0.255783	0.313663	-0.101919	0.173938	-0.146031	-0.130692	0.078289	-0.006776	-0.034647	-0.168847	-0.275473	-0.138614	0.017258	0.014052	-0.034777	-0.090686	-0.105358	-0.140966	0.235736	-0.163712	-0.064014	-0.132010	0.139356	-0.030720	-0.078845	0.100973	0.011631	-0.240417	0.028992	-0.027089	-0.003431	0.013138	-0.091813	-0.138000	0.078914	0.095739	0.207298	-0.162554	0.230667	0.096382	0.099370	-0.070848	0.061118	0.196738	-0.055180	-0.257001	0.158294	0.149074	0.122714	-0.110692	-0.060907	-0.167872	-0.077685	-0.164084	0.209878	0.149197	-0.207551	-0.179830	0.048083	-0.134976	-0.123383	-0.116686	-0.099562	-0.003228	-0.022970	-0.154235	0.054740	-0.049125
chr17:61776669-61778669	0.264536	-0.609244	0.307277	0.107317	-0.243531	-0.034027	0.063643	-0.147855	-0.129185	-0.041996	0.092949	0.055882	0.322985	0.024303	-0.076486	-0.026833	0.165429	-0.030636	0.176065	0.030732	0.087191	-0.032729	0.092540	-0.093006	-0.057552	0.015500	-0.268581	-0.082649	-0.138261	0.175381	-0.104390	0.099102	0.110944	0.161410	0.000152	-0.065082	-0.109540	0.000256	-0.032876	0.041627	-0.114175	-0.077724	0.017628	0.135823	-0.253688	0.115910	-0.141153	-0.229548	0.154311	-0.095816	0.058207	-0.188310	-0.089045	0.299560	-0.062700	-0.061253	0.248992	-0.050323	-0.052402	-0.007276	-0.098078	-0.239239	-0.050893	0.121406	0.201855	0.073025	-0.007670	0.188793	-0.003695	0.112187	0.083899	-0.022781	0.142560	-0.081179	-0.104795	0.093469	0.075700	0.134636	-0.025053	0.010806	0.012014	0.034159	0.076216	0.075710	0.073210	0.342063	-0.196571	-0.057023	-0.179899	0.161352	-0.010660	0.106387	-0.097160	-0.087904	0.117345	0.109746	0.020836	0.142576	-0.056767	0.156679	0.031536	0.138213	0.079203	0.025640	0.079000	0.102840	-0.090805	-0.023569	0.079957	-0.030393	0.174004	-0.067027	0.077183	0.110043	0.178383	0.102342	0.123926	0.068678	-0.001840	-0.126040	0.087086	0.037011	0.236851	-0.069285	0.065795	0.033659	-0.009364	0.004072
chr17:61513469-61515469	0.611549	-0.106846	0.130609	0.020111	-0.100412	0.053888	0.194817	-0.270218	0.427098	0.065202	0.293670	0.111007	-0.075221	-0.081118	-0.034423	-0.222852	0.063313	0.002296	-0.022429	0.071795	0.037418	-0.126252	-0.124414	0.033497	0.059093	-0.001518	0.106003	-0.086204	-0.068651	0.058685	-0.056801	0.161903	-0.048395	-0.037520	-0.167119	0.001644	-0.081317	-0.088446	-0.061457	-0.194833	-0.103983	0.281800	0.083883	0.217925	0.054787	0.202042	0.091826	0.039228	0.029111	0.060825	0.036326	0.077359	-0.200603	0.017716	0.031363	0.235148	0.005196	0.116177	-0.068428	-0.145368	-0.035186	0.029157	-0.027578	0.047941	-0.265753	0.033747	-0.002273	0.021108	-0.153058	0.159904	0.184554	-0.049340	0.097756	-0.040890	-0.060020	-0.038606	0.009111	-0.053485	-0.039494	0.042753	-0.028526	0.109062	0.105847	0.065517	-0.155238	-0.062493	0.007517	0.044685	0.298128	0.005855	0.053501	0.060414	0.075880	-0.013146	-0.032999	-0.150561	-0.041151	-0.072164	-0.243927	0.034075	-0.016242	0.195012	-0.058692	0.033968	0.169156	-0.015879	-0.002313	-0.058223	0.115800	0.012360	-0.044127	0.066026	-0.039563	0.098847	-0.082402	0.138887	0.001701	-0.119708	-0.000303	-0.076540	-0.190154	0.083278	0.159721	0.037646	-0.131990	-0.030571	-0.109659	-0.193231
chr17:61042869-61044869	0.739246	0.378839	0.153241	0.113611	0.030426	0.079826	0.205504	0.124568	0.036560	0.140380	0.494216	0.120993	0.276546	0.086867	0.128941	-0.096234	-0.139582	0.176533	0.057210	-0.093581	-0.226154	-0.081634	-0.038940	0.198117	-0.013459	-0.283665	0.102099	0.108646	-0.175204	0.029982	0.128289	0.014753	0.022812	-0.059530	0.047016	0.122766	-0.043549	-0.015137	0.108247	0.044584	0.042961	-0.098462	0.087825	-0.060810	-0.128633	-0.245014	-0.010445	0.137856	0.017379	-0.110244	0.192551	0.002583	-0.082595	-0.061063	-0.244780	0.127084	-0.190428	0.052148	0.078230	0.051076	0.082669	0.086729	0.019139	-0.141248	0.158233	0.140367	-0.010729	-0.021202	-0.169515	-0.098969	0.157557	-0.183780	-0.041386	0.042171	-0.055382	0.086372	-0.000187	-0.038596	-0.121479	-0.171413	0.010032	0.069484	-0.001357	0.069164	0.092774	0.222355	0.085797	-0.081428	0.086140	-0.281655	-0.039577	-0.098688	-0.066603	0.038348	-0.034118	0.173913	-0.146936	0.207833	-0.096305	0.079154	-0.228471	0.041366	-0.048762	-0.135660	0.105206	0.098250	0.024543	-0.020478	-0.015222	-0.042683	0.034371	0.017596	0.118897	-0.205063	0.122339	-0.077089	0.143207	-0.017122	-0.048304	0.226791	-0.144526	-0.033281	0.164204	-0.081112	-0.261774	-0.096575	0.001053	-0.024991
chr7:101929905-101930115	-2.752443	2.125104	-0.098209	-0.121592	-0.281049	0.129997	0.069052	0.161651	0.002024	0.652854	-0.271112	-0.414234	-0.441598	0.209222	-0.138122	-0.002080	-0.324355	-0.154903	0.110016	0.109965	-0.200360	0.187026	-0.459904	-0.378801	0.174448	0.306708	-0.102384	0.143434	0.312130	0.282831	0.318608	0.068864	-0.115715	-0.229914	-0.059199	-0.366634	0.120803	-0.129603	-0.218045	0.000050	0.352001	0.335277	-0.104709	0.017052	-0.123835	-0.001474	-0.102595	0.015987	0.044933	-0.175410	-0.064232	0.048572	0.075084	0.006295	-0.183208	-0.378758	0.010996	-0.023738	-0.262809	0.020777	0.054147	-0.294698	-0.207209	-0.045339	0.267822	-0.063674	0.053049	0.200903	-0.396362	-0.061408	0.069795	-0.553859	0.041297	0.057122	-0.175505	-0.089460	-0.209326	-0.109518	0.332578	-0.053894	-0.082289	-0.018396	-0.051991	0.078565	-0.012019	0.022890	0.161300	0.246495	-0.107479	-0.070745	0.005268	0.087652	-0.025867	-0.038902	-0.032997	-0.044224	-0.004057	-0.012269	-0.168014	0.030213	0.064464	0.033397	-0.107336	-0.027864	-0.130020	-0.056753	-0.272785	-0.020003	0.142200	0.021392	-0.261039	-0.087980	0.054253	0.079060	0.027052	-0.118849	-0.053170	-0.140673	-0.060152	-0.066949	-0.004456	-0.191587	-0.038477	0.080551	0.264913	0.201896	0.045444	-0.008029
chr7:101358313-101363414	0.348334	2.713272	-0.532827	0.077550	0.008940	0.054198	0.177069	0.052232	0.101968	0.119577	-0.179505	-0.127860	-0.044258	0.000106	0.053688	0.267752	-0.119019	-0.222857	0.064448	0.091715	-0.040864	0.131702	-0.116428	0.002772	0.134934	-0.002202	-0.087977	-0.048396	-0.151226	0.136519	-0.087925	0.011787	0.035307	-0.230024	0.187776	0.191369	0.189012	0.161296	0.080159	-0.393994	-0.067683	-0.007053	0.243240	0.275034	-0.094037	-0.106163	-0.073427	0.003111	0.289930	0.121981	-0.085008	-0.051681	-0.000358	-0.322193	0.029909	-0.025424	0.007739	-0.379643	0.141200	0.049048	-0.000503	-0.251920	0.056203	0.256400	-0.302220	-0.087729	-0.043580	0.088200	-0.150419	0.233042	-0.043960	0.094996	0.163675	0.218619	0.028003	-0.022475	0.164699	0.078664	0.052003	0.014156	-0.039562	-0.029655	-0.052232	0.070300	0.093564	0.017288	-0.147164	-0.139171	-0.166759	-0.002672	-0.030501	-0.013269	-0.106194	-0.154118	-0.022767	0.139431	-0.152228	-0.067554	0.075400	0.487980	0.167197	0.080698	-0.176715	0.072316	-0.036582	-0.201984	-0.065131	-0.101221	-0.048237	-0.035614	0.105954	-0.019424	-0.088160	0.158238	0.253080	0.231445	0.000078	-0.005310	-0.084317	0.137175	0.036125	0.066451	0.121826	0.108575	-0.017779	0.338860	-0.193076	-0.051433
chr7:101360494-101364353	0.652871	0.025264	-0.387356	0.131720	-0.321606	-0.121759	0.046104	-0.156873	0.209667	0.106723	-0.093086	-0.178437	-0.127456	-0.118444	0.147782	0.003519	0.218949	0.081674	0.098313	0.061128	0.183582	-0.201135	-0.286684	-0.272795	-0.047225	0.004385	-0.123321	0.030828	0.044718	0.063049	-0.022005	-0.071403	0.179792	0.046889	-0.031297	0.072324	-0.013728	-0.000112	0.322193	0.010630	-0.026973	0.017074	0.181736	-0.083703	0.033121	0.134480	0.185946	-0.008122	-0.078758	0.018155	-0.183094	0.266320	-0.039158	-0.032143	-0.078924	-0.091681	0.087428	-0.015688	0.127905	-0.040339	-0.057510	-0.129404	-0.058976	-0.032754	-0.037569	-0.135191	-0.085053	0.102465	0.017556	-0.089649	-0.061679	0.098627	-0.041295	-0.057584	0.053802	-0.085289	-0.063081	-0.026673	0.017204	-0.010524	-0.105826	0.108910	-0.045902	0.126218	-0.094285	-0.086213	0.023178	0.095751	-0.276276	-0.052594	0.044817	-0.000145	0.129096	-0.130283	-0.058681	-0.019255	0.115410	-0.038641	0.118435	0.060459	0.044232	-0.136747	0.225760	-0.086451	-0.036232	0.021637	0.131319	0.049388	0.076539	0.052093	0.057362	0.082019	0.117961	0.056996	0.007030	-0.046396	0.081308	-0.116425	-0.080303	-0.063190	-0.141829	-0.043535	-0.016208	-0.136666	0.071547	0.142745	-0.158972	0.056067
chr7:101582792-101593292	0.592507	-0.025450	-0.057848	0.221382	-0.298077	-0.131562	0.186140	0.156406	0.024676	0.084371	0.006929	0.070573	-0.080027	0.132283	0.142482	-0.104831	-0.206730	0.053556	0.094615	0.179599	-0.214560	0.188768	-0.152407	-0.113318	0.097789	-0.187657	0.206967	0.029334	-0.014369	-0.158262	-0.039306	-0.102450	-0.091068	-0.050895	-0.078328	0.047317	-0.098327	0.145169	-0.055777	-0.161010	0.051459	0.022228	0.057286	-0.063380	-0.003290	0.002412	0.024570	0.002820	0.030539	0.200726	-0.219397	0.089993	-0.103073	0.096617	-0.232101	0.108554	0.069465	-0.040215	-0.149930	-0.000407	0.075473	0.176530	0.169034	0.027971	-0.100159	-0.082822	0.216030	-0.044585	-0.049244	-0.073865	0.024708	0.007909	0.191125	-0.011790	-0.167315	-0.141940	-0.032156	0.018371	0.002998	0.057231	-0.087750	-0.064414	-0.231085	-0.064014	0.117373	-0.021133	-0.046107	0.072054	0.021559	0.020959	-0.045375	-0.023401	0.012914	-0.061547	0.074149	-0.132178	-0.210789	0.061191	0.116588	0.058435	-0.174024	-0.110911	-0.095640	0.084623	-0.074142	-0.003912	0.027075	0.077572	-0.087953	0.002447	-0.112574	-0.023922	0.031117	-0.108175	-0.028086	0.057166	-0.017746	-0.014012	-0.073442	0.040237	-0.107870	0.017207	-0.120894	-0.104299	0.023151	0.004898	-0.107963	-0.029544
chr16:30749050-30754714	0.478269	-0.213064	-0.468016	-0.001337	0.034533	-0.003962	-0.044596	0.190369	0.072585	-0.003206	0.107283	0.084151	-0.155625	0.025194	0.085743	0.219743	0.192596	-0.023684	-0.124817	0.092592	0.099956	0.089810	-0.082043	-0.177388	-0.037968	-0.110478	-0.188675	-0.029033	-0.206635	0.051087	-0.242408	-0.044763	0.019323	-0.127257	0.066256	-0.190034	-0.009440	-0.129872	-0.245889	-0.017836	-0.001946	-0.061229	0.051047	-0.293026	0.169981	0.226819	0.148151	-0.285576	-0.068297	-0.260508	0.130408	0.126150	0.091816	-0.017083	-0.039784	-0.076945	-0.235430	-0.381973	0.004593	0.173896	0.206303	-0.112088	0.310042	-0.006406	-0.178885	-0.168716	-0.097092	-0.034365	0.139229	0.093820	-0.140854	0.108998	-0.211360	-0.025294	0.069858	-0.067906	0.025598	-0.034556	-0.023884	0.127934	-0.056007	-0.009099	0.138801	-0.222797	-0.002766	0.058225	0.202864	-0.050760	-0.124400	-0.015222	-0.012077	0.010162	0.086649	-0.048969	0.046016	0.022682	-0.118678	0.087739	-0.067269	0.125941	-0.101729	0.103123	0.005820	-0.017915	-0.006638	0.121590	-0.072103	0.029817	0.063089	-0.022811	-0.004632	0.026058	0.028985	-0.021547	-0.037642	0.040726	-0.214162	0.013116	0.023798	0.097335	-0.120227	-0.070958	-0.040581	-0.091963	-0.090282	-0.194343	-0.160388	-0.058141
chr22:50627110-50632030	0.312728	-0.007328	-0.784091	-0.067804	-0.140019	0.323325	-0.142389	0.038319	-0.012946	-0.133623	0.152529	0.180815	-0.110527	-0.301284	0.012953	0.037778	0.207624	-0.069918	0.056177	0.092266	0.112930	-0.282126	-0.110923	-0.142156	-0.147816	-0.151922	-0.163887	0.038585	0.163101	0.087739	0.032028	0.196181	0.194693	0.042903	0.058039	-0.011424	-0.087215	-0.020426	-0.054421	0.121374	-0.052223	0.007580	0.090209	0.056470	0.267198	-0.063410	-0.018572	-0.035799	0.241828	-0.086329	0.100427	-0.113535	-0.153716	0.101019	-0.015222	-0.025913	-0.346801	-0.002750	0.004902	-0.172800	0.046211	0.070950	0.053693	-0.079760	0.053464	0.106665	-0.174597	0.029801	0.054751	-0.097520	0.121707	0.027371	-0.073647	0.151350	-0.079192	0.084581	-0.067768	-0.056949	0.018467	-0.139256	0.017368	0.005588	0.025313	-0.009218	-0.005268	-0.151180	-0.194042	0.155508	-0.047780	-0.097394	0.109736	-0.054431	0.108298	0.043339	-0.006636	0.071543	0.238323	0.033196	-0.026699	0.178054	-0.071078	0.105605	0.021882	-0.001761	-0.096567	-0.234933	0.044269	-0.002121	0.169506	0.034938	-0.075483	0.009488	0.155881	-0.159315	0.014851	-0.105114	0.003652	-0.097363	0.057064	0.054634	-0.032671	0.178247	-0.126267	-0.130619	0.210687	-0.094424	0.082937	0.052904
chr22:50714605-50714910	-3.693999	-0.185751	-0.575120	-0.679810	-0.333228	-0.012864	-0.412396	0.224747	0.019246	-0.057568	0.264202	0.294262	-0.132138	0.132208	0.438527	0.539904	0.187393	-0.105029	-0.032765	0.029518	0.450708	-0.013146	0.112321	-0.051663	0.300609	-0.113433	0.174154	0.148692	-0.109837	0.112177	0.028472	-0.162579	0.011325	0.239846	-0.030633	-0.306080	-0.083476	-0.178013	0.156072	-0.097627	0.152959	0.068334	0.001197	0.258386	-0.027907	-0.206856	-0.019974	0.083660	0.130444	0.101756	-0.240956	-0.032996	-0.038846	0.042017	-0.021697	0.146506	-0.072693	0.296116	0.139795	0.033139	0.122445	-0.001835	0.158611	0.055956	0.063264	-0.040860	0.001941	0.031411	0.165086	-0.164541	-0.039361	-0.182731	-0.016055	0.045930	-0.128834	0.257592	0.029322	0.213819	-0.142760	0.089225	0.107932	0.059499	0.128364	0.215682	-0.097924	-0.016504	-0.168473	0.037777	-0.206186	0.125067	0.086180	0.080699	0.100787	-0.256924	0.025237	0.070828	-0.015928	0.262336	0.045290	0.061581	-0.067764	-0.123035	-0.148259	-0.039384	0.002329	-0.176238	-0.039798	0.051278	0.033749	0.097871	-0.036309	-0.079771	-0.021335	0.153008	-0.104533	0.089600	0.076654	-0.001940	0.097384	-0.028995	0.236063	0.050215	-0.052171	-0.107943	0.097760	-0.163024	-0.052742	0.016918
chr22:50637674-50639674	0.233005	-0.281564	-0.137814	-0.068538	-0.132655	-0.018679	-0.057325	-0.172343	0.009035	0.170071	-0.036903	0.198271	-0.242993	0.075460	-0.083675	0.019987	0.030840	-0.087932	0.017485	-0.281138	0.034714	0.280696	-0.244128	-0.018565	-0.132420	-0.021026	0.033885	0.213859	0.121306	0.033095	0.085568	-0.050237	-0.099686	0.013443	0.059971	0.200546	0.142056	0.144851	0.025034	0.067075	0.061857	0.019271	-0.150214	0.069263	0.030556	-0.004846	0.012434	-0.111026	0.161813	0.023749	-0.212997	-0.007581	-0.073182	-0.067443	-0.030649	0.125746	0.097448	-0.024453	-0.091107	-0.038109	-0.043568	-0.038125	0.129722	0.120587	-0.043930	-0.124116	0.013830	-0.107814	-0.073709	0.299921	-0.221196	-0.088783	0.138403	0.023416	-0.106878	0.046803	0.062422	0.034762	-0.085927	-0.159390	-0.084589	0.133937	0.022759	-0.173307	0.098609	-0.090964	-0.022408	-0.168048	-0.079800	-0.195743	-0.054455	0.006344	0.099384	0.050825	-0.161702	-0.045648	0.079770	0.045571	0.101761	0.119923	0.078815	0.050588	-0.103982	-0.177273	0.062518	0.040164	0.081603	0.112736	-0.146923	-0.055913	-0.176944	0.002984	-0.132062	0.016408	0.140544	0.021175	0.073757	-0.005930	-0.029670	0.015638	0.207163	0.012431	0.079556	0.085868	0.097461	-0.084707	-0.023241	0.023000
chr22:50608540-50608695	-5.245616	1.312055	-0.775155	-0.621422	0.132446	-0.156676	0.283005	-0.418292	-0.448334	-0.255396	-0.382684	-0.561390	0.128703	-0.173377	0.549016	0.085266	-0.798466	-0.895194	-0.118800	-0.316475	0.657763	-0.425869	-0.091122	-0.258512	-0.460108	-0.354988	0.727175	0.469644	-0.145185	-0.078830	0.026433	-0.567842	0.141245	0.311526	0.107996	0.081032	0.009258	0.186865	-0.051538	0.117004	-0.161284	0.181087	-0.410894	-0.105420	-0.130071	-0.074447	-0.083768	0.320893	-0.103525	0.083755	-0.086032	0.127107	0.125648	0.196364	-0.339921	-0.073286	0.280097	0.074223	-0.289133	-0.050850	0.167489	0.074611	0.072268	0.253334	-0.068539	0.227300	-0.296793	-0.031281	-0.020106	0.158090	0.049105	0.035798	-0.075500	-0.001437	0.056768	0.135961	0.046138	0.039346	0.344967	-0.104474	0.085748	-0.016779	0.076019	-0.100163	-0.092100	0.091997	0.046659	0.098754	0.113884	-0.023318	0.197200	-0.313499	-0.000096	0.190044	-0.038062	0.164157	-0.171694	0.036313	-0.022143	0.106987	-0.157415	-0.279799	-0.045480	-0.079220	0.177248	0.057154	0.032119	0.007692	0.114977	0.149321	-0.037731	0.123113	0.174408	0.027490	-0.117193	-0.098163	-0.193491	-0.085789	0.048086	-0.047379	-0.073624	-0.040559	0.057161	0.126106	0.013736	0.032909	0.098929	-0.079725
chr4:1804443-1813395	0.006275	0.576958	-0.982284	-0.045782	0.143787	-0.063251	-0.094985	0.074497	0.009606	-0.027820	-0.030869	0.316948	0.013135	-0.032870	-0.086062	-0.034255	0.034766	-0.136940	0.040852	0.081553	0.073994	-0.008075	-0.144219	0.078675	0.046091	-0.034831	-0.032865	0.075004	0.005793	0.023402	0.067154	0.008987	0.002897	-0.009772	-0.000212	0.000690	0.047289	0.111059	0.026993	0.008292	0.051370	0.003994	-0.029209	0.002885	0.100078	0.094331	0.033063	-0.007930	0.024770	-0.003193	-0.062597	0.199208	0.130665	-0.143552	-0.093216	-0.133251	0.158982	-0.161289	0.143517	-0.036332	0.147168	0.086415	0.045132	-0.037868	0.078406	0.007953	0.161368	-0.023204	-0.089199	-0.079644	0.111114	-0.089115	0.243339	-0.148580	0.041976	-0.065289	0.017128	-0.007372	0.236502	0.138568	-0.006983	0.070023	-0.094936	0.096336	-0.209339	-0.050730	0.023069	0.117360	0.053275	-0.083238	-0.092556	0.010248	-0.018465	0.078201	0.127298	0.088665	0.113146	0.043718	-0.021724	-0.147838	-0.037115	0.108019	0.055913	-0.145374	0.117949	0.029185	0.146502	0.028524	0.095996	-0.151510	0.082543	0.001328	-0.032691	-0.029835	-0.040262	-0.013276	-0.092287	0.001457	0.098716	0.055234	-0.151861	-0.003195	-0.072506	-0.090758	-0.013051	0.037385	-0.077930	0.031932
chr20:46775569-46780963	0.902569	-0.413003	-0.137039	0.144781	-0.055714	0.253229	-0.123735	-0.341596	0.083199	-0.102595	-0.043227	-0.181932	-0.098718	0.159358	0.126091	0.221394	-0.007001	0.027538	-0.129973	0.053664	0.041072	-0.392842	0.270496	-0.066367	-0.028739	0.241798	-0.014550	0.205632	0.058693	-0.016273	-0.018484	-0.004160	-0.008150	0.058607	-0.029999	-0.062426	0.091769	0.224656	0.078501	0.068057	-0.133433	0.061983	0.152716	0.198573	-0.004658	0.206843	0.111578	0.067950	-0.109144	-0.029324	-0.232168	-0.076829	0.093156	-0.176592	0.063033	0.044243	0.088613	-0.076765	-0.095275	0.264064	0.138426	-0.130220	-0.277204	-0.110606	0.047703	0.007882	-0.084579	0.064593	-0.021650	-0.074985	0.170472	-0.185020	0.070958	0.145518	-0.011267	0.015962	0.039822	-0.040392	-0.007461	0.096041	0.054744	-0.070518	-0.075792	-0.170164	-0.099255	-0.057487	0.035314	0.015762	0.108970	0.221708	-0.177911	0.027476	-0.025557	0.100632	0.146414	-0.048827	-0.096741	0.166201	-0.181627	-0.065710	-0.050799	-0.048451	0.040464	-0.026813	0.033837	-0.096782	0.239794	-0.053290	0.055195	0.017250	-0.003945	0.015273	0.044021	0.170117	-0.143790	-0.075662	-0.001336	-0.027091	-0.090739	0.004733	0.044000	0.114371	0.082340	0.046884	0.112211	0.008093	-0.069459	-0.023064
chr20:46778394-46780394	0.525097	0.306064	-0.057501	0.130037	0.059851	0.239202	-0.193554	-0.203366	-0.104862	0.146217	-0.127880	0.075179	-0.164866	0.102688	-0.236100	0.052471	0.228005	0.149534	0.176825	0.106013	-0.256193	-0.030421	0.257573	-0.026014	0.072216	-0.023804	0.032115	0.042072	0.196968	-0.160017	-0.017127	0.228952	0.235440	-0.103213	-0.081970	0.009382	-0.067430	-0.115945	-0.044884	0.040076	0.120135	-0.138304	-0.143316	0.200880	-0.060712	-0.238684	-0.075287	-0.031810	-0.038900	0.023520	0.125276	0.139923	-0.078073	0.034135	0.050427	-0.093096	0.153950	-0.058282	0.141910	0.272404	0.121267	0.144291	0.000872	0.241312	0.282595	-0.014960	-0.184459	0.060727	-0.107463	-0.209488	0.204623	0.117214	-0.228808	-0.058017	-0.316938	0.116029	0.026123	0.199282	-0.053204	-0.053856	-0.107730	0.089188	-0.067482	-0.059355	0.146189	0.115459	-0.030236	-0.061806	-0.062709	-0.026998	-0.199342	0.244506	0.062319	0.126005	-0.104832	0.119243	-0.044538	-0.049627	-0.156026	-0.134339	-0.015673	0.116161	-0.019935	-0.023279	0.042642	0.059601	-0.011919	0.055651	0.093413	0.199978	-0.058404	0.066370	-0.033227	-0.060309	0.218067	-0.171023	0.004763	0.047225	0.090311	-0.064578	0.128546	0.085447	-0.106610	0.106778	0.015695	-0.119325	-0.048976	-0.034906
chr20:46697275-46716858	0.713624	-0.091570	-0.062691	0.078198	-0.010732	-0.239236	0.020432	0.049146	-0.014662	-0.041413	-0.151988	-0.171965	-0.009014	-0.029959	-0.110110	-0.071800	-0.139328	0.039572	-0.205351	-0.009728	-0.116282	0.142579	-0.076058	-0.036841	-0.018565	0.018987	0.057588	-0.002311	-0.088408	-0.017931	-0.213706	0.028683	-0.078656	-0.041091	-0.084135	0.040973	0.156718	-0.036581	-0.027385	0.099831	-0.129997	0.041023	-0.005299	0.007988	0.149064	-0.014435	0.068672	-0.007108	0.005884	0.000181	-0.041717	0.097012	0.080285	0.039964	-0.123501	0.091603	0.105559	-0.017039	-0.075561	0.060600	-0.142474	-0.089610	-0.022860	0.027348	-0.083088	-0.060654	0.092590	0.135032	-0.117741	0.012800	-0.064655	-0.000668	0.151342	0.087374	-0.203258	-0.038693	0.180607	0.057019	0.098032	-0.102910	-0.060314	0.111809	0.006377	-0.053337	-0.116911	-0.019521	-0.019078	-0.064616	-0.075710	0.123960	-0.127874	0.018212	0.075418	-0.067831	-0.221565	0.038947	-0.084942	-0.142109	0.043287	-0.089289	-0.172257	-0.084805	0.200061	-0.100744	-0.090520	-0.003718	-0.153435	0.141129	0.058732	0.151335	0.031861	-0.013303	0.000177	-0.034501	0.046946	-0.080115	-0.299892	-0.040877	0.148694	0.061883	0.001085	0.054267	-0.038217	0.047230	-0.065341	-0.007717	0.075418	0.134770
chr20:47374194-47376194	0.552359	0.226095	0.088903	0.055161	-0.678086	0.045310	0.125565	0.069898	0.065513	0.191434	0.005188	-0.070196	0.023954	0.116512	0.018099	-0.075202	-0.068762	-0.000520	-0.015865	-0.225002	0.267014	0.111531	-0.007228	0.054211	-0.140306	-0.086787	0.096532	-0.054907	-0.079141	-0.173722	0.006083	0.031192	0.169818	0.130062	0.000849	-0.079949	0.052355	0.236565	-0.209467	0.120979	-0.061288	0.030135	-0.040972	-0.073516	-0.156689	0.011786	-0.133801	-0.052012	-0.022354	0.120746	0.039421	-0.046893	-0.231319	-0.057199	0.012364	-0.042468	-0.096448	-0.150853	-0.154449	0.045687	-0.048655	-0.119248	0.083325	-0.108046	0.119545	0.155860	-0.012968	-0.023802	-0.028751	-0.080313	0.059931	-0.006515	0.010383	-0.002923	-0.078499	-0.087833	-0.091391	-0.199858	-0.170672	0.222547	-0.071591	0.036361	-0.074017	0.057684	-0.157330	0.207581	-0.110064	-0.077867	-0.079906	0.090159	-0.003332	0.131859	-0.000224	-0.156412	-0.211354	0.051724	-0.049184	-0.053057	-0.035835	0.059743	0.063046	-0.107435	-0.092646	0.016162	0.087093	-0.012860	-0.087997	0.030707	0.031960	0.075781	-0.098218	-0.073533	0.061830	-0.137539	-0.054742	0.174564	0.038736	-0.057363	-0.009704	-0.069498	-0.035561	0.088061	-0.062551	-0.093789	-0.030836	-0.004474	0.042515	-0.033920
chr20:47374855-47379348	1.092750	0.505739	-0.074444	0.231253	-0.499237	-0.109254	0.277760	0.055438	0.104724	-0.051742	0.054058	0.030596	0.120993	0.183028	-0.023506	-0.064384	0.041452	-0.027625	-0.021390	0.099798	0.053346	0.188578	-0.013921	0.031334	-0.248452	0.079036	0.140378	-0.093359	-0.105446	-0.050783	0.025098	-0.122766	0.039288	-0.123394	-0.032393	-0.113283	0.057544	0.237131	-0.006806	-0.126416	-0.038951	0.094194	-0.027455	-0.119564	-0.195211	0.004565	-0.045925	0.007252	-0.076379	0.245413	0.019419	-0.051373	-0.132779	0.043821	-0.000398	-0.054162	-0.041093	-0.084177	-0.047880	-0.081531	-0.081993	0.121822	0.062549	0.001419	0.177115	0.183106	0.019417	0.134256	0.075953	0.081361	0.016931	-0.047147	0.100176	0.014013	0.153991	-0.031508	-0.045936	-0.099553	-0.017854	0.043130	-0.174583	-0.022631	0.014261	0.182585	-0.007106	-0.092821	0.073680	-0.025451	-0.161488	-0.017244	0.095762	0.048059	0.063580	0.007036	-0.012837	0.161384	-0.014622	-0.042480	-0.093320	0.144248	0.060071	0.298347	-0.028194	0.102685	0.143037	0.159563	0.057546	-0.059142	-0.030150	0.126005	-0.318949	-0.035854	-0.054867	0.071228	0.038155	-0.014948	-0.124832	0.019634	0.014911	-0.023108	0.002283	0.040300	0.009504	-0.075288	-0.015426	0.039688	-0.060995	-0.046868
chr20:47119394-47121394	0.346035	-0.211133	-0.029101	0.013224	-0.594165	-0.219462	-0.082645	-0.259613	-0.082673	-0.006660	0.156321	0.036209	0.025125	0.060602	0.003620	0.042375	-0.058145	-0.197640	-0.080063	-0.226632	0.046453	-0.050749	-0.121416	0.113032	0.020330	-0.074868	-0.088673	-0.060732	-0.159624	-0.071144	0.089443	0.045534	-0.088767	-0.132033	-0.032971	0.029210	0.009041	0.017441	0.021175	-0.035905	0.054385	-0.120129	-0.018214	-0.201444	0.011135	-0.191098	-0.082930	-0.036598	0.018231	0.116434	-0.038047	0.098245	-0.147961	-0.003219	-0.076405	-0.094104	0.003508	0.007963	-0.005647	-0.180173	0.345212	-0.024982	-0.053726	0.090247	0.079522	0.005184	-0.195346	-0.098665	0.038238	-0.012372	-0.114273	0.060388	-0.260725	-0.003560	0.072018	-0.063506	-0.167966	0.183651	-0.073019	0.044324	0.147211	-0.081638	-0.041556	0.021080	0.052625	-0.058844	0.098306	-0.032703	0.088667	0.063697	-0.060919	-0.026122	-0.092637	0.030794	0.172699	0.011344	0.127573	0.080813	0.043156	-0.110784	-0.009125	-0.034698	0.041994	0.037730	0.017586	-0.132649	0.024606	-0.064174	0.118084	0.159351	-0.115634	0.152420	-0.129598	0.060363	0.063309	0.100573	-0.048143	-0.177879	0.076804	-0.025672	-0.141567	-0.053026	0.111415	-0.093187	-0.109258	0.153556	-0.062784	0.011972
chr20:61888547-61900656	-0.121727	-0.747289	-0.369201	-0.145307	-0.085873	-0.111858	-0.215257	-0.162892	-0.177211	-0.161932	-0.227626	0.149670	-0.107356	0.135785	0.049792	0.058773	-0.070481	-0.117070	-0.083180	0.145151	-0.038945	-0.080119	-0.149783	0.029742	-0.097332	-0.006980	0.065707	0.011116	-0.114800	-0.270648	-0.030123	-0.032188	0.095949	-0.034366	0.031669	-0.139971	0.006780	0.003054	0.333563	-0.194843	0.180848	-0.250856	0.242640	0.033661	0.102980	0.154071	-0.083077	-0.047209	-0.064664	0.138975	0.224751	0.055041	0.120374	-0.058567	0.062312	0.070678	0.064607	-0.096343	-0.016776	-0.043654	0.056943	-0.048839	0.162082	-0.064363	-0.209765	-0.013986	0.119979	-0.031578	0.013619	0.214543	0.127187	-0.213293	0.077710	0.055135	-0.232747	-0.148362	-0.028414	-0.180500	0.100131	-0.000090	0.083313	-0.074529	0.260642	0.089851	0.134416	-0.071898	-0.057572	-0.099117	0.116733	0.056269	0.092725	0.081772	-0.056545	-0.097782	0.059880	-0.144665	0.207509	-0.013708	-0.058551	0.103648	0.161401	0.053001	-0.163650	-0.010190	0.050440	0.061532	0.145962	-0.099869	0.126880	0.014918	-0.125977	0.102780	0.122821	0.150233	-0.051958	0.131141	0.020500	-0.195176	-0.110166	0.071161	-0.018495	-0.216166	-0.054132	-0.036467	-0.020510	-0.010564	0.128895	-0.130414
chr17:81024312-81026312	0.260043	0.459803	-0.444289	0.040083	-0.027877	0.233434	0.343476	-0.393406	0.011489	0.041244	0.000749	-0.363653	-0.092331	-0.059102	-0.033942	-0.141447	-0.268686	0.131066	-0.028484	-0.102429	-0.186596	0.229937	0.251561	-0.075217	0.094172	-0.014855	-0.057655	0.053013	0.274851	-0.098579	0.068260	-0.158056	0.004959	0.223515	0.163145	0.056577	-0.170032	-0.059744	-0.161014	-0.132484	-0.015250	-0.028839	-0.010592	-0.001302	0.061043	-0.026509	0.020638	0.133424	0.170316	0.044519	-0.019487	0.060260	0.031669	-0.074733	-0.108405	0.024286	0.050622	-0.085490	-0.070883	0.041752	0.018845	-0.067518	0.105210	-0.037979	0.022771	-0.131694	-0.131488	-0.019760	-0.167187	-0.111525	0.087815	0.036841	-0.044067	0.034785	-0.128454	0.009764	0.079799	-0.101325	-0.125340	0.061278	0.179411	-0.107695	-0.082403	-0.187599	0.044827	-0.182072	-0.052167	0.145423	0.128269	0.055871	0.139538	0.005348	-0.328762	0.059143	-0.086503	0.045566	-0.065354	0.030991	0.098691	-0.131110	0.053599	0.097485	0.096999	-0.002662	-0.011901	-0.050492	-0.036962	-0.071433	-0.037549	-0.115572	-0.110225	-0.178840	-0.140466	0.039972	-0.012024	0.063294	-0.109624	-0.041503	0.081943	-0.063001	0.035575	-0.034427	0.011337	-0.056449	-0.080640	-0.016016	-0.071040	0.091096
chr19:45980761-45982761	0.624266	1.146602	-0.279772	0.082049	-0.076879	-0.058555	0.162152	0.440892	-0.019268	0.063939	0.035504	0.025581	0.048287	0.230004	-0.129805	-0.036434	0.127665	-0.167093	0.006230	-0.071827	0.039251	-0.082817	-0.190471	0.010731	-0.012410	0.147157	-0.046161	-0.034630	-0.095588	-0.096494	-0.042429	0.172882	0.065731	0.019237	-0.006026	-0.079294	0.253439	-0.015897	-0.028793	-0.020879	0.176474	0.023866	-0.003685	-0.023196	-0.029103	-0.107820	0.003370	0.105872	0.073818	0.051995	0.078529	-0.120882	0.201544	0.004874	0.021253	0.068945	-0.011718	-0.001752	-0.094786	0.267136	0.026817	-0.120252	-0.006049	-0.001859	0.008829	-0.109553	0.085734	0.003980	0.191472	0.035975	0.112308	0.054261	0.000386	-0.080213	0.040723	0.085701	0.081514	-0.040198	-0.125934	0.112669	-0.180194	0.041652	-0.117356	-0.024420	0.201488	-0.048841	-0.013545	0.090522	0.036607	-0.214921	0.165716	0.058767	0.082840	0.149427	0.332879	-0.087922	-0.183368	0.186077	-0.138955	-0.059345	0.050819	-0.002363	-0.016084	0.012077	-0.006488	0.100085	0.096639	0.071322	0.006707	0.037050	-0.029432	0.082420	0.174940	0.138894	0.202728	0.179436	-0.250441	-0.132442	0.121837	0.079131	-0.162710	0.054765	-0.004342	-0.040177	0.075435	-0.092863	-0.036411	0.270822
chr19:45981680-45981935	-2.953434	0.585839	-0.158597	-0.579891	-0.389908	-0.276204	-0.147635	0.269061	0.217290	0.270406	-0.146089	0.007984	0.264878	0.098991	-0.118396	-0.371726	-0.317379	0.063215	0.347603	0.009740	0.000115	-0.256016	0.235023	-0.141505	0.354783	-0.051551	-0.443332	-0.084920	-0.265201	-0.191003	-0.062027	0.381874	-0.058836	-0.084016	-0.029482	-0.319980	0.089514	0.232446	-0.046045	-0.006179	-0.111677	0.125686	-0.070142	-0.154434	-0.177513	-0.086804	0.007813	-0.154928	0.177220	0.117961	0.041085	0.006341	-0.128228	0.061751	0.143248	0.195420	-0.043716	-0.108281	0.040821	0.076039	-0.148404	0.028371	0.086574	-0.132024	-0.139265	0.188153	0.218852	0.097023	-0.304272	0.269246	0.103914	-0.071241	0.018600	-0.320567	-0.006633	-0.095835	0.177862	0.167582	-0.296668	0.080842	-0.046973	-0.027853	-0.183627	0.192589	0.011183	-0.006182	0.082530	-0.060259	0.190283	-0.112640	-0.049630	-0.196560	0.222232	0.066211	0.207016	-0.049294	0.027768	0.086402	-0.016656	-0.081937	-0.149560	-0.125168	0.062066	0.079154	0.131944	0.143979	0.224906	0.147424	0.058426	0.079202	-0.076622	0.046764	0.016409	0.031784	0.160224	0.033340	0.186528	-0.056939	0.061202	0.096766	-0.040577	-0.100704	0.053830	0.046053	0.063288	-0.044658	-0.071797	-0.057884
chr19:45972165-45972315	-4.444258	0.082652	-0.043594	-0.820348	-0.069519	-0.321490	-0.087488	0.266292	0.007611	0.188410	-0.122226	0.058968	-0.308859	-0.215666	-0.274815	-0.258821	-0.204994	-0.139497	-0.035875	0.045483	-0.024761	0.375651	0.211695	-0.028273	-0.029211	-0.412540	-0.190818	-0.059056	-0.048279	0.082606	-0.345331	0.090383	0.001905	-0.098628	0.109722	0.111062	-0.194708	0.040006	0.072488	0.043624	0.240084	0.097749	-0.371913	0.508337	0.139543	0.013506	-0.057902	0.086899	-0.247413	-0.237522	-0.043327	0.124918	-0.100623	0.139423	0.011722	0.221921	0.058327	-0.160635	-0.177310	-0.176243	-0.184221	0.103681	-0.077102	-0.050911	-0.100642	-0.067782	-0.023230	-0.259193	0.058735	-0.328707	-0.030691	-0.028614	-0.224591	-0.050141	0.116348	-0.051943	0.000989	0.054217	0.068103	-0.101657	0.202257	-0.017189	0.153767	0.074079	0.045639	-0.277354	-0.000915	-0.108564	0.134043	-0.035286	0.150761	0.001688	0.123286	0.068144	0.043352	-0.099659	-0.032735	-0.092599	0.013878	-0.033033	-0.192898	0.018924	-0.112694	0.225831	-0.089261	-0.056779	0.057075	-0.152474	0.116880	0.123259	0.182061	0.077610	0.196561	-0.187575	0.107595	-0.087639	-0.122433	-0.058261	-0.286720	-0.124873	-0.017556	-0.177586	-0.001159	0.027612	-0.023113	0.027037	-0.010722	0.117818
chr19:46319965-46320115	-4.035589	0.756904	-0.136542	-0.324749	-0.545171	0.000090	0.148513	-0.449590	-0.033124	0.095711	-0.065910	0.322248	-0.667114	0.406360	0.335069	-0.381758	0.123952	-0.104145	0.280091	-0.590773	0.291251	-0.073485	-0.088960	0.539259	-0.238784	-0.044608	-0.141915	0.273701	-0.179547	-0.264929	-0.060481	0.022636	-0.299982	0.276797	0.295985	-0.405653	-0.095749	0.189781	0.165316	0.269508	-0.318971	-0.404143	0.055436	-0.097839	-0.201893	-0.122272	0.182215	-0.077444	-0.184371	-0.214988	0.149919	0.062295	0.134620	-0.306724	0.104747	-0.325223	0.050956	0.085078	-0.023896	0.134280	-0.034148	0.060095	-0.009282	0.180341	0.169320	0.134681	0.083278	0.092032	0.050206	-0.080970	0.187316	-0.135823	0.072268	-0.280818	-0.120495	0.057924	0.216356	0.144185	-0.034102	-0.171013	-0.213719	-0.082106	-0.032970	0.192126	-0.248417	-0.083287	-0.266031	-0.157596	0.224667	0.286878	0.098524	0.329065	-0.173431	-0.135215	-0.164743	0.065033	-0.042349	0.150815	-0.146567	0.043070	-0.256172	0.031614	-0.066965	0.294567	-0.114740	0.104203	-0.195159	-0.015749	-0.038547	-0.106302	0.063606	0.076159	-0.105711	-0.062335	-0.061517	-0.009187	0.101102	-0.194958	-0.065331	-0.052773	-0.026438	-0.096185	-0.090453	-0.139370	0.208996	-0.120452	-0.079688	-0.062341
chr1:185903622-185904645	-0.683766	-0.830656	0.259322	-0.179683	0.187605	0.236249	0.071103	-0.033367	-0.148927	0.123687	-0.098652	-0.138408	-0.297735	0.138697	-0.058943	0.067372	-0.174935	0.172235	-0.351773	-0.064197	-0.145842	0.115492	-0.167103	-0.145939	-0.093914	-0.028878	0.117009	0.168156	0.152632	0.145003	0.282353	0.333452	-0.049083	-0.169780	0.145328	-0.104812	-0.118869	-0.126296	0.054496	0.302162	-0.181119	-0.149804	0.166623	-0.073285	-0.001901	-0.256975	-0.160833	-0.001803	0.006820	0.104448	0.224987	0.198167	-0.067900	-0.154156	-0.013785	0.115130	-0.166332	0.048804	-0.035121	-0.074842	-0.031758	-0.115867	0.026202	0.109465	0.228300	-0.088373	-0.060260	-0.033427	-0.029868	0.040470	-0.213218	0.031826	0.144156	0.047202	0.268870	0.100868	-0.153751	-0.187750	-0.009065	0.038594	0.123722	-0.046860	0.077037	0.178794	-0.169946	0.023546	0.000938	0.088217	0.221881	-0.140307	0.202348	-0.141690	-0.097260	-0.243984	-0.120791	-0.020057	0.135440	0.027439	0.091074	0.017751	0.121225	-0.163305	0.041614	-0.047089	0.031460	0.037658	0.125820	-0.114529	0.009276	0.036405	0.045626	0.045002	0.174153	0.041699	0.022849	0.034726	-0.171485	-0.102689	0.092616	-0.062129	0.202889	-0.019607	-0.022962	-0.029379	-0.015847	-0.068927	-0.081268	-0.005003
chr1:21660551-21662029	0.025303	-0.086639	-0.145120	-0.073292	-0.289566	0.218677	-0.041612	-0.076937	-0.008063	-0.107920	0.136874	0.428870	0.017298	0.123462	-0.181132	-0.220157	-0.051187	-0.236878	0.123802	0.025927	-0.166665	-0.058615	0.218439	0.062800	0.258605	-0.003464	0.006458	0.122806	-0.007543	0.022866	-0.164342	-0.045105	0.065932	-0.058422	-0.032180	-0.145660	0.117030	-0.199802	0.150819	0.038528	0.142072	-0.122855	-0.224689	0.255915	-0.211265	-0.034187	0.022726	0.046221	-0.011391	-0.056378	-0.150623	0.030270	-0.069777	0.173848	-0.213818	0.017564	0.009424	0.026777	-0.162525	0.164577	0.197818	0.257116	0.284771	-0.044090	-0.023826	-0.017122	-0.097047	0.109708	-0.114181	-0.104702	0.028589	-0.212917	-0.036350	0.083344	-0.021423	0.074607	-0.323822	-0.106985	-0.027796	-0.046798	-0.138256	-0.239927	-0.023903	-0.037272	-0.117788	-0.067341	0.042792	-0.069167	0.022992	0.131384	0.009411	0.103335	0.104378	0.059451	0.062653	-0.093007	0.010647	-0.059805	-0.103745	-0.010855	0.147959	-0.060521	-0.178849	0.107897	-0.072064	-0.026691	0.047760	-0.037988	-0.006589	0.127612	0.102722	0.006811	-0.126593	0.064961	-0.079737	-0.109391	0.125130	0.033857	-0.050004	0.029085	-0.088693	0.106465	0.112362	0.041664	0.043569	-0.095370	-0.014653	0.121522
chr1:46476793-46477209	-2.638737	0.517486	-0.191864	-0.514525	-0.501964	-0.310453	-0.229280	0.495369	0.073354	0.180411	-0.402766	-0.169012	0.150146	0.192174	-0.004542	-0.070501	-0.115370	0.132942	0.269393	-0.346073	0.005823	-0.071799	0.177849	-0.071324	0.101768	-0.180229	0.162291	0.107806	-0.021926	0.085386	-0.048276	-0.113120	0.123362	-0.157274	-0.171215	0.099588	0.033717	-0.012068	0.265587	-0.093356	0.014393	-0.074943	0.087417	0.131060	0.158397	-0.153078	-0.017820	-0.071885	0.121772	-0.015158	0.071630	-0.234824	0.157096	-0.184329	-0.037789	0.211539	0.173612	0.033075	-0.135338	-0.020239	-0.178017	-0.046437	-0.006262	-0.247611	-0.080663	-0.169991	-0.126959	0.225937	0.122312	0.084059	0.077448	-0.059268	0.075395	-0.042680	-0.042070	0.003699	0.094969	0.157805	0.107556	0.245692	0.058726	0.089409	0.278392	-0.149314	-0.039947	0.051007	-0.155221	-0.073873	-0.006124	-0.096693	0.259342	0.096727	0.193117	-0.083424	0.110537	-0.044835	0.205301	-0.024587	-0.066794	-0.180630	-0.083539	-0.087317	0.097645	-0.008894	0.098986	-0.016403	-0.027078	0.017189	0.000518	-0.156643	0.153323	-0.257923	-0.117851	-0.017742	-0.099618	-0.021841	-0.163219	0.159754	-0.007521	0.066479	-0.205679	-0.169774	0.153107	-0.145940	-0.057578	-0.039263	0.049473	0.176965
chr15:78292337-78292883	-1.348099	0.135990	0.244954	-0.164184	0.074588	0.509151	0.222383	0.193312	0.060929	0.101848	-0.019042	-0.039246	0.209568	-0.001551	0.037070	0.032999	-0.152376	-0.167763	0.085892	-0.017672	0.275471	-0.047680	-0.005450	0.004114	0.157631	0.126303	-0.175209	0.293274	0.020323	0.184169	-0.239116	0.021467	-0.265940	0.177057	-0.092916	-0.144161	0.083798	-0.219684	-0.145463	-0.315276	-0.041509	-0.015470	-0.036477	-0.020865	0.279380	0.045335	0.010388	0.081839	0.132711	0.184274	0.048477	0.290896	-0.008978	-0.100959	0.334232	0.077490	0.033423	0.326179	0.064687	-0.281019	0.271159	0.269750	0.225462	-0.252856	0.115356	-0.069554	0.102760	-0.096958	0.158497	-0.024200	-0.018443	0.213919	-0.041233	-0.208023	-0.240567	0.228818	0.163941	0.253135	-0.152497	-0.102482	-0.074510	0.010230	-0.003033	0.254412	-0.153770	0.114110	0.290868	-0.138012	0.007516	-0.118897	0.030584	0.063317	0.014168	-0.145635	0.122650	-0.160684	0.194140	-0.226084	-0.117514	-0.122550	-0.099207	0.040856	0.130030	0.053465	-0.001902	-0.121659	0.149903	0.051860	-0.056484	0.028367	0.044943	-0.077251	0.059709	0.048257	-0.075956	-0.057883	-0.118357	0.145132	0.038708	0.312588	-0.111371	0.145324	-0.154725	-0.017596	0.041915	0.156122	0.114308	0.020347
chr1:928510-931954	0.644168	0.358282	-1.260112	0.058903	0.338437	0.613841	-0.023137	0.218241	0.041212	-0.148412	0.410257	0.088393	-0.177327	-0.123842	-0.098361	-0.106978	-0.150358	0.287228	-0.181811	-0.060189	0.113604	0.009652	-0.135327	0.025341	0.128236	0.053118	0.032816	0.184210	-0.155413	0.087648	0.101934	-0.037687	0.084751	-0.051964	0.017313	-0.091386	0.065609	0.141678	0.052740	0.160042	-0.065118	-0.079858	-0.181662	-0.061701	0.109192	-0.120091	-0.013465	-0.006769	0.075937	-0.054028	0.086649	0.023822	-0.055234	0.062559	0.057217	-0.051590	-0.085999	-0.189078	0.100689	0.079656	0.015476	0.075663	-0.122804	-0.047732	0.066702	0.012285	-0.005143	-0.107955	0.021270	-0.052637	0.048465	-0.148066	0.076602	-0.027086	0.079003	-0.099919	-0.057204	-0.054709	-0.199907	0.206115	0.110179	0.152409	0.072290	-0.042475	0.116997	0.122624	-0.169305	0.208800	0.003587	0.032434	0.111221	0.094846	0.045404	0.086256	0.038635	-0.034704	0.026073	-0.048833	-0.051951	0.021514	0.040550	0.099963	-0.009456	-0.085015	0.144757	0.023213	-0.031011	-0.102726	-0.125801	0.066443	-0.062128	-0.033524	-0.104462	0.053217	-0.193303	0.088911	-0.119783	-0.018081	-0.176742	-0.058681	0.060915	0.028479	0.101969	0.060043	0.039228	0.120359	0.140809	0.109911
chr20:62115827-62119284	0.633635	-0.310642	-0.438268	-0.035076	-0.028529	0.242780	0.142242	0.119366	0.123846	0.058263	0.082207	-0.174660	-0.042421	-0.167167	-0.085743	-0.049353	-0.122627	0.010896	-0.161284	-0.012204	0.207806	-0.054981	-0.058690	0.108194	0.086532	-0.033607	0.122693	-0.168131	0.169043	0.308413	0.082568	-0.058388	0.105430	0.208483	-0.060934	0.061900	0.036081	0.079116	-0.046927	-0.005649	0.127329	-0.124773	0.049783	0.022351	0.050420	-0.112172	-0.140590	-0.007625	0.099722	0.055140	0.013374	0.003947	0.098835	0.037249	-0.066932	-0.096668	-0.058822	-0.139206	-0.204426	0.111785	0.017962	-0.128459	0.113958	0.090071	-0.000038	0.226608	-0.098098	0.126178	-0.152233	0.094865	0.084825	0.057155	-0.016815	0.128028	-0.004208	0.073246	-0.008535	0.078361	-0.025991	-0.164006	0.181750	-0.109449	-0.087940	0.017251	-0.074395	-0.060661	0.097305	-0.070899	0.133126	0.037323	0.219875	-0.056625	0.031051	-0.064849	-0.036744	0.236010	-0.053979	-0.027051	0.010058	-0.188108	-0.164853	0.216234	0.046975	0.110104	-0.092724	0.089132	-0.086415	-0.125286	-0.096771	-0.084322	0.076027	0.027873	-0.154362	0.150400	-0.132741	0.075208	0.108270	-0.013126	0.060216	-0.115395	-0.058728	0.058060	-0.045132	-0.174676	0.049291	0.129933	-0.131904	0.123673
chr2:216531968-216533440	0.026287	-0.467756	0.092736	0.055703	0.007122	0.224609	-0.194149	0.128765	-0.070065	0.092886	-0.058159	0.266966	-0.023494	0.039449	0.074565	0.123648	0.005720	-0.186671	0.007158	-0.065205	0.179124	0.016106	0.056771	0.002342	-0.192365	0.017386	0.014412	-0.105333	-0.011612	0.087368	0.085340	0.105108	-0.010322	0.084359	0.075692	0.197396	0.023312	0.074579	0.114475	0.092505	0.102689	0.088211	0.064024	-0.087129	-0.052046	-0.120031	-0.042047	0.078495	-0.095473	-0.065014	0.240474	0.054473	0.053330	0.012890	-0.125428	0.038968	0.007849	0.030095	0.192804	0.141358	0.124335	-0.086170	-0.020637	0.272349	0.110327	-0.119367	-0.043482	0.165903	-0.057095	0.172725	-0.122236	0.111080	-0.162114	0.133797	-0.078458	0.067496	-0.001292	0.171987	-0.128421	-0.139814	0.137850	-0.069172	-0.126314	0.131548	-0.040299	-0.095928	0.078732	-0.165194	0.116565	0.117203	0.008481	-0.060101	0.061337	0.180218	0.019411	-0.100773	0.081213	-0.021979	-0.087861	-0.053233	-0.213173	0.076121	-0.024748	0.036170	-0.066406	-0.088381	-0.000457	0.013652	0.114833	-0.056483	0.127915	0.022813	0.016214	0.140060	-0.153836	0.093471	0.060995	-0.081690	-0.067927	-0.095018	0.084444	0.119426	-0.100731	0.066082	-0.054842	0.178761	0.005266	-0.050499
chr5:1325957-1328153	-1.580444	0.103822	-0.622868	-0.147945	0.026818	0.156781	-0.246131	-0.613825	-0.151901	0.046421	-0.304143	-0.053435	0.244210	-0.217403	-0.008487	-0.165379	-0.514049	-0.262624	0.105808	0.171411	0.193480	0.171757	0.005263	-0.156682	-0.007710	-0.143961	0.137549	0.164876	-0.065962	0.175598	-0.292103	-0.090946	0.169321	0.026165	-0.128344	0.074108	0.213441	0.097807	0.081892	-0.051798	-0.027642	0.084633	0.272781	-0.067065	-0.074380	0.015077	-0.015905	0.207203	0.086027	-0.009937	-0.071002	0.064098	-0.078063	0.080567	-0.110993	0.168403	-0.079414	-0.173727	-0.063083	0.073227	-0.079168	0.058836	0.040820	0.060878	-0.083264	0.093092	-0.270595	0.173350	0.020190	0.022968	-0.209457	-0.177824	0.000578	-0.328528	0.120900	-0.103831	0.291787	-0.192401	-0.238898	0.103173	-0.155558	-0.187507	0.127280	-0.107397	-0.082069	0.225046	0.185730	-0.021180	-0.117338	-0.160156	0.077004	0.038264	-0.370043	-0.074495	0.066029	-0.064040	0.188362	-0.033722	-0.117671	0.067836	0.302704	-0.010043	-0.220423	0.115791	0.058670	0.094915	-0.005845	0.068065	-0.288082	0.074485	0.027277	-0.004575	0.130516	-0.047556	-0.093099	-0.078773	-0.063948	0.122865	0.178469	0.082093	-0.066268	0.088058	0.111498	0.008655	-0.004505	-0.059098	-0.089259	-0.012414
chr6:28948439-28951450	0.794701	0.465325	-0.389774	0.069624	-0.044709	-0.363690	0.005387	-0.217117	0.193796	-0.019037	-0.179490	-0.001422	0.017389	-0.042900	-0.094502	-0.027111	0.138489	-0.020299	0.004882	-0.063358	0.252158	-0.023855	-0.020605	-0.080674	0.148714	0.018621	-0.046843	-0.154911	0.140797	0.184268	-0.174358	0.061582	0.114236	0.013482	0.153902	-0.159767	-0.126479	0.044226	-0.015137	0.144147	-0.171381	0.132505	-0.073066	0.054790	-0.086953	0.038731	-0.093691	-0.006983	0.121450	0.038329	0.023383	-0.136529	-0.072178	0.044579	-0.083748	0.174875	0.058700	0.088640	0.242329	-0.000883	0.100484	-0.017239	0.058875	0.066465	0.079574	-0.330394	-0.101107	0.221853	0.003778	-0.044866	0.016033	0.189688	0.080796	0.009169	0.059869	-0.028371	-0.104436	0.029126	0.118330	-0.095723	-0.103168	-0.100038	0.160924	-0.025420	0.006360	-0.195538	-0.017559	0.014273	-0.109073	0.090871	0.031240	-0.108559	-0.105902	0.124529	0.067462	0.144718	-0.153288	-0.041388	0.043683	-0.005486	0.013146	0.044626	0.144755	-0.136312	-0.016636	0.062002	0.022552	0.039279	-0.032789	-0.301865	0.138732	0.195092	0.035073	-0.051810	0.090505	-0.132866	-0.047808	0.056303	-0.074505	-0.136794	0.052300	-0.028986	-0.138168	-0.040302	-0.200172	0.029346	-0.008397	-0.212581
chr8:579137-581436	0.491942	-0.103582	-0.324192	0.119406	0.139289	0.015074	-0.080259	0.053217	-0.069033	0.011882	0.071908	0.061293	0.054955	-0.153897	0.046904	-0.276888	0.034515	-0.051827	-0.109320	-0.013732	0.064452	0.015806	-0.012820	0.101637	0.040525	0.063350	-0.104451	0.038941	0.205145	-0.050356	0.369140	-0.037941	-0.182667	-0.100162	0.244531	-0.007772	0.079243	0.064190	0.060430	0.049380	-0.071809	0.048115	-0.098257	-0.199157	-0.073416	0.081889	0.112333	-0.171544	-0.033576	0.082419	0.051098	0.027472	0.046831	0.166646	0.067615	0.096896	0.091225	0.116416	-0.262903	0.136249	-0.090663	-0.074864	0.189830	-0.046874	-0.081781	-0.109059	-0.140997	0.089032	-0.144153	0.100869	0.047889	0.041233	-0.143588	0.072657	-0.133871	-0.088232	-0.083458	0.016953	-0.076919	0.070007	-0.044541	-0.098623	-0.129695	0.165233	-0.112020	0.136996	-0.058269	0.069188	0.136844	-0.073411	-0.015126	-0.021275	0.086882	-0.006149	-0.098826	0.004903	-0.049756	-0.123018	0.112688	0.146650	0.036328	-0.024707	-0.106986	0.069337	0.033732	0.029070	-0.239173	0.050743	-0.022773	0.024533	-0.006594	-0.040138	0.064058	0.023510	-0.022186	-0.096227	-0.039625	0.141690	0.146980	-0.091030	-0.028878	-0.002058	-0.132743	0.085971	-0.060758	-0.084870	0.071163	-0.166499
chr12:14407602-14416600	0.811629	-0.580890	0.316741	0.049580	0.229711	-0.014140	-0.198928	-0.062081	0.103288	-0.081355	0.193667	0.115185	-0.255316	-0.151123	0.111098	0.046155	0.068448	-0.015380	0.040181	-0.157056	-0.044304	-0.033253	0.043584	-0.006254	-0.085916	0.059586	-0.104385	0.118472	0.106195	0.182089	0.130355	-0.032559	0.012926	-0.110581	-0.016894	0.175792	0.010549	-0.099157	0.036576	-0.063492	-0.183539	0.070135	-0.135495	-0.125784	-0.079984	0.042989	-0.026820	-0.125007	0.192257	0.027430	-0.229475	-0.055645	0.113328	0.184284	0.115459	-0.209125	0.049032	0.139787	-0.128484	0.253295	0.061707	0.135245	-0.039101	-0.147725	-0.046626	0.172452	-0.012040	0.066198	0.049593	-0.021494	-0.104311	0.099597	-0.000069	0.034548	0.027785	-0.202685	0.022036	-0.021183	-0.014660	0.137012	-0.048436	0.062570	-0.079633	-0.030319	-0.003273	0.052904	0.042614	-0.216272	-0.045014	0.111286	-0.036998	0.057658	-0.188420	-0.051459	0.185150	0.021563	0.027115	0.098878	0.003109	0.028446	0.086930	-0.077725	0.085384	0.236527	0.000201	-0.021337	-0.021976	-0.002860	-0.054840	0.020682	-0.033188	0.146517	-0.028043	0.096798	0.088442	-0.007205	-0.094107	-0.023985	0.052211	0.078980	0.049705	-0.089459	0.057488	0.019519	0.135770	-0.086858	0.025527	0.151388
chr4:88923202-88924800	0.753423	1.472050	0.273044	0.305458	-0.285637	0.517505	0.086186	-0.439226	-0.126281	-0.425170	-0.110873	-0.154420	0.076556	-0.157469	-0.407600	0.033145	-0.064868	-0.030231	0.058410	-0.291075	-0.117775	0.043247	0.049536	0.198900	0.557950	-0.242567	-0.040253	-0.049863	0.175202	0.051363	0.153374	0.016293	-0.215680	0.033249	-0.108264	-0.166558	0.015378	0.010125	0.010021	0.097255	0.001485	0.276715	0.227721	-0.169373	-0.039501	0.094766	-0.179991	-0.081150	0.100684	0.023306	0.028139	-0.031473	-0.156792	0.197920	-0.218529	-0.182417	0.044614	-0.071111	-0.050641	0.198238	0.282091	-0.076126	0.004361	0.053356	0.090494	-0.053237	0.059341	-0.264254	-0.023643	0.106663	-0.137498	0.020401	0.076036	0.022055	-0.036913	0.004893	-0.283404	-0.041965	0.007395	-0.237151	-0.100018	0.250826	0.090174	0.318206	-0.142037	0.240858	0.068952	0.093515	0.214245	-0.142448	0.141250	-0.140321	0.043263	-0.020820	0.170636	0.027522	-0.055596	0.122939	0.106460	0.098218	0.042732	-0.044393	-0.094713	0.194865	-0.050699	0.093566	0.070731	-0.045709	0.013555	-0.089222	-0.195979	0.090481	-0.096423	-0.065021	0.112642	0.066211	-0.029724	0.200351	0.015276	0.072212	0.066642	-0.140974	-0.247398	0.120883	0.034851	-0.043277	-0.016829	0.013791
chr4:89061202-89078800	0.974397	1.000463	0.045765	0.231842	-0.067843	-0.150801	-0.612135	0.134187	-0.176105	0.053189	-0.147761	0.261424	-0.031551	-0.022175	0.134659	0.122168	0.013155	-0.117215	0.030714	-0.000641	0.193252	0.177861	0.274222	-0.233745	0.037046	0.129432	0.032644	-0.134817	-0.094370	-0.042923	0.001512	0.064103	0.002231	-0.070177	0.182226	-0.011787	-0.152459	0.000839	-0.099014	-0.051258	0.159635	-0.028368	0.089049	0.145911	0.051807	0.145010	0.054586	0.022833	0.086271	0.080900	-0.221808	0.089936	0.040430	-0.204670	0.130292	-0.271972	0.033071	-0.060516	0.011105	-0.067514	-0.064312	0.054440	-0.002227	0.046406	-0.193167	-0.032137	0.021556	0.042969	-0.048116	-0.027389	-0.078973	0.001935	-0.014897	-0.079280	-0.032561	-0.007173	0.014052	-0.121884	0.051966	0.024216	-0.055848	0.068947	0.012352	0.054446	0.017441	-0.012885	0.000433	-0.146348	-0.007887	0.019024	0.133857	-0.035456	0.002093	0.039817	-0.050430	-0.051307	-0.069179	0.176489	0.140715	0.106413	-0.035562	-0.147543	-0.007853	0.035513	-0.154868	0.041654	0.102449	-0.017897	0.241910	-0.029865	0.030632	0.050485	0.051116	-0.023040	0.025131	0.075336	-0.134534	-0.044621	-0.037431	-0.068886	0.135926	-0.072464	0.041403	0.076782	-0.059102	-0.085759	0.092645	-0.121088
chr5:132007802-132009200	-0.268597	-0.150488	-0.082157	-0.089896	0.385221	0.014121	0.111890	0.186785	-0.094181	0.128615	-0.137572	-0.015550	0.085295	0.111344	-0.041009	-0.040379	-0.195589	-0.199256	0.202524	-0.176747	0.032100	0.086771	0.262162	-0.219086	0.072978	0.075117	-0.029528	-0.148859	-0.053048	-0.214638	-0.191421	0.047157	0.186396	0.001552	-0.012687	0.088600	0.257523	-0.005296	-0.080990	0.388247	-0.067738	-0.103353	0.012120	0.121970	0.102496	0.028461	-0.055318	-0.029701	-0.119911	0.026191	0.030076	-0.097502	-0.081843	-0.242620	0.130642	-0.013222	-0.010355	0.050921	-0.006549	-0.048876	-0.246284	-0.135313	0.181439	-0.166204	0.094031	-0.071397	0.250870	-0.010265	-0.071683	0.123119	-0.050243	0.015635	-0.092519	0.122467	0.010955	-0.123283	-0.139493	0.000351	-0.120196	0.090741	0.143964	-0.021817	-0.015997	0.017685	-0.017674	-0.178329	0.015910	0.111956	0.163259	0.048578	0.140598	0.037104	-0.045409	-0.043564	0.133725	-0.031782	0.192448	0.041036	-0.012173	-0.155766	0.169909	0.079585	-0.154906	0.004551	-0.075336	0.139070	-0.119972	-0.027244	-0.032786	-0.018354	0.138987	0.106565	0.073238	-0.085967	0.019046	-0.086984	-0.045681	-0.058061	0.066332	-0.089479	0.035678	0.106758	0.079054	0.023868	0.021386	0.290466	-0.114571	-0.116168
chr11:112025156-112027156	0.975256	1.804500	-0.454085	0.200341	0.302186	0.044492	-0.025481	-0.184203	-0.066312	0.027497	-0.057749	0.411884	-0.183327	-0.035634	0.182195	-0.085661	-0.061421	-0.166513	0.153084	0.094562	-0.059579	-0.243310	-0.138699	0.036681	-0.021001	0.062068	-0.231198	0.084920	-0.072547	0.153590	0.006930	0.161880	-0.029291	-0.150268	0.255956	0.174063	-0.012110	0.279937	-0.007652	-0.151452	0.026830	-0.153450	0.328744	0.231888	0.077272	-0.029401	0.082786	-0.058014	-0.118267	-0.219173	-0.126602	-0.104599	0.066883	-0.079123	-0.082570	-0.053891	0.062940	-0.080211	0.088431	0.004213	-0.160731	0.246621	0.031409	0.276626	-0.029478	-0.011577	-0.175226	0.038664	-0.067162	0.327517	0.000660	-0.043424	0.203222	0.015009	-0.072967	0.013934	0.257557	-0.016275	0.002033	-0.081919	-0.066653	-0.075740	0.058112	-0.029040	-0.030489	-0.001427	-0.002628	0.077327	-0.252611	-0.156548	-0.020214	-0.087885	-0.137043	-0.056216	-0.131931	-0.024924	0.042870	0.089148	-0.130604	-0.053300	-0.049337	-0.112223	-0.077824	0.032803	-0.106343	-0.148433	-0.054081	-0.011549	-0.063611	-0.014742	-0.022357	-0.213582	0.015302	0.083490	0.183448	-0.053633	0.080820	-0.208170	0.110199	0.101345	0.109961	0.077127	-0.019016	0.193927	-0.105727	0.028240	0.163867	0.106673
chr1:162020000-162022000	0.437563	0.644695	-0.422339	-0.032531	0.136893	-0.173974	-0.060882	-0.057764	0.146037	0.095714	0.011850	-0.102417	-0.024057	0.046982	-0.090944	0.415500	0.144432	-0.131023	-0.036901	-0.453366	-0.085360	-0.135835	-0.120185	0.248986	-0.033306	0.169133	-0.014958	0.065194	-0.123557	0.025795	-0.068372	-0.121061	0.123923	0.147506	-0.201176	0.002568	-0.065147	0.135632	0.160132	-0.054456	0.200809	-0.076346	-0.374181	-0.292248	0.056904	0.324199	0.061294	0.160276	0.247033	-0.074962	-0.100969	0.055551	0.087242	0.102720	-0.019400	0.100714	-0.051991	0.222815	0.154577	-0.100815	-0.036029	0.089009	-0.152679	-0.072977	-0.047615	-0.032318	0.146906	-0.101180	-0.009881	0.038955	0.051059	0.071470	0.024945	-0.074834	-0.078883	-0.061308	-0.263085	-0.013815	-0.109213	0.066860	0.004330	0.011217	0.124937	-0.045905	-0.092556	-0.080464	-0.048073	0.009319	0.192079	0.043712	0.034877	-0.158081	-0.017758	-0.057537	0.050871	-0.153812	-0.015054	-0.099128	-0.106339	-0.013939	0.085617	0.024605	0.127408	0.036888	0.035375	0.003742	-0.072422	-0.064465	-0.113526	0.119432	0.250822	-0.055164	-0.005844	0.048979	0.132180	0.107435	-0.058158	0.135284	-0.057948	0.104964	0.045589	0.054564	-0.006852	-0.168361	0.105830	-0.020006	0.066355	-0.221960
chr1:162019969-162021969	0.103743	-0.904875	-0.389796	-0.113570	-0.222336	-0.097394	-0.127956	-0.120868	0.154402	0.087114	-0.041548	-0.085961	0.000737	0.053197	-0.017031	0.463385	0.121307	-0.197524	-0.048832	-0.409007	-0.102263	-0.127586	-0.065825	0.182617	-0.058576	0.152641	-0.012042	0.036054	-0.149224	0.004442	-0.001716	-0.133573	0.126488	0.183968	-0.183754	-0.005484	-0.064681	0.195919	0.135335	0.005735	0.205321	-0.082601	-0.404779	-0.243505	0.026036	0.352363	0.088896	0.176322	0.207391	-0.127208	-0.066267	0.027671	0.095728	0.158341	-0.010055	0.130409	-0.087859	0.235554	0.162609	-0.044381	-0.019328	0.134195	-0.130944	-0.087884	-0.033987	-0.034748	0.134654	-0.049098	-0.056133	0.063950	0.058282	0.045557	0.027667	-0.105021	-0.088691	-0.113052	-0.210525	-0.027356	-0.057002	0.086749	0.005996	0.024991	0.104404	-0.020065	-0.080804	-0.121524	-0.065928	0.030695	0.158925	0.076612	0.070409	-0.142973	-0.021296	-0.031537	0.077378	-0.186166	0.002412	-0.069423	-0.080065	0.016860	0.097672	0.078271	0.134383	-0.002251	0.033582	0.035170	-0.075207	-0.024515	-0.069119	0.104173	0.228868	-0.063018	-0.052925	0.072673	0.150061	0.087662	-0.046437	0.121075	-0.060827	0.062783	0.039363	0.040226	-0.005177	-0.194378	0.108105	-0.024191	0.030161	-0.208490
chr9:22123402-22125200	0.412798	0.325497	0.265947	-0.050844	0.391789	0.084123	0.182816	0.207477	0.035010	-0.167343	0.093485	-0.078149	-0.072391	-0.028422	0.115113	-0.014332	0.056697	0.098138	0.129280	-0.117461	-0.002055	0.104793	-0.018260	0.102738	-0.039997	0.006640	-0.038788	0.042489	-0.030087	0.179226	0.108315	-0.083832	-0.096175	0.038416	0.046017	-0.072778	-0.219960	-0.097955	-0.048981	0.189138	0.070401	0.032396	0.026893	0.039304	0.000985	0.144418	0.017291	0.135661	-0.024319	0.016526	-0.128339	0.191482	-0.104845	0.181963	-0.148500	0.072279	0.119908	-0.028212	0.138846	-0.043870	0.033974	0.064100	0.031586	-0.056654	-0.001027	0.237170	0.069155	-0.017611	-0.000148	0.025568	0.010636	-0.076482	-0.215767	0.250598	-0.031706	-0.242604	0.113719	0.036208	0.035188	0.088891	-0.228025	-0.167407	-0.069558	-0.148224	0.092569	0.038416	0.031461	0.061252	0.046547	0.130290	0.156936	-0.085615	-0.063916	0.208647	-0.002526	0.024380	0.088571	-0.022344	-0.015681	0.091270	0.119974	-0.050940	0.130949	-0.118574	0.117228	0.019437	0.036516	-0.130254	0.024328	-0.004614	0.111546	-0.012552	-0.054600	-0.092738	-0.349771	0.059434	-0.026156	0.052984	0.068204	0.013450	0.019474	0.082539	-0.011782	-0.055346	0.045098	0.139669	0.100404	0.147386
chr13:72427002-72428800	0.473840	0.658047	0.167751	-0.024226	0.668824	-0.170398	0.128383	-0.170555	0.077016	0.030889	-0.011943	-0.146748	0.194352	-0.033497	-0.033210	0.060948	-0.177335	-0.317367	-0.135838	0.000282	0.151739	-0.008316	0.108539	0.147450	-0.012589	0.037531	-0.059883	0.042758	-0.052341	0.056673	0.089818	0.113521	-0.221683	-0.077394	0.062717	0.056173	-0.077396	-0.023171	0.000342	-0.122288	0.127448	0.039820	0.102948	0.138840	0.266695	0.000693	0.057259	-0.068065	-0.177108	-0.009474	-0.068111	0.056107	-0.170856	-0.093496	0.022022	0.109643	0.075526	-0.059170	0.019897	0.000725	0.046846	-0.025008	0.043616	-0.191997	0.291612	-0.145617	-0.003174	-0.015208	-0.134679	-0.060641	0.109166	-0.079081	-0.063566	-0.054382	-0.086193	-0.097885	0.099015	-0.071659	0.217481	-0.055598	-0.072658	0.009085	0.086310	0.078827	-0.020019	0.108357	-0.091305	0.216429	0.049857	-0.092418	0.126907	0.036616	-0.110820	-0.082682	-0.177670	-0.059995	0.146733	0.150893	-0.047569	0.074249	0.137661	0.054414	-0.024704	-0.123228	-0.081825	0.002383	0.062038	-0.063841	-0.013809	-0.051018	0.169149	0.155156	0.031903	0.025692	-0.192956	0.117216	0.067995	0.195552	-0.080495	-0.045334	0.098314	0.076901	0.069031	0.034679	0.037864	-0.067085	-0.175344	0.026726
chr10:64445329-64445644	-2.979585	0.131378	0.379763	-0.520231	0.088401	-0.257083	-0.014303	-0.062564	0.030706	-0.055130	0.275486	0.045476	-0.010787	-0.151452	-0.111905	-0.028702	0.060669	-0.108429	0.225799	-0.066228	0.095349	-0.070441	0.034587	0.043976	-0.053611	-0.048497	-0.130908	-0.018973	0.209222	-0.099301	0.143254	0.103565	0.087921	0.138900	0.202987	-0.138541	-0.189345	-0.173425	-0.389835	-0.028461	0.055283	-0.180596	0.266176	-0.113427	0.058477	0.239057	0.051073	0.151241	-0.108332	0.064067	-0.096656	-0.151251	0.193433	-0.087870	0.014963	0.079186	0.049262	0.009093	0.051379	-0.273628	-0.367155	0.161157	0.077217	-0.125405	0.154065	-0.121172	-0.053319	0.077169	0.054591	-0.214415	-0.171347	0.057304	0.022985	-0.060599	0.136239	-0.216947	-0.014249	0.138635	0.024041	0.267758	0.052901	0.067999	0.064581	0.071652	-0.009241	-0.033900	-0.085365	-0.062199	0.161256	0.084136	0.106801	-0.089360	0.115243	-0.169345	-0.207276	-0.099545	-0.128913	0.117085	-0.049789	0.097940	-0.063135	0.077424	-0.050795	-0.252800	0.038488	-0.018097	0.004197	0.159371	-0.085194	-0.037552	0.017953	-0.176192	-0.124140	-0.146574	-0.060985	-0.028401	0.017318	0.122708	-0.103132	-0.032713	-0.201399	0.094982	-0.214386	-0.029846	-0.072393	0.020924	-0.018426	0.157791
chr8:11342973-11344973	0.613873	-0.065559	0.055562	0.075693	-0.098700	-0.166969	-0.298721	-0.118462	0.010632	0.185238	-0.069567	0.030310	-0.094093	-0.131468	0.028189	0.105886	-0.027105	-0.000660	-0.209209	-0.131593	0.105899	-0.145040	-0.035494	-0.134507	-0.037886	0.172309	-0.127222	-0.022121	0.073047	-0.062301	0.225313	-0.021305	-0.217856	0.066906	0.060544	-0.136208	0.037211	0.066585	-0.032034	-0.161248	0.010787	0.012804	0.006341	-0.024119	-0.007013	-0.151533	-0.113693	0.056487	0.058603	0.059584	0.224669	-0.053699	-0.051826	-0.231821	0.091712	0.054830	-0.153154	-0.134841	0.012119	0.156578	-0.121176	0.054209	0.003400	0.105357	0.139968	-0.237182	-0.149108	0.076278	-0.112805	0.054011	-0.135473	0.000031	-0.061185	-0.126502	-0.120134	-0.032473	-0.046560	0.040980	-0.088044	0.110567	0.030953	-0.005786	0.082218	0.106440	0.011489	-0.102853	-0.080239	-0.093942	-0.005140	0.178619	0.064673	-0.065745	-0.117521	-0.063927	0.087506	-0.065425	0.211023	-0.172546	-0.096884	-0.094849	-0.003254	0.016664	-0.001860	-0.044925	0.007572	0.053133	-0.041158	-0.012515	-0.024875	-0.004186	-0.118665	-0.107941	-0.017807	-0.001510	0.134406	0.107710	-0.024517	0.098907	-0.181040	0.002985	0.145272	0.171246	-0.109039	-0.016864	-0.084453	0.088593	-0.076380	-0.027271
chr7:128572802-128578000	0.603772	-0.243280	-0.022900	0.022109	-0.174877	-0.310745	0.001539	0.142748	0.001551	0.043905	-0.020158	-0.148845	0.254065	0.325096	0.294632	0.258319	-0.091824	0.194435	0.013614	-0.016188	0.019049	-0.070293	-0.038281	-0.093235	0.078284	-0.047527	0.132841	-0.294662	0.085589	0.129157	-0.145282	-0.175339	0.115388	-0.133079	-0.063446	0.081619	0.083543	-0.093952	0.035686	-0.094638	-0.025764	-0.119977	0.020423	-0.034188	0.028574	0.019048	-0.094823	0.140753	-0.014926	-0.051380	0.234798	-0.072655	-0.012829	-0.289452	0.014295	0.005272	-0.135509	-0.010824	-0.133133	0.024460	0.082803	0.048303	-0.167125	0.098851	0.036212	0.037608	0.080264	-0.118798	-0.096825	0.066125	-0.075914	0.063731	0.029827	-0.152348	-0.080176	-0.185826	-0.025595	-0.006298	-0.024000	-0.065648	-0.154258	0.103063	0.066670	-0.020219	0.053812	0.074459	0.086355	-0.036830	0.055085	-0.190683	0.002954	0.034702	-0.020542	0.093938	0.189844	-0.234468	-0.013909	-0.027860	0.092009	-0.130036	0.044524	-0.025109	0.004371	-0.046711	-0.002501	0.031828	-0.047900	-0.033811	-0.005550	-0.203338	0.014759	-0.038251	0.027770	-0.004933	0.055195	0.023266	0.012610	-0.055022	0.096708	-0.173552	-0.065283	0.021481	-0.022653	0.079269	0.110905	-0.013381	-0.029946	-0.043641
chr20:44739156-44740600	-0.063216	-0.202462	-0.073286	-0.125507	0.073199	-0.241051	0.031679	-0.058521	-0.095001	0.072860	-0.177892	0.122992	-0.109381	0.347457	-0.122841	0.105744	-0.117860	0.209947	0.090603	0.285561	-0.056528	0.318565	0.078973	0.156071	0.026717	-0.022357	-0.179618	0.020270	0.109452	0.113614	0.057868	0.127130	-0.102827	-0.285862	-0.109876	-0.072992	-0.144006	0.146188	0.083211	0.082461	0.077205	-0.019381	-0.210361	-0.085464	0.023915	-0.043245	-0.006657	0.082604	-0.230064	-0.115371	-0.026803	-0.055014	-0.125674	0.043921	0.006016	0.138211	0.106882	-0.043497	-0.116836	0.145572	-0.099336	0.186894	0.031696	-0.012715	-0.109919	0.092363	-0.269594	-0.080631	-0.045432	-0.009389	-0.087672	0.173480	0.131115	0.161741	0.019088	0.073593	0.023442	-0.011171	0.235088	-0.136647	0.013842	0.075748	0.043272	0.282651	-0.010361	-0.043683	-0.064484	0.019916	-0.011406	-0.024472	0.272588	0.111231	0.319805	0.157145	-0.018594	-0.065461	-0.136463	-0.075766	0.073854	0.102208	0.071027	-0.135433	-0.053227	0.048639	0.007352	0.041748	0.055950	0.127854	0.035323	-0.029352	0.027891	-0.185303	-0.095288	0.026340	-0.014488	-0.060739	0.069929	-0.015415	0.221314	0.074950	0.100111	-0.045220	0.220028	-0.012269	-0.043990	-0.020000	0.069479	-0.064993
chr10:6107202-6117600	0.519336	-0.326431	0.032935	-0.057659	-0.085050	-0.363674	-0.225499	-0.029537	0.121020	-0.055920	0.006061	-0.117752	-0.213966	0.002270	-0.003530	0.149133	0.019748	-0.051586	0.129352	0.008619	-0.026799	-0.017806	0.045425	0.063121	-0.118226	0.137953	0.008233	-0.142623	0.155090	-0.008360	0.119493	0.042116	0.025696	0.000368	0.192843	0.003375	-0.065982	0.207743	0.256771	-0.087587	-0.127566	-0.006329	-0.001916	0.141502	0.009129	0.105185	0.051604	-0.030497	-0.063151	0.048943	-0.110890	0.020913	0.051216	0.006022	0.155281	-0.075706	-0.012456	0.125522	-0.066427	0.148209	0.062563	-0.115581	0.132465	-0.136415	0.050875	0.042914	-0.005112	0.181595	-0.031615	-0.068510	-0.103778	-0.249768	0.073814	-0.070654	-0.067799	0.008998	0.027817	-0.044654	0.037280	0.069239	0.109338	0.016093	0.138885	0.046582	-0.121725	0.172271	-0.005971	0.006355	-0.056434	-0.076576	0.084427	-0.086431	0.007117	0.030542	-0.045257	-0.163170	0.055692	-0.123620	-0.072257	-0.152678	0.104105	-0.086109	-0.116432	0.122797	-0.051851	-0.075203	0.022572	-0.053972	0.002502	0.208143	-0.024619	0.032588	0.174669	-0.100699	-0.144094	0.032017	-0.112902	0.122273	0.011611	-0.026635	0.108696	-0.073581	0.021295	-0.101996	0.085353	0.101144	0.127890	-0.039757
chr21:45600202-45618000	0.631914	-0.287631	-0.072908	-0.022838	-0.393499	0.007763	-0.021172	0.193801	-0.017906	-0.087500	-0.021275	0.000422	-0.158272	0.034458	-0.029441	-0.080383	0.030915	0.104301	-0.008674	0.110114	-0.200675	-0.045819	0.057224	0.209191	-0.002316	-0.077938	0.150791	-0.135365	0.200216	-0.010401	-0.074238	0.001941	-0.041497	-0.080218	-0.143980	0.054854	0.090194	0.132328	-0.181325	0.105066	-0.084127	0.078032	-0.166654	-0.102793	0.075914	0.020688	0.232447	0.050282	0.046906	-0.044351	0.000774	0.142003	0.105420	0.038946	-0.037320	-0.025672	-0.146838	-0.081879	0.056076	-0.021986	-0.121621	0.099117	-0.017280	-0.001393	-0.179065	-0.143294	-0.151842	0.183326	0.066444	0.177963	-0.070487	0.018149	0.044136	-0.039670	0.017104	0.104249	0.097818	-0.007939	0.097561	0.060258	-0.071598	-0.027918	0.084039	0.138586	-0.011362	0.123079	0.065222	-0.007805	-0.035484	0.076460	0.085343	-0.010945	-0.033790	0.006469	-0.216985	-0.073352	-0.010909	-0.018300	-0.035166	0.056874	-0.182092	-0.079521	-0.104359	-0.188576	0.029892	0.009396	-0.078928	-0.029751	-0.065244	0.070574	0.050559	0.102848	0.060225	-0.018238	-0.097465	0.071216	0.194266	0.180981	-0.079709	-0.155888	0.154404	-0.111138	-0.032064	-0.049050	-0.176531	-0.069306	-0.057639	-0.132523
chr6:12902202-12905800	0.862956	-0.325800	0.106757	0.101464	-0.049909	-0.362172	0.159298	-0.096322	-0.052406	-0.075833	-0.010475	-0.108895	0.054460	0.097910	0.006538	-0.127613	0.155688	-0.031672	0.116544	-0.014969	0.046644	-0.096053	0.009703	-0.017236	0.157784	0.042727	-0.136106	-0.102740	0.038902	-0.007153	0.023229	-0.108487	0.075921	-0.057280	-0.072676	0.100757	0.063770	-0.023626	0.063015	-0.006711	-0.192939	-0.003794	-0.103196	-0.174002	-0.029046	-0.012682	0.076168	-0.115323	-0.051658	-0.001992	0.094078	-0.006701	-0.001829	-0.192744	-0.112467	-0.097787	0.083465	0.013313	-0.105559	-0.130118	0.159908	-0.223985	0.179651	0.140736	-0.128854	-0.033442	-0.028698	-0.026075	0.040826	-0.084624	-0.042978	0.034190	0.120413	0.083081	0.003972	-0.200670	0.026603	0.127165	-0.044883	0.114675	0.051047	0.229543	-0.022283	-0.072325	0.054648	-0.094670	-0.013306	0.110902	0.105828	0.023119	0.152218	0.102621	-0.172458	-0.077927	0.090049	0.015041	0.146810	0.102518	0.130519	0.089676	-0.136370	0.032370	0.148174	-0.033729	-0.033683	0.088552	-0.034716	0.036161	0.053047	0.056703	0.008728	-0.083448	0.171044	0.133591	0.130453	0.082908	0.064943	-0.097418	-0.143497	0.067912	-0.007320	-0.071255	0.036771	0.009704	-0.090833	-0.084448	-0.136030	-0.177796
chrX:70441002-70448800	0.909534	-0.133691	0.352928	0.214571	-0.347913	0.076725	0.168570	0.103137	-0.074583	-0.063195	0.063379	-0.020577	0.061178	0.001903	0.088092	0.027195	0.022164	0.045553	-0.025159	-0.145184	-0.010639	0.043508	-0.170738	-0.118545	0.064585	-0.110037	0.050060	0.019415	-0.232625	-0.164012	-0.129133	-0.044131	0.045330	-0.218471	0.021023	-0.002177	-0.049599	-0.202430	0.019763	0.095862	-0.056639	0.060760	0.018236	0.076125	0.031205	-0.054216	0.034804	0.187190	-0.254684	-0.024487	0.128089	0.167120	0.087038	-0.115178	0.027168	0.077531	-0.070018	0.090901	0.197740	0.073431	-0.101548	0.310303	0.106890	0.071590	0.230962	0.048803	0.025815	-0.031395	0.034914	0.143802	0.028709	-0.073932	-0.098507	-0.067016	0.008164	-0.056892	0.090404	0.067008	0.014171	0.099763	-0.093947	0.055910	-0.050466	-0.011304	0.051020	-0.118493	-0.023879	0.040648	0.082155	0.000175	-0.083226	-0.233047	-0.067169	0.037434	0.101119	0.000115	0.082188	-0.041519	-0.019231	0.003909	-0.055813	-0.191705	0.040279	-0.161438	-0.027744	-0.140448	-0.036372	0.024900	0.140490	-0.176186	0.020262	-0.065540	0.078183	-0.022379	-0.044902	-0.068538	-0.220948	0.145916	-0.096420	0.013992	0.028744	0.024177	0.101739	-0.073227	-0.021955	0.158390	-0.048102	-0.008914
chrX:37639002-37678400	0.859336	0.496023	0.138840	0.211245	0.392450	-0.174523	-0.015776	-0.008464	-0.042204	-0.008390	-0.291241	0.001001	0.206451	0.007889	-0.195718	-0.141520	0.020595	0.133646	-0.074153	-0.120412	0.139313	0.251799	-0.146064	-0.004058	0.076600	0.026142	0.110158	0.152053	-0.094456	-0.107481	-0.032372	0.105984	0.056309	-0.055974	-0.057041	-0.036149	0.148885	0.195459	-0.057848	0.262201	0.118324	0.127576	0.139871	0.015262	-0.123363	-0.043667	0.058056	0.000203	0.118639	-0.075775	-0.012311	0.182302	-0.071116	0.007740	-0.011937	0.146363	0.010174	0.244962	0.003425	-0.081907	0.031725	0.166393	0.050178	-0.007993	0.030864	-0.165150	-0.047174	0.059359	0.110326	-0.083687	-0.094213	-0.158969	0.089175	-0.104601	0.028123	-0.159487	-0.013599	-0.180560	0.056867	-0.026611	-0.088050	-0.003381	-0.084932	0.011466	0.151029	-0.072365	-0.030742	-0.124026	0.133682	-0.079109	0.032021	0.093211	0.310012	-0.007223	0.000823	0.256170	0.069821	0.096427	0.046821	-0.024869	0.067303	-0.199176	0.024120	0.037467	-0.020227	-0.008346	0.053512	0.148452	0.042008	-0.049143	-0.083492	-0.065782	0.135632	-0.016988	-0.049110	-0.082865	0.022318	0.062941	0.100140	0.069837	0.078735	-0.129397	0.056385	-0.066218	0.034622	-0.022754	0.063917	0.059317
chr8:23750151-23752151	0.482304	0.750006	-0.122297	-0.062898	0.355150	-0.225232	0.005156	0.102514	0.092784	-0.053589	0.180956	0.284936	-0.180059	0.365256	0.097671	0.298149	-0.132340	-0.117315	0.157680	0.074704	0.083277	0.007874	0.284774	-0.020068	0.070101	-0.013657	-0.013950	-0.238314	0.242199	-0.017441	-0.226879	0.152239	-0.227683	-0.022537	-0.157407	0.002081	-0.153590	-0.004232	-0.141096	0.137641	-0.061177	-0.215205	-0.039689	-0.132738	-0.087984	0.120261	0.034688	0.234120	-0.255297	0.036363	0.335063	-0.088027	0.062564	0.008305	0.226409	0.034302	-0.138516	-0.120035	-0.124798	-0.054130	0.024661	-0.047015	-0.112372	0.046432	-0.016776	0.136724	-0.216314	-0.029664	-0.200564	-0.121825	-0.069221	-0.188245	-0.033007	-0.153576	0.147261	0.065879	-0.029081	-0.090839	0.031272	0.140605	0.013354	0.034802	-0.176183	-0.166178	0.007696	-0.104021	-0.045841	0.037330	-0.027727	-0.120347	0.049490	0.136130	-0.061112	-0.104835	0.160991	0.072567	0.060211	0.025930	0.172624	-0.064028	-0.113311	0.028342	0.098180	-0.006082	0.132760	0.043302	0.048539	-0.158112	0.040002	-0.062049	0.015510	-0.028768	-0.079228	-0.103102	-0.079231	-0.108786	0.046953	-0.099317	0.014216	0.039724	-0.062854	0.002369	0.000401	-0.235902	-0.029129	0.153878	0.029765	-0.080719
chr7:1284195-1286195	-0.389409	-0.588958	-1.098642	-0.125054	0.056961	0.405172	-0.290386	-0.104392	0.110259	0.114053	0.092701	0.216662	0.039721	0.014683	-0.242982	0.071577	-0.007847	0.085198	-0.116848	-0.210807	-0.119730	-0.048485	0.276422	0.157154	0.082291	-0.158864	-0.019009	0.077902	-0.011607	-0.060997	0.095330	-0.240927	0.180900	0.070224	-0.106888	-0.091242	-0.180865	-0.057907	-0.159341	-0.313075	-0.123083	0.084240	-0.048629	0.017896	0.041569	-0.088417	0.140864	-0.078802	0.002873	0.065644	0.131733	0.022970	0.155019	0.050720	0.094686	0.141407	-0.046082	-0.073282	-0.183566	-0.056915	0.179726	0.031174	0.069716	-0.136678	-0.034543	0.246485	0.136684	0.024436	0.110418	-0.076964	-0.053862	-0.046252	0.099354	-0.018100	-0.089119	0.063062	-0.030939	0.029565	0.127497	-0.088933	-0.067692	-0.135336	-0.007266	0.030718	-0.087784	0.090068	-0.031379	-0.138157	0.090020	0.020371	-0.121928	-0.022592	-0.017085	-0.055897	0.032208	0.068756	-0.054771	-0.046135	0.004167	0.086747	-0.037669	0.046569	-0.038728	-0.054204	-0.168634	-0.088059	0.087204	-0.083351	-0.132636	-0.023206	0.094764	-0.127724	-0.110664	-0.065282	-0.102249	0.203858	0.005192	-0.045848	-0.132275	0.037162	0.097689	-0.018581	0.036286	0.104129	-0.017367	0.103664	-0.069502	0.025965
chr12:348298-350298	0.690711	0.402858	0.019626	0.260919	-0.717380	-0.103866	0.002167	-0.202937	0.173320	0.115590	0.302923	0.107427	-0.009284	-0.067330	-0.160286	-0.067159	0.126539	0.016388	-0.055179	-0.199454	-0.068048	-0.014008	-0.009604	-0.127072	0.029284	-0.102256	0.181678	0.022638	0.147638	0.069062	0.048826	0.069210	-0.064423	-0.087543	-0.135499	-0.026117	0.007629	-0.162281	-0.058117	0.179516	0.042386	-0.024204	0.071799	0.075852	-0.038869	0.137818	0.044860	0.015455	-0.131213	0.175483	-0.074508	0.188852	0.272870	0.282226	0.028174	0.037590	0.112952	-0.159950	-0.097294	-0.004165	0.138847	0.119215	0.079083	-0.133376	-0.125444	-0.106000	-0.095233	0.017418	0.027805	0.165200	0.189095	0.087305	0.005659	0.070015	-0.006055	-0.164671	0.041593	0.125883	-0.052367	0.068707	0.025842	0.198614	-0.101647	-0.091306	0.052308	0.078096	0.070277	0.212326	0.087510	-0.045344	-0.045042	-0.226652	-0.018850	-0.238132	0.009709	-0.141708	-0.044156	0.076226	0.070588	-0.127967	0.095303	-0.109809	-0.036965	0.104743	-0.015285	0.234388	-0.170921	0.024940	-0.026949	-0.101754	0.102499	0.212995	-0.066219	-0.036011	0.039035	0.025417	0.070088	-0.115466	0.058252	-0.042492	-0.004976	0.073822	-0.106532	0.225925	0.083216	0.066958	0.106855	0.060477
chr10:1152202-1158200	0.468857	-0.344163	-0.595613	-0.126152	0.100586	-0.296606	-0.006946	-0.033896	-0.046666	-0.178553	0.012613	0.009002	-0.068379	-0.156035	-0.093210	-0.185863	-0.173309	0.041741	-0.043768	0.294786	0.063894	0.114005	0.025749	0.022131	0.101516	0.111639	0.004651	-0.196202	-0.032414	-0.040096	0.004655	-0.001852	-0.075950	0.072272	-0.035643	-0.067896	0.052451	0.260820	0.081289	-0.100328	0.019938	0.138656	-0.179111	-0.085766	-0.050984	0.095867	-0.027228	-0.188634	0.030351	-0.245616	-0.094801	-0.131565	-0.105342	-0.253155	-0.003185	-0.100298	-0.045702	0.001635	-0.032509	-0.042311	0.043883	-0.047591	-0.183469	0.126813	0.045001	-0.201242	-0.116306	-0.113934	-0.091657	-0.185002	-0.028885	0.019112	0.014924	-0.090513	0.031877	-0.054313	0.003990	0.015004	-0.016333	-0.038486	-0.022028	0.066615	-0.272412	-0.052866	0.018892	0.023695	-0.166162	0.044037	0.069632	-0.037842	-0.008504	-0.007479	-0.054516	0.000570	0.109840	0.043652	-0.069133	0.060586	-0.157107	-0.005916	-0.014149	0.108174	0.028224	-0.097176	-0.017765	-0.030791	0.159258	-0.045859	-0.036386	0.064267	0.127593	0.004903	0.044654	-0.005084	-0.129556	-0.021748	0.104692	-0.019993	0.139070	-0.099679	0.121577	-0.098228	0.026054	-0.093245	0.126041	0.050049	0.048996	0.071231
chr3:187709202-187723000	0.855757	-0.196936	0.160639	0.119825	-0.018923	0.027286	-0.179415	-0.053746	-0.043349	-0.094280	-0.076983	0.077866	0.013290	0.081805	-0.047351	-0.191995	0.203350	0.057671	0.128828	-0.025827	-0.010246	-0.059151	0.023689	-0.118929	-0.198177	-0.054244	0.102559	-0.036458	-0.047182	-0.040112	0.046434	0.021342	-0.108252	-0.161994	0.021274	0.164669	-0.218116	0.134188	0.063656	0.031396	-0.211314	-0.104145	-0.071425	0.022191	0.131635	-0.021231	0.042052	0.168701	-0.047637	-0.006761	0.117925	0.083426	-0.122230	-0.049299	-0.069223	-0.003341	-0.090552	-0.149992	0.007586	-0.007674	-0.078213	-0.112592	-0.129712	0.128348	0.010468	-0.062391	0.073041	0.108481	-0.053532	0.028634	0.058503	-0.050581	0.070418	0.144161	-0.135992	0.011515	-0.019668	-0.118543	0.038427	0.013837	0.062922	0.092284	-0.120666	0.009271	-0.068366	-0.204824	0.023667	-0.062702	-0.008168	-0.000860	-0.158190	-0.044295	0.104063	-0.134711	0.118793	0.101850	0.020359	0.025173	0.053338	-0.048843	-0.028749	0.114858	0.077051	-0.080102	0.196277	-0.006011	-0.000380	-0.082593	-0.037383	-0.048759	0.113918	-0.040338	-0.146829	0.006457	-0.094096	0.039566	-0.118464	0.054101	-0.124641	0.065892	-0.031678	0.000127	0.025423	0.132995	0.026533	-0.077726	0.107803	-0.124238
chr2:113973202-113979800	0.591489	-1.049628	0.056915	-0.092918	-0.094764	-0.096700	0.124701	0.042676	-0.110724	-0.146715	0.065079	0.057376	-0.210148	0.077234	0.031354	-0.162215	0.143470	-0.157910	0.010940	0.000038	-0.152623	0.028738	-0.026487	-0.005618	-0.022633	0.121495	-0.029197	0.132007	-0.036070	0.016095	-0.035920	-0.081692	0.150340	0.125325	-0.111721	-0.040201	0.101497	0.188977	-0.142182	-0.106254	0.073386	-0.059632	0.001179	0.044532	0.152088	0.000893	-0.079090	0.066149	0.199070	-0.113610	-0.135069	0.057448	-0.052004	0.029407	-0.048792	-0.183619	-0.142383	0.035081	-0.038919	-0.172925	-0.143365	0.011430	0.042392	0.099882	0.098439	-0.064739	-0.161873	0.020249	-0.183731	-0.051120	-0.120918	0.003965	-0.055459	-0.000321	0.016947	0.133374	0.130491	0.104546	-0.108164	-0.091422	-0.072865	-0.178902	0.101319	-0.047597	0.055333	-0.042284	0.101695	-0.003261	0.036029	0.067006	-0.125342	0.035657	-0.062389	-0.075929	-0.149721	0.153872	-0.100498	-0.006465	-0.001186	-0.228509	0.205282	-0.050228	-0.054863	-0.052742	0.011134	-0.082463	0.042286	0.046909	0.012655	-0.046512	0.143837	0.112651	0.024537	-0.004048	0.023513	-0.039004	-0.049757	0.066146	-0.092185	-0.066091	0.067710	0.022368	-0.172270	-0.110002	-0.066435	-0.043007	-0.013064	0.050573
chr17:59234602-59239400	0.812109	0.252155	0.161676	0.080681	0.327326	-0.224564	-0.064448	-0.138695	0.088874	0.100542	0.249255	0.175210	-0.081746	0.206483	0.009834	0.145119	-0.264409	0.116959	-0.152293	-0.044856	0.078666	0.049002	0.054370	0.200357	0.078448	-0.164816	-0.143597	0.013174	0.046688	0.130100	0.009469	-0.206562	-0.030952	-0.112027	0.048015	-0.025444	0.171667	0.049576	-0.033617	0.031519	-0.025322	0.000990	0.171338	-0.102962	-0.138568	-0.009171	-0.031399	0.018169	0.035119	0.204976	0.099625	0.056611	0.098312	0.116609	0.083829	0.141882	-0.032833	-0.114883	-0.100849	-0.142597	0.067460	0.000278	-0.007718	-0.038723	-0.091203	0.165545	-0.035946	-0.025896	-0.075711	-0.120441	0.066234	0.009292	-0.112233	0.056704	0.045742	0.077792	-0.085740	-0.118934	-0.082179	-0.052747	0.066058	-0.045194	0.220175	-0.077723	-0.010245	0.110284	-0.008532	-0.006750	0.045544	0.038248	-0.029113	0.028433	-0.017116	-0.063057	-0.049454	-0.030260	0.059110	-0.072411	-0.114768	-0.051483	-0.061065	-0.015937	0.089919	0.102808	0.109840	0.079255	0.100767	-0.024988	-0.011669	-0.002635	-0.041614	0.092318	0.119484	-0.013896	-0.086260	-0.030800	0.039174	-0.063326	0.030003	-0.080619	0.075304	0.041768	-0.068970	0.076134	-0.186119	0.108718	0.058213	0.036610
chr5:39390402-39404000	0.552249	-0.703471	0.068563	0.036727	0.118736	-0.355496	0.041501	0.116763	-0.185387	-0.072309	-0.156600	-0.076923	-0.119981	-0.164091	0.009627	0.064607	0.044814	-0.065147	-0.096551	0.157586	0.126491	-0.069208	0.012178	-0.167703	-0.039486	0.086825	-0.045952	0.051250	-0.076092	-0.061648	-0.085339	-0.014474	-0.006081	-0.099405	-0.057203	0.177218	0.091987	0.033550	0.069188	-0.094885	0.010087	0.088162	-0.057547	0.010018	0.000145	-0.094545	-0.008446	0.070465	0.041483	0.045510	0.069732	-0.202753	-0.001919	-0.067440	-0.140958	0.213047	0.022757	-0.015143	0.004986	-0.177782	0.075038	-0.000935	-0.060020	0.047282	-0.054453	0.051043	-0.028739	0.119708	0.141062	-0.105036	-0.133203	0.099745	0.152619	0.011706	-0.155414	-0.032771	-0.022576	-0.090625	-0.084457	-0.002410	-0.080285	0.159460	0.138122	0.080870	0.082947	-0.053080	-0.111983	0.156563	-0.048030	0.078408	0.029399	-0.109865	-0.018728	0.023134	-0.040407	-0.078279	0.135737	-0.138400	-0.045541	0.015636	-0.110965	-0.046232	-0.146271	-0.228061	-0.047014	-0.090007	-0.097967	0.044402	-0.126537	0.126797	-0.078397	-0.078445	-0.156243	-0.041610	-0.126819	-0.041856	0.084292	0.024810	-0.058996	-0.020040	-0.011432	0.029101	0.103869	-0.015149	0.072805	-0.163898	0.129628	-0.038759
chr19:33355891-33357891	0.169139	-0.793019	0.444380	0.131282	0.006008	0.210931	-0.257564	0.109350	-0.002963	0.175047	-0.024865	-0.236788	-0.095052	-0.081682	-0.089335	-0.021071	0.002943	-0.115133	-0.129132	-0.144713	-0.034824	-0.043892	-0.122186	0.035299	0.009239	-0.215002	0.005771	-0.029837	0.026493	-0.042737	0.013392	0.022523	0.014596	-0.170492	-0.055321	-0.064903	0.029710	0.155281	-0.157780	0.000356	-0.057682	-0.016466	0.264193	-0.037635	0.192984	0.010823	0.021770	0.092241	0.063932	0.072510	-0.073216	0.036027	0.070149	-0.000393	0.097693	0.029620	0.031266	0.282175	-0.133900	0.092190	-0.137522	-0.082376	-0.116464	0.053877	-0.112508	0.031266	-0.110776	-0.012465	0.095834	-0.113356	-0.102521	-0.013962	-0.021297	0.002272	-0.082762	0.032089	0.022151	-0.282648	-0.006039	-0.105987	0.033912	-0.024120	0.020113	0.006929	-0.033077	-0.045036	0.173031	-0.012133	0.019847	0.015141	0.085622	-0.075065	-0.055567	-0.136939	0.080819	0.030372	-0.055351	-0.046984	-0.062599	0.061677	0.029794	-0.015909	0.015139	-0.172601	0.041566	0.160278	-0.129737	-0.019026	0.067734	0.052332	0.031312	-0.022130	0.026502	-0.047239	0.005992	0.243548	-0.103673	-0.040510	0.041387	-0.137256	0.223039	0.051560	0.053863	-0.125464	-0.022578	-0.075579	-0.178751	-0.010581
chr2:27730802-27731200	-2.148126	0.265347	-0.026328	-0.323647	-0.157889	0.157247	0.163256	-0.218052	0.067864	0.049367	0.020336	0.013359	-0.193298	0.122070	0.227282	0.042289	0.004035	-0.230349	-0.001629	0.250568	0.145970	-0.023204	-0.064260	-0.046516	0.012512	0.234907	-0.189344	0.131824	-0.241554	0.101263	-0.200542	0.161145	-0.257169	-0.344346	-0.070085	0.117757	0.102355	-0.196151	-0.077132	-0.192468	-0.173687	0.035535	-0.427701	0.139810	0.218627	-0.071581	0.275823	0.059973	-0.138670	0.094732	-0.152365	0.173668	0.007440	-0.098397	0.090587	0.043416	0.105296	0.190360	0.046016	0.038355	0.160872	0.011440	0.035449	-0.525571	0.033930	0.002047	0.069854	0.204536	-0.025098	-0.122940	0.123858	0.083456	-0.080581	-0.104388	-0.032247	-0.039050	0.008966	-0.147705	-0.014378	-0.157592	0.179757	0.250678	0.043179	-0.041363	0.338165	0.056193	0.108357	-0.269370	0.012856	0.137133	0.008392	0.072711	0.152381	0.042176	-0.099412	-0.044715	0.033801	-0.257668	0.146699	0.009354	0.078320	0.166505	-0.090492	-0.001418	0.012511	-0.077026	0.057105	0.033116	-0.162206	-0.194686	0.049343	-0.109467	0.083177	0.057311	-0.051491	0.020224	-0.092403	-0.075257	-0.015160	-0.157070	0.091714	-0.040062	-0.088333	0.041795	-0.094761	-0.068859	0.002042	0.014649
chr3:66798602-66803400	1.096267	-0.022984	0.283922	0.084547	-0.162531	-0.134978	-0.206247	-0.221481	0.016181	-0.009164	-0.138492	0.233481	0.080631	-0.001061	-0.163304	0.059339	0.007623	-0.052643	-0.233525	0.189834	0.101348	-0.083277	0.114192	-0.186983	-0.007129	0.010672	0.031632	-0.145354	0.151350	-0.075871	0.088280	0.031369	-0.147244	-0.136675	0.141968	0.032796	-0.101570	-0.061523	0.076962	0.017612	-0.043860	0.134383	-0.023139	0.077815	0.067927	-0.031350	-0.088514	0.201554	0.058539	-0.005473	-0.005056	-0.097671	0.105419	0.205495	0.000629	-0.025122	0.010822	-0.092774	-0.040738	-0.082164	0.073523	-0.086234	0.072927	0.022136	0.069010	0.063103	-0.008019	-0.071784	-0.173962	0.034019	-0.197262	0.243162	-0.148167	0.009922	0.035475	-0.044723	0.261540	-0.185467	-0.083746	-0.075505	0.013998	-0.018269	0.044079	-0.021911	0.033853	-0.043014	-0.177256	0.069799	-0.174685	-0.088667	0.085277	0.141806	0.086664	0.083061	-0.051964	-0.108008	0.076717	0.107289	-0.029587	-0.016737	-0.189650	-0.145200	-0.103515	0.094746	0.068321	0.118240	0.048245	0.055134	0.074429	0.097798	0.089599	-0.090175	0.130103	-0.020198	0.131867	-0.004650	-0.056937	-0.069286	-0.122681	-0.002746	0.076063	-0.113178	-0.100688	0.114204	0.148570	0.100764	-0.026186	0.142828
chr4:77405402-77414000	0.719427	-0.024375	0.153571	0.068806	0.091716	-0.049728	0.252012	0.297019	0.014482	-0.015184	0.181860	-0.099844	0.036937	-0.021318	0.001089	0.060323	0.070266	-0.166995	0.043400	-0.035202	0.058229	0.041891	-0.176215	-0.124476	0.265630	-0.130621	0.182396	0.040960	0.033984	0.013915	-0.037565	0.131350	-0.095935	0.099672	0.102456	0.042291	-0.206765	-0.106361	-0.174127	0.011569	0.164694	-0.010520	0.088741	-0.040785	-0.068513	0.081396	-0.047975	-0.030942	0.113661	0.176332	0.074828	0.114739	-0.075624	0.061612	0.038934	-0.024646	0.008776	0.185100	-0.035176	-0.051011	-0.006038	-0.095984	0.098126	-0.029999	-0.089940	-0.119550	-0.046288	-0.026411	0.012316	-0.125701	0.187807	0.109720	-0.253424	-0.035609	-0.038548	-0.102238	-0.120762	0.009371	-0.110895	0.006318	-0.067972	-0.101991	-0.074617	0.014143	0.308972	0.106866	-0.009911	-0.004877	-0.092294	-0.034660	0.054801	0.135027	0.072633	-0.115996	-0.004306	-0.095421	0.044850	-0.054060	-0.024940	0.008411	-0.079426	-0.035137	0.039040	0.105405	0.060161	0.053332	0.119155	0.054687	0.061667	0.040724	-0.050763	0.029940	-0.118099	0.019698	-0.102401	-0.179472	0.012009	0.014519	-0.083497	-0.116988	-0.059039	-0.050744	-0.027231	-0.029181	-0.101066	0.136408	-0.054206	-0.007857
chr2:73865402-73870200	1.032631	0.725370	0.065948	0.068236	0.073841	-0.149217	0.144652	0.075355	-0.012849	0.031519	0.067208	0.141230	-0.139473	-0.067617	-0.038334	-0.028072	0.210981	-0.057307	0.088298	-0.193178	-0.005350	0.002456	0.088987	0.004024	0.055490	0.146309	0.102134	0.011320	-0.111200	-0.095581	-0.032138	-0.079056	0.052023	0.062173	-0.083240	-0.153209	0.008778	0.221580	-0.132603	-0.094231	-0.064220	0.049711	0.055023	0.047568	0.007778	-0.210495	-0.065093	0.123642	-0.261795	0.074524	-0.264859	-0.011481	0.013664	0.052183	0.146268	0.106815	-0.137956	-0.083990	0.049751	0.073353	-0.124074	0.119656	0.016891	0.149720	0.079216	0.123546	-0.130252	-0.032959	0.042631	0.085153	-0.002348	0.001614	-0.085206	0.172593	0.105230	-0.065308	-0.005477	-0.139554	0.051345	0.130169	0.014261	-0.074541	-0.047404	0.011318	-0.269414	0.099629	0.147665	0.165256	-0.022910	0.092669	0.058096	-0.001710	0.027460	-0.019857	-0.074018	0.010948	-0.139808	0.002045	0.168269	-0.026793	0.019796	-0.113078	-0.116003	0.117244	-0.249086	-0.070220	-0.167777	-0.031782	-0.027664	-0.037371	-0.049724	0.095120	0.168373	-0.019445	0.007660	0.055108	-0.013787	0.005767	-0.117057	0.059624	-0.028779	0.053162	0.084858	0.065814	-0.090752	0.160160	0.027865	-0.036407
chr3:169147602-169151400	0.690851	-0.288551	-0.239558	0.020369	0.338058	-0.135200	-0.033882	-0.157233	0.256864	0.102523	0.264407	0.174475	0.175389	-0.131678	-0.134109	-0.111271	0.156460	0.018532	0.181836	-0.035227	-0.121092	0.161130	0.066808	-0.092248	0.033491	-0.090857	0.091683	-0.074171	0.089948	0.299880	-0.045923	0.098834	0.105299	0.112303	-0.027381	-0.057887	-0.122172	-0.098117	-0.003528	-0.121812	0.019260	-0.208670	0.092112	-0.029154	0.062978	0.103856	0.107241	-0.057979	-0.139482	-0.205049	-0.238565	-0.161749	-0.011440	-0.189393	-0.006503	-0.049749	0.098564	-0.091152	-0.039899	0.023804	0.036687	0.019600	0.070122	-0.072169	-0.064488	0.202345	-0.027369	0.122619	-0.057082	0.214532	-0.114619	-0.058946	0.016964	-0.009012	-0.071076	-0.074744	0.033039	0.058775	-0.078062	0.056476	-0.006782	0.114000	-0.190984	0.063570	-0.122655	-0.191502	-0.105286	-0.023406	-0.129420	-0.039942	0.094069	0.024213	-0.132541	0.118790	-0.003471	-0.055079	-0.054450	0.039953	0.055484	0.113851	-0.117802	-0.082418	-0.048748	-0.078485	-0.107592	0.067789	0.060244	0.027241	-0.104588	0.076096	-0.066041	-0.006237	0.077561	0.012317	-0.102013	-0.026560	-0.234687	-0.076373	-0.145151	0.015903	-0.047586	-0.088161	-0.027836	0.091405	0.061185	-0.175392	-0.021302	-0.120317
chr4:77367202-77372600	0.669841	-0.851684	0.184189	-0.031877	-0.233530	-0.107885	0.018220	0.206933	-0.139747	-0.108340	0.041887	-0.098916	-0.049559	0.004347	0.018683	-0.130994	0.101437	0.109756	-0.021576	-0.042267	-0.088156	-0.278350	0.131204	0.010263	-0.076162	-0.017722	-0.096430	-0.132483	-0.188032	0.155175	0.038829	-0.277838	0.015914	0.008095	0.032663	-0.013699	-0.151287	0.125161	-0.121348	-0.009585	-0.130080	0.086594	0.073862	0.007257	-0.026024	0.091937	-0.122571	0.055605	0.046061	-0.078347	0.002857	0.033194	-0.126221	-0.038442	-0.062047	-0.134181	0.088016	0.213254	0.083175	-0.092241	-0.120929	-0.012597	-0.023268	0.003527	0.196075	-0.064191	0.057458	-0.215152	-0.036751	0.100283	0.012499	0.052435	-0.010670	-0.010997	0.165965	0.031992	0.181070	0.013402	-0.042910	0.097962	-0.139255	-0.051071	0.079778	0.070228	-0.075044	-0.072084	-0.107589	0.028279	0.123434	0.009882	-0.008228	0.053924	-0.009809	0.144723	-0.122048	0.009044	0.105430	-0.060053	0.018882	0.093856	-0.025198	-0.009720	-0.235139	0.067602	-0.111263	-0.017610	0.117182	0.010312	0.162703	-0.122368	-0.110809	-0.035788	-0.059541	0.060566	0.035935	-0.003844	-0.079828	0.121702	0.009947	-0.151900	0.016439	0.134713	0.034320	0.007382	-0.029677	-0.093046	-0.181619	0.188536
chr15:53942854-53943115	-3.164653	0.467826	0.087544	-0.391552	0.013751	0.042217	0.049236	0.223388	0.173923	0.085928	0.115409	-0.005667	0.049315	-0.142185	-0.056647	0.070917	0.172936	-0.172049	-0.146476	-0.125070	-0.074356	-0.108830	0.303389	-0.223774	-0.262586	-0.176598	0.380498	-0.030429	-0.157544	0.164041	0.134863	0.155283	-0.290243	0.047513	0.365104	-0.023911	0.062000	-0.172248	0.073698	0.066092	-0.173492	0.332115	-0.296298	0.209612	0.246734	-0.016448	0.198288	0.152722	-0.060030	-0.236132	0.473924	-0.079548	-0.069012	0.105307	-0.201848	-0.078116	0.028916	-0.089007	-0.084369	0.052061	-0.246483	0.435983	0.117367	-0.018156	0.151256	-0.269179	0.169974	-0.032330	-0.323444	0.053170	-0.231436	0.117152	0.137223	0.020659	-0.004218	0.124274	0.232533	0.000159	0.043382	0.006379	-0.308703	-0.128213	0.002768	0.140683	0.099261	-0.184843	0.117667	-0.010077	0.028814	0.117565	-0.220660	0.098751	-0.098541	0.134701	-0.038618	0.112801	-0.025325	0.128461	0.131689	-0.051376	0.088068	0.047539	-0.021109	0.092268	-0.092125	-0.079226	-0.014162	0.059244	0.086731	0.073735	-0.008956	-0.167398	0.086888	0.198206	0.113579	-0.083242	-0.006129	0.199647	-0.257134	-0.038780	0.026407	-0.081821	0.040145	-0.051758	0.194296	-0.160194	0.095980	0.000262
chr6:127435202-127439600	0.507296	-1.327574	0.108152	0.028150	-0.189780	-0.211515	0.037367	0.031176	-0.072927	0.165810	-0.121545	-0.007506	0.064313	-0.188451	0.086745	-0.241004	-0.037948	-0.029395	0.167402	-0.133812	0.054741	0.158875	-0.084218	0.152160	0.092802	0.052601	0.016781	0.110830	-0.049250	0.207062	0.010277	0.159353	-0.159970	0.046380	0.057729	-0.231944	0.016019	0.084672	-0.125526	-0.097305	-0.023522	-0.083028	-0.017703	-0.212010	-0.121812	-0.111999	0.130586	0.054857	-0.112843	-0.009477	0.142843	0.014983	0.173665	0.055884	0.044302	-0.205119	-0.024538	-0.127529	0.102407	0.037218	-0.132188	-0.060779	-0.027395	0.081896	-0.015479	-0.067339	-0.187784	0.081346	-0.075493	-0.042234	-0.043339	0.008369	-0.021647	0.112599	0.080526	-0.073309	-0.020837	0.050249	0.020200	-0.147658	0.031181	0.001538	-0.142198	0.054055	0.092983	0.243687	-0.039174	0.033976	0.067006	-0.002894	-0.063380	0.089252	-0.126688	0.016298	0.025789	0.032839	0.030346	0.182378	0.045145	0.166988	-0.008319	-0.035348	-0.090521	0.130596	0.100960	-0.162441	0.016941	-0.078930	0.064363	0.143097	-0.008688	-0.013378	-0.094464	0.023434	-0.015420	0.021315	0.034531	0.056879	-0.075215	0.025983	-0.073684	0.185311	0.062988	0.074640	0.025769	0.003256	-0.045472	0.089655
chr1:155187002-155196600	0.055588	0.616903	-0.654486	-0.024369	0.044107	0.010509	-0.030053	0.245533	-0.001876	-0.085353	0.007836	0.107336	0.130724	-0.145154	-0.030467	-0.001830	0.049304	0.038556	0.176856	0.020334	0.156373	-0.090002	-0.283181	-0.288620	0.031994	0.044411	0.037327	0.039407	-0.020164	0.113989	-0.092226	0.111720	0.287901	-0.040290	-0.301705	0.062123	0.295053	-0.075188	-0.123919	0.040117	-0.094797	0.043218	-0.086451	-0.114124	0.139186	-0.037848	-0.156711	0.122359	0.110593	0.065303	-0.007428	-0.145952	0.009156	-0.017725	0.065454	-0.043764	-0.083337	-0.172117	-0.071635	-0.066932	-0.169936	0.162901	0.001252	-0.040965	0.180873	-0.033380	-0.016079	-0.025080	-0.148598	-0.000651	0.007105	-0.047927	-0.107327	-0.086079	-0.151773	-0.049076	0.208384	-0.233352	-0.023628	0.207493	0.077847	0.201462	0.087407	0.068256	0.098599	-0.163109	0.038824	0.157035	-0.075201	0.020246	-0.140245	0.030461	0.022024	-0.239400	0.021719	0.087660	-0.202584	0.000039	0.075158	-0.010594	-0.066745	-0.049357	0.068237	0.063845	0.098896	0.070303	0.205786	-0.102195	-0.101071	0.027317	0.048165	0.250059	0.033804	-0.129156	0.055748	-0.040407	-0.017640	0.070066	0.065880	-0.017532	0.047360	-0.070392	0.134126	0.069187	-0.055552	0.232030	-0.010807	-0.097705
chr6:160668002-160670400	0.497153	0.455291	0.042736	0.110940	0.057247	-0.027870	-0.142265	-0.093187	-0.217681	-0.051264	-0.200579	0.083819	0.180428	0.166889	0.059555	-0.021276	0.021052	-0.023869	0.104590	0.098978	0.038445	-0.230845	-0.025005	-0.172609	-0.053265	-0.051121	0.096132	-0.192441	-0.155120	-0.077885	0.136686	-0.023851	0.030793	-0.041537	0.054245	0.023272	0.065967	0.056141	0.193289	-0.093918	0.139060	-0.019844	-0.065393	-0.148863	-0.024686	0.111401	-0.133979	-0.184750	0.050105	-0.037906	-0.202367	0.061453	0.018545	-0.150845	-0.025335	0.242693	-0.234787	0.060400	-0.005777	0.104718	0.008161	0.118450	-0.073386	0.033981	0.113314	-0.081018	-0.300124	0.042196	0.112175	-0.137065	0.013384	-0.125760	-0.024582	-0.092122	0.029779	0.105527	0.036676	-0.032975	0.160179	0.118276	0.100086	-0.065127	0.031458	0.068715	-0.041560	0.164873	-0.003313	0.178115	0.046525	-0.006576	0.046838	-0.058060	-0.073286	0.063947	-0.078611	0.105919	-0.020677	-0.030784	-0.015833	-0.041957	-0.082202	-0.145252	0.077362	0.057586	-0.270206	-0.021787	0.105464	-0.195418	-0.162113	0.083784	0.359143	-0.070397	-0.130450	0.004565	-0.053568	-0.059648	-0.079807	-0.024904	-0.101607	-0.062836	0.273308	-0.150626	-0.023080	-0.032049	0.031124	-0.066642	-0.122182	0.087773
chr15:45640225-45642225	0.700299	-0.742085	0.028847	0.040949	0.305417	-0.003973	0.027610	-0.006297	0.025022	0.131107	0.035067	-0.150632	0.198454	-0.044798	0.139138	-0.078758	0.036759	0.187623	0.283670	-0.030669	0.065989	0.258979	0.029847	0.255857	0.261298	0.042997	0.278006	0.007893	0.015346	0.147736	0.050058	0.017000	-0.108812	-0.020998	0.134743	0.044405	0.098392	-0.050810	0.096186	-0.101389	-0.121287	-0.053734	-0.034789	0.014997	0.001574	-0.072189	-0.057918	0.019444	0.063629	-0.137548	-0.120114	-0.012183	0.008767	0.054868	0.093043	-0.040260	0.135672	-0.082328	-0.004814	-0.037232	-0.129621	-0.000585	0.238535	-0.170238	-0.105688	-0.012052	0.025695	-0.186545	-0.067319	-0.197962	0.055328	-0.031142	-0.228964	0.184750	-0.014205	0.052755	0.008717	0.189777	-0.097071	-0.051210	0.166825	-0.033575	-0.069350	-0.007088	-0.022289	0.212968	-0.034090	-0.110402	0.076264	-0.079979	0.139685	-0.239675	-0.070169	0.099530	-0.025825	0.060420	-0.161646	0.076275	-0.247473	-0.082629	0.092270	-0.025841	0.094765	0.021761	-0.030524	0.003669	-0.292684	-0.012977	0.004395	-0.036819	-0.014016	-0.084759	0.127248	0.003941	0.113267	-0.044243	0.001096	-0.144983	0.095481	-0.119558	0.182545	0.043687	-0.103141	-0.182109	0.182060	-0.119725	-0.090650	0.041176
chr1:150947602-150955600	0.818625	-0.502476	-0.016210	0.063577	-0.194297	-0.141031	0.075095	0.078542	0.131995	-0.015978	0.181518	-0.005020	0.013440	0.323070	0.204376	0.095434	0.034961	0.020566	-0.059124	0.131824	0.174666	0.046866	0.031715	0.026935	0.189699	-0.093996	-0.031887	-0.010060	-0.057168	0.125735	-0.020770	-0.107145	-0.026554	0.095207	0.115316	0.055260	0.071218	0.289172	-0.080291	0.177032	-0.082856	0.051849	0.102782	0.082344	0.113121	0.091426	-0.086499	-0.043564	-0.060131	-0.117867	0.077045	0.006116	0.036478	0.022306	-0.188458	-0.037779	-0.145274	-0.052364	0.118535	0.161186	-0.050106	0.025985	-0.069419	-0.015575	-0.069898	0.149909	0.031068	0.136981	0.093536	0.013473	0.115297	-0.117835	0.039447	-0.002772	0.008904	0.096033	-0.091962	0.039546	-0.067370	0.023162	-0.043452	0.051947	-0.096654	-0.053416	-0.050658	-0.046305	-0.084779	0.144662	0.053560	0.081360	-0.085822	-0.031304	0.047022	-0.191474	0.080005	-0.171798	-0.095156	-0.086548	-0.082079	0.061345	0.077835	0.077746	0.045249	0.072916	-0.047152	0.037988	-0.032558	0.073617	-0.041103	-0.148134	-0.090237	0.017057	-0.017112	-0.201481	0.012037	0.091076	-0.021933	0.023867	0.009839	0.080440	-0.075089	0.109495	-0.060166	0.078527	0.003434	0.074864	-0.008616	-0.103153
chr4:88958922-88960922	0.332524	-0.577355	0.202671	0.064491	0.184850	-0.034602	-0.358097	-0.350229	-0.066471	0.045592	0.036605	0.022726	0.111222	0.097942	-0.177228	0.075591	-0.019603	0.052814	0.076046	0.035996	-0.021912	0.000076	0.015474	-0.193175	0.020785	0.217843	-0.005564	0.142545	0.022229	0.060038	-0.106160	0.183324	-0.045080	-0.176513	0.166247	0.140525	-0.148281	0.038119	-0.016617	-0.066207	-0.211973	-0.198051	0.122180	-0.019803	-0.022756	0.034794	0.057778	0.130381	0.004231	-0.015280	-0.300972	0.172538	-0.189888	0.079824	0.154391	-0.212238	0.169263	0.067787	0.017937	-0.209480	-0.019895	0.155783	0.012123	0.093412	-0.074074	0.082073	0.197949	0.001637	0.059843	-0.173610	0.122259	-0.197712	0.035724	-0.012512	-0.019678	-0.037873	0.113471	0.074924	0.031962	-0.153370	-0.177471	0.079704	0.054717	-0.189692	0.016939	-0.076651	0.099589	-0.037366	0.071875	-0.166167	0.037111	0.044215	-0.086803	-0.070896	0.185557	-0.161477	0.079421	-0.021149	0.164787	-0.099329	-0.011181	-0.010460	-0.040339	-0.051516	0.026763	0.095747	0.038438	0.025538	-0.060075	0.214298	0.029775	0.016531	-0.187439	0.021148	0.030273	-0.001646	0.128262	0.192183	-0.065188	-0.135916	0.007553	-0.010854	-0.198791	0.059069	-0.004438	0.111661	0.057786	0.083057
chr3:141804402-141808800	0.976145	0.523906	0.129190	0.071194	-0.074888	-0.015879	0.135242	-0.131092	-0.050649	0.127490	0.044451	0.095354	0.197481	-0.021991	-0.114482	-0.177719	-0.149819	0.000047	-0.005506	0.171454	0.138446	-0.193285	0.057165	-0.093191	0.036266	0.156277	-0.057904	-0.010518	0.156125	0.118873	0.175326	-0.063768	0.047365	0.008948	-0.162161	0.194709	-0.251190	-0.062608	-0.066868	0.178481	-0.262065	0.026564	-0.101038	0.062936	0.030148	0.019056	-0.180204	-0.120327	-0.150471	0.024921	0.118733	0.107696	-0.053501	0.070929	0.022937	0.043594	-0.205778	-0.031121	-0.060795	-0.115231	-0.067579	0.053551	0.232038	0.107477	-0.103490	0.120717	-0.037373	-0.263802	0.131467	-0.083250	0.082572	0.001522	-0.098394	0.006065	-0.023116	0.048224	0.034729	0.145780	0.013123	0.410660	-0.135999	-0.196730	0.006633	0.008223	-0.030019	0.041402	-0.007024	0.028510	0.018757	0.016866	0.082541	0.011257	-0.091605	0.243859	0.126046	0.127604	0.038808	0.196619	0.123565	-0.135754	0.023879	0.132562	0.007761	-0.035123	0.170745	-0.031843	-0.045193	-0.024291	-0.051225	0.055828	0.128274	-0.029153	-0.052545	-0.035443	-0.068855	0.037570	0.107342	0.177791	0.070077	0.081147	0.112498	-0.084540	-0.081926	0.034251	-0.110282	-0.007771	0.015422	-0.007204
chr4:9994182-9996182	0.179226	-0.998948	0.069464	-0.018621	-0.039398	0.174595	0.056460	0.217375	-0.079227	-0.194736	-0.131323	-0.295986	-0.194149	-0.016524	-0.199701	0.307978	0.014486	0.046237	-0.093747	-0.016565	0.054653	0.071994	-0.043854	-0.103133	0.105911	0.037359	-0.083201	-0.001399	0.015842	-0.283483	-0.109605	0.066971	-0.023973	0.143548	-0.130701	-0.078961	0.060729	0.071279	0.074749	0.013572	0.018674	0.093602	0.156441	0.137689	-0.028917	0.069464	0.057163	0.221373	0.171014	0.135025	-0.021025	-0.120311	-0.205955	0.092495	0.018410	0.004212	0.046297	0.043048	0.029755	-0.131944	0.008802	0.180883	-0.129071	0.084563	-0.088502	0.087235	0.045268	0.021166	-0.020993	-0.074180	0.075835	0.074958	-0.174242	-0.106684	0.117260	0.081142	0.067547	0.041729	0.093454	0.056695	0.233608	-0.176638	0.173706	0.027759	-0.256506	-0.053043	-0.004717	-0.099606	-0.229702	-0.105645	0.038586	0.076198	-0.140872	-0.018917	-0.098346	-0.031427	0.092268	0.241715	-0.172159	0.033503	-0.172856	0.038384	0.074338	-0.039820	-0.103880	0.104678	-0.043121	-0.192876	-0.095597	0.020300	-0.194661	-0.057733	-0.148575	0.074033	-0.106866	0.002399	0.058626	-0.030395	0.098082	0.035669	-0.084620	0.044761	0.005811	0.148717	-0.124626	0.117580	0.055733	0.164398
chr9:71433707-71435707	0.635529	-0.335386	0.318275	-0.050487	0.109011	-0.017973	0.049932	-0.481444	0.177647	0.186507	0.026969	0.098240	0.099174	0.138286	-0.078809	0.028035	-0.159169	-0.021399	-0.119533	-0.091731	-0.163680	-0.095678	0.079673	-0.200268	0.072203	-0.093608	0.118886	0.170812	-0.066348	-0.029653	-0.052138	0.078299	-0.000327	-0.122816	0.137548	0.163662	0.010578	-0.139499	0.100361	0.294238	-0.108595	0.057097	0.008086	-0.100242	0.083669	0.042374	0.185665	-0.011443	0.069474	0.124501	-0.109852	-0.154704	-0.008766	-0.078785	0.048380	0.045075	-0.207157	0.015984	0.045846	0.084379	-0.036034	-0.043073	-0.138885	-0.079467	-0.012223	-0.179394	-0.111311	0.003416	0.136290	-0.014882	-0.026803	-0.064937	-0.026831	0.186167	-0.057295	-0.194085	0.071941	-0.106901	-0.205951	-0.062943	0.141247	0.154135	0.176822	-0.022356	0.030605	-0.057590	0.034541	0.057361	0.069202	-0.047961	0.043143	0.151221	-0.054937	0.043249	-0.135750	0.085121	-0.140225	0.035257	0.048313	0.049008	-0.078260	-0.103263	0.001829	0.277918	0.046365	0.039775	0.078240	-0.050717	-0.014620	0.094528	0.126964	0.127051	0.153110	-0.069891	0.241922	0.126671	0.145771	-0.081954	-0.087968	0.086832	0.089039	0.012408	-0.225720	-0.193830	0.054441	0.050068	0.024585	-0.022309
chr11:64460802-64466200	0.841759	0.436232	-0.064759	0.029652	0.008212	-0.365116	-0.138977	0.240336	-0.198087	0.056935	0.204973	0.106736	0.188991	0.011596	-0.127647	0.125169	0.037152	-0.188397	-0.120713	-0.034587	-0.090277	-0.287533	-0.172049	0.125759	0.150628	0.156539	-0.025727	0.023038	0.048503	-0.144017	-0.053017	-0.023590	-0.023206	0.116119	0.077596	0.056339	-0.015098	0.000221	-0.114163	-0.076201	0.098646	-0.014799	-0.060278	-0.195611	0.146465	-0.096543	0.027731	-0.080470	0.047253	-0.096149	-0.044923	-0.224271	-0.023843	-0.107032	-0.100342	0.069160	-0.030754	0.029067	-0.107265	0.106615	0.001811	-0.018985	0.016924	0.155017	-0.089453	0.107921	0.039701	0.214682	0.113561	-0.048837	-0.079142	-0.101704	0.054605	-0.138149	0.129312	0.053290	0.035733	-0.074245	0.083292	-0.129425	-0.032147	0.131585	-0.126337	0.043480	0.206219	0.023700	-0.116847	0.145235	0.022351	-0.004691	0.003383	-0.140775	0.090619	0.021306	-0.032544	0.050728	0.006738	0.032799	-0.005514	-0.198863	0.003175	0.070163	0.065202	-0.022694	-0.141961	0.072463	-0.076766	0.021157	-0.017113	0.030081	-0.106716	-0.015296	0.060619	-0.126908	0.085512	-0.043483	0.067608	0.132905	-0.120535	0.154295	0.020237	0.102841	0.047057	-0.100199	-0.121647	-0.002346	0.141028	0.016565
chr20:57468002-57486800	0.750702	-0.055933	-0.532048	-0.115156	0.130644	-0.073482	-0.051819	-0.046192	0.044957	0.041582	-0.188278	-0.206113	0.074521	0.002243	-0.011488	-0.130599	-0.064563	0.145712	0.050044	-0.077072	-0.062445	0.048295	0.034452	-0.041955	0.092047	0.019714	-0.192250	-0.187442	-0.262819	-0.087561	-0.200415	-0.044603	-0.106057	-0.295138	-0.043524	-0.033592	-0.108852	0.154929	-0.314594	-0.121179	-0.065891	-0.068989	-0.027567	-0.184945	-0.090645	-0.017394	-0.147482	0.217901	-0.234720	-0.084979	-0.053864	0.093885	-0.004829	-0.258787	-0.043217	0.102619	0.037378	0.127747	-0.013717	0.274138	0.211053	0.107084	-0.112177	-0.021299	-0.094345	0.107650	-0.188207	0.111035	0.030055	0.027309	-0.012314	-0.059240	-0.065670	0.093930	-0.121561	-0.044157	0.068806	0.006670	-0.050665	-0.044363	0.254922	-0.068028	-0.164638	-0.046714	0.042123	0.134781	0.135110	-0.102372	-0.035858	0.047420	-0.140000	0.227119	0.036968	-0.179049	0.027068	0.037027	0.088088	0.104281	0.090661	0.073479	0.151603	0.002676	-0.065448	-0.075378	-0.027965	-0.003731	0.060342	-0.166405	0.057839	0.104779	-0.062243	-0.119751	0.092151	0.021311	0.162289	0.114402	0.128640	0.071908	-0.019674	0.063758	0.093152	-0.028862	-0.138192	-0.045479	0.042912	0.058053	0.024210	-0.017392
chr13:72346202-72348200	0.446734	0.311841	0.380863	0.032174	0.219301	-0.103412	0.091535	0.083225	-0.069621	0.104646	0.035405	-0.057100	-0.224277	0.030085	-0.067237	0.128684	0.005552	0.011714	0.054033	-0.138683	0.055802	-0.065192	0.141861	-0.179032	0.148595	0.097734	-0.183694	0.057509	0.100208	0.214927	0.189350	0.023210	0.006991	0.137855	0.104496	-0.106963	0.071549	0.031374	-0.034703	-0.113635	0.153418	0.000908	0.002772	0.020653	0.063612	-0.108105	-0.093417	0.185803	-0.064844	0.025733	0.057510	-0.148158	-0.091616	0.050254	0.031579	-0.108015	-0.049469	-0.017012	-0.145779	0.143340	-0.280551	-0.028893	-0.059857	0.060572	0.164115	-0.116063	0.177837	-0.017386	-0.092231	-0.147472	-0.054314	-0.062303	-0.075898	-0.077426	0.051611	-0.016904	0.130043	-0.033489	-0.000473	-0.062275	0.104425	-0.055309	0.147277	0.071639	0.117478	0.001608	-0.029469	-0.112314	-0.023978	-0.045354	-0.044292	0.029282	0.018685	0.053875	0.025787	-0.068181	-0.002547	-0.189064	0.040621	-0.001822	-0.066091	-0.090254	-0.066069	-0.110395	-0.001055	-0.103649	-0.021021	0.010884	0.050498	0.054826	-0.020532	0.000126	0.033745	0.103103	-0.062361	-0.203201	-0.098027	0.013910	-0.077611	-0.071919	-0.171992	-0.053185	0.047138	-0.054355	-0.025720	-0.061562	-0.122039	0.029910
chr5:176815002-176818400	0.118913	-1.179798	-0.658127	-0.189451	-0.175238	0.013855	-0.028393	0.249022	-0.060026	-0.100284	-0.155413	0.026273	0.064381	0.109855	0.017285	0.097453	0.020475	0.092850	-0.057473	-0.130775	-0.207049	0.055030	-0.196538	-0.010368	0.007095	0.066397	-0.203212	-0.113853	-0.021431	-0.081115	0.099343	0.012474	-0.085293	-0.021223	-0.165624	0.070675	-0.127970	-0.055516	0.055308	-0.105807	-0.045993	0.018484	0.162200	-0.069216	-0.060368	0.054303	0.014092	0.026319	-0.063422	0.115142	0.049736	-0.049832	0.116303	0.137090	-0.041551	0.051740	0.112330	-0.071853	-0.080091	-0.011059	-0.021722	-0.102556	0.035487	0.089288	0.119524	-0.052609	-0.064096	-0.084085	-0.048852	-0.073061	-0.128032	0.043220	-0.058716	0.008779	-0.191757	0.001406	-0.038237	0.185073	-0.014623	0.010527	-0.049088	-0.112446	0.085909	0.144744	-0.109962	-0.118284	0.117208	-0.178519	0.084782	0.035033	0.140147	0.180518	0.034407	0.082384	-0.061973	0.055596	-0.091631	0.084706	-0.018775	-0.101648	-0.050139	-0.044374	-0.098873	-0.002908	0.088373	-0.089785	0.050207	0.087017	0.081714	0.013836	0.016637	-0.078468	0.047770	0.073718	0.087701	-0.088669	0.017352	-0.122202	0.238455	-0.009670	0.029286	0.043707	0.174655	-0.019712	0.072718	-0.007370	-0.061293	0.011156
chr7:77415439-77417439	0.357185	0.452706	-0.598100	-0.069991	0.511060	0.233078	0.239299	-0.194282	0.367028	-0.029430	0.247308	0.127157	0.109930	-0.368118	-0.156018	-0.082664	-0.114656	-0.205515	0.165533	0.078151	0.017865	-0.197355	-0.004258	-0.205931	0.022041	0.113472	-0.157564	0.094627	-0.117345	-0.060627	-0.193628	-0.130523	0.065280	0.093994	0.147793	0.137520	0.178046	0.016163	0.065064	-0.216263	0.123043	-0.168311	0.016129	0.003336	0.190596	0.027368	-0.071610	0.037872	-0.019224	0.122040	0.016743	0.074543	-0.094338	-0.102306	-0.114708	-0.104640	-0.111400	-0.012945	-0.025242	0.026397	-0.002959	0.071717	-0.005286	0.069819	0.032261	0.153991	0.034678	-0.070741	0.021845	0.054092	-0.044086	0.026708	-0.000055	0.226296	-0.194189	-0.030180	0.053026	-0.079030	0.039639	0.015403	-0.051405	-0.144806	-0.050929	-0.051086	-0.155362	-0.026664	0.081198	-0.052372	-0.023850	-0.004751	0.044263	0.095339	0.128979	0.138976	-0.169889	0.031031	-0.093176	-0.169798	0.022348	-0.094967	0.175701	-0.043501	-0.032843	-0.010662	-0.075909	0.120698	-0.008685	0.164048	0.012036	-0.086395	0.073406	-0.070418	-0.115940	-0.179724	0.115115	0.127470	0.032201	0.165224	0.075958	-0.019653	0.110717	-0.051388	-0.033330	-0.024411	0.145592	0.012416	0.194631	-0.240786
chr12:112006202-112009400	1.013845	0.137835	0.006185	0.175905	-0.220923	-0.073156	0.219230	-0.301039	0.129784	-0.018698	0.082358	-0.001742	0.044753	0.254988	0.031065	-0.061430	-0.008867	0.282903	0.059930	-0.113807	-0.105545	-0.049652	-0.189583	0.103958	-0.127812	-0.203154	0.068550	-0.073962	0.012245	0.074853	0.075116	-0.024810	0.012574	-0.254108	0.152643	0.075000	-0.028535	0.057502	-0.120077	-0.003503	0.014853	-0.052338	0.126570	-0.094060	-0.208672	-0.104374	0.044186	-0.027868	0.167226	-0.219591	-0.240609	-0.325627	0.012840	-0.057815	-0.049379	0.274854	0.012327	-0.088893	-0.138580	-0.064341	-0.064552	0.069861	-0.216638	0.034163	-0.029751	0.129322	0.017683	-0.045747	0.199324	0.088904	-0.056039	0.029324	0.065541	-0.029319	-0.143512	0.115828	0.172464	-0.033594	-0.082453	0.048632	0.002951	-0.271978	0.060912	-0.056924	-0.158458	0.003198	0.341161	-0.211919	-0.083213	0.037590	-0.019396	-0.057071	-0.208263	0.028889	-0.051185	0.045820	0.000731	-0.188735	0.032864	-0.110317	-0.054144	-0.029243	-0.076831	0.007006	-0.127803	-0.006167	0.115063	0.170911	0.057130	-0.140820	0.014301	0.091613	-0.033361	0.175378	-0.118187	-0.123453	-0.009874	0.008508	-0.170999	-0.062740	0.060003	0.101633	-0.027384	-0.189501	-0.016828	-0.230866	0.006660	-0.047792
chr18:43186130-43188130	0.728141	-0.085876	0.289086	0.167888	0.249146	0.050793	-0.104723	-0.126993	-0.087740	-0.034708	-0.330467	-0.011293	-0.114197	-0.127040	0.075963	-0.088829	-0.076334	0.105660	0.118850	-0.008228	-0.218680	0.020499	-0.106074	-0.174347	-0.002188	0.006065	-0.185232	0.007457	0.000329	-0.109549	0.226460	-0.077777	0.094290	0.010720	0.133257	-0.184248	-0.267051	0.075699	0.116275	0.068295	0.221203	0.008052	0.022176	0.059289	0.068728	-0.035648	-0.201310	-0.221530	-0.030662	-0.065503	-0.060634	-0.022563	0.063791	-0.114453	0.020587	0.090013	0.177866	-0.021081	-0.069175	-0.063320	-0.101722	-0.037141	-0.070444	0.051235	-0.064336	-0.131333	-0.040570	-0.130409	-0.040027	-0.001292	-0.012024	-0.003510	-0.149828	0.012089	-0.111516	-0.025782	-0.040696	-0.030676	0.059950	0.072755	0.049815	-0.145108	-0.036657	-0.229596	-0.027458	-0.143168	0.063572	0.145884	-0.082717	0.052250	-0.095441	0.007494	-0.042976	-0.115380	-0.191607	0.116892	-0.076742	-0.253291	-0.017150	0.045329	-0.077033	0.107262	0.041607	0.063661	0.171483	0.120049	-0.014172	0.120497	0.042725	-0.102212	0.100735	-0.149972	0.272961	-0.111753	-0.008232	0.151058	-0.083062	-0.092132	0.165771	0.104489	-0.144357	-0.036156	0.014809	-0.122601	0.104812	0.209520	0.029406	0.169045
chr7:151356402-151421000	0.989520	0.524068	-0.246073	0.282276	-0.551160	-0.081056	-0.005855	-0.123804	0.047895	0.236847	-0.062218	-0.061330	-0.023998	-0.074760	-0.071983	0.070671	0.041368	-0.136160	-0.122721	0.000891	0.049797	0.103958	-0.061606	0.098524	0.127362	0.044441	-0.261987	-0.073514	-0.159294	-0.043901	-0.016110	-0.063051	0.130595	-0.027516	-0.131518	0.019162	0.002500	-0.116463	-0.031537	-0.057937	0.100672	0.036811	-0.051771	0.282264	0.038524	0.187770	-0.064254	0.012508	0.043776	-0.092227	-0.035509	0.041143	0.076436	-0.155080	-0.178413	-0.050173	-0.067361	0.169985	0.126049	-0.027246	0.014414	-0.019214	0.054159	0.130649	-0.007948	0.082696	0.002639	-0.136243	-0.161071	-0.050976	-0.233533	0.013306	-0.116328	0.150420	0.120370	0.146516	-0.125207	-0.024127	0.103426	0.152419	0.013444	-0.036567	-0.039571	0.036372	0.089057	0.024162	-0.050878	-0.050841	0.037572	-0.047225	-0.099300	0.057187	-0.080410	-0.256965	-0.012140	0.175350	0.099639	-0.041376	0.041796	-0.077090	0.040955	-0.101773	-0.112026	0.089139	0.048237	0.012819	-0.074628	-0.043709	-0.049184	-0.121094	-0.096550	0.080523	0.073632	-0.097286	-0.166549	0.013838	-0.063574	-0.096995	0.240870	0.088517	0.020670	0.020642	0.026867	0.013987	0.003634	0.088014	-0.031648	0.060414
chr6:43805602-43811600	0.507781	0.556362	-0.448933	-0.127778	0.195544	-0.058881	0.095367	0.186097	-0.014894	-0.036062	-0.132443	0.072272	-0.112903	0.086479	-0.047350	0.112580	0.083870	0.005124	-0.077387	0.023994	0.134902	0.053668	-0.027779	-0.172753	-0.093600	-0.088527	0.045864	-0.144657	0.092584	0.104403	0.109480	-0.059372	0.021702	-0.065392	0.074765	-0.040596	-0.119334	0.002643	-0.008426	0.027960	0.065603	-0.173232	0.071732	0.050942	0.010916	-0.117860	-0.073315	-0.013378	-0.045099	0.178717	0.067782	-0.034245	-0.072286	0.089582	-0.057160	0.071434	0.135548	0.055449	-0.018489	-0.010286	-0.075054	-0.068087	-0.045517	-0.145881	0.077796	0.017889	0.179544	0.100971	-0.004699	-0.068651	0.018558	-0.023352	-0.000126	0.190156	-0.006467	0.086628	-0.028683	0.072168	-0.037405	-0.056991	-0.014492	0.112666	0.105240	0.107613	-0.020270	0.098891	0.196356	0.205053	-0.056570	-0.067780	0.081062	0.014333	0.003717	0.076217	-0.041756	0.016179	0.027283	0.010443	0.086506	-0.011065	-0.088233	0.122545	-0.082067	0.077005	-0.077949	-0.033262	0.195459	-0.089242	-0.274725	0.038266	0.035622	-0.085042	0.036294	0.002754	-0.111680	0.090261	0.011937	-0.083293	0.134367	-0.054292	0.029223	-0.051631	-0.044452	0.039444	-0.022935	0.055402	0.062655	-0.106903
chr16:79643802-79647400	0.519234	-1.383166	-0.020018	-0.147609	-0.041989	-0.155839	-0.186083	-0.135531	-0.036058	-0.084014	-0.034350	0.011153	0.116492	-0.036335	0.039920	0.158847	0.136279	0.079341	0.076547	-0.091205	-0.055371	0.036614	0.024419	0.019403	0.102609	0.044944	-0.057237	-0.099855	-0.024150	0.117058	-0.015002	-0.021450	-0.028323	-0.071804	0.079708	0.055533	-0.056033	-0.031224	0.118479	0.060321	0.079290	-0.055627	0.014072	-0.111548	-0.040087	-0.063210	0.015224	-0.115148	0.135363	-0.105972	0.144559	0.171875	-0.098723	-0.226432	-0.074864	-0.057248	0.164368	-0.074554	0.094482	-0.012469	-0.036581	0.137108	-0.009378	0.067605	0.110300	-0.072101	0.036308	0.041287	-0.050027	0.128839	0.066941	0.070777	-0.156607	-0.073644	0.176627	-0.057814	0.053730	-0.056688	0.128190	-0.079279	0.043347	0.007538	-0.053452	-0.013653	-0.183317	0.190269	0.131410	0.118473	0.031335	0.111241	0.042685	0.047889	0.071894	0.009696	0.034289	0.124201	-0.075868	-0.188613	0.066668	0.199130	-0.022903	-0.009135	-0.015885	-0.013583	-0.056313	0.001469	-0.013264	0.005647	0.050906	0.027567	0.089226	0.105778	-0.117542	-0.099118	-0.039021	-0.229447	-0.084705	-0.182810	-0.113082	0.052838	0.131838	0.061130	0.232530	0.019401	0.081054	0.137062	0.131761	-0.030820
chr20:23608802-23618600	0.321538	-1.071537	-0.063874	-0.106687	0.064166	-0.258463	-0.080794	0.052532	0.187539	0.035526	-0.036280	-0.085845	0.034916	-0.002216	0.220867	-0.100656	0.136633	0.019907	0.072681	0.063196	0.147092	0.188484	0.040885	-0.040908	-0.101770	0.110170	0.021630	-0.091113	0.031357	0.121294	0.042206	-0.049245	0.039750	-0.032870	0.112782	-0.208910	-0.009911	-0.201315	0.054233	0.045405	-0.009896	0.119632	0.033360	0.053433	-0.039196	-0.137957	-0.043848	0.160567	0.092812	0.035379	0.127942	-0.159376	0.063286	-0.002538	0.127487	0.207826	0.106704	0.017937	-0.056364	0.152330	-0.051747	0.030273	-0.040688	0.074620	-0.040192	0.003320	0.112998	-0.106373	0.086362	-0.051969	-0.018382	-0.019639	0.061010	-0.166279	-0.086318	-0.057419	-0.146479	0.047428	-0.202396	0.169832	-0.042142	-0.121830	0.048390	-0.183267	-0.088097	0.095782	-0.070734	0.086865	0.000646	-0.184809	-0.036166	0.049663	-0.111937	0.241436	-0.056142	-0.146805	-0.041528	-0.050365	-0.041395	0.098745	-0.059441	-0.083490	0.145192	0.034277	-0.160171	-0.010572	0.140941	-0.086431	0.141679	-0.164792	0.121530	-0.076247	-0.029643	-0.073811	0.007706	0.022035	0.208107	0.104215	0.130610	0.060458	-0.143298	0.086594	-0.009539	0.045733	0.108034	-0.003755	0.047772	-0.001480
chr6:154985664-154987664	0.526811	0.105219	0.093357	0.131241	-0.027896	-0.072579	0.247150	-0.463100	0.189197	0.040913	0.119521	-0.103816	-0.168718	0.148023	0.062421	-0.019846	-0.169646	0.171140	0.096334	-0.137112	-0.042432	0.054764	0.144121	0.189951	0.051595	-0.057334	-0.249655	0.118815	0.026603	-0.017853	0.082191	0.073011	-0.191789	-0.029180	-0.048372	-0.104598	-0.097689	-0.002571	-0.080647	0.111026	0.203745	0.026391	-0.021222	0.099673	-0.080790	-0.072334	0.015281	-0.019229	-0.008282	-0.096535	-0.045652	0.098093	-0.089895	0.158367	0.171836	0.040038	-0.216296	-0.089577	0.228931	-0.260868	0.180181	-0.025838	0.023581	0.065852	0.041789	0.018942	-0.129306	0.077886	-0.000097	0.051317	0.002619	-0.025161	0.124993	0.011948	-0.013995	0.027085	0.183097	0.041847	0.005214	0.097881	-0.093996	0.052423	-0.070573	-0.089571	-0.020540	-0.256912	-0.125970	0.057795	0.021717	-0.135486	0.174157	-0.063914	0.132884	0.033305	-0.010883	0.154402	-0.129666	0.166446	0.068092	-0.094156	0.152631	-0.102483	-0.003429	0.056291	0.047471	0.043620	-0.008774	-0.145412	-0.024836	0.112298	0.016972	0.051067	-0.153132	-0.148962	0.029622	-0.011216	-0.114177	-0.122721	0.014934	0.061570	0.011974	-0.067454	0.034091	0.021875	0.067676	0.104928	-0.086523	-0.140708
chr17:59453602-59460200	0.766620	-0.038200	-0.110934	0.174455	-0.261380	-0.334622	-0.011786	0.095804	0.031102	-0.148870	-0.109447	-0.032873	0.050626	0.147197	0.085800	0.014933	-0.149613	-0.087237	0.009058	0.094835	0.011937	0.060111	-0.003553	0.094464	0.049856	0.076663	-0.184568	0.004634	0.031080	0.085347	0.150317	-0.076592	0.137833	0.059116	0.048041	-0.097304	-0.031838	-0.065213	-0.003651	-0.070384	-0.158969	-0.154578	-0.010519	-0.035506	-0.241451	-0.081282	0.066149	-0.005691	0.055419	-0.020829	0.023757	-0.090566	0.138631	-0.051592	-0.020442	0.016304	0.029518	0.086205	-0.100508	0.036717	-0.005803	-0.012987	0.040794	-0.025624	0.078840	-0.056507	-0.147215	0.023073	0.020610	-0.126247	-0.153385	-0.027691	0.047631	-0.079562	0.021395	0.010286	-0.130572	0.162822	0.033087	-0.128243	-0.260569	0.055142	-0.082643	-0.116636	-0.012554	0.047227	-0.120289	-0.056428	-0.024058	-0.033910	0.134073	0.108648	-0.051851	0.134270	-0.004431	-0.071032	0.134463	0.112358	0.034224	-0.065895	-0.013004	-0.046320	0.036484	0.004254	-0.156460	-0.025716	-0.029864	-0.183260	-0.139376	-0.194189	-0.043072	0.036676	0.167932	0.066285	-0.095092	-0.052797	-0.064367	-0.071081	-0.020750	0.040798	0.176935	0.079422	0.116266	-0.003047	-0.029213	0.194341	-0.030247	-0.104394
chr15:40379202-40400400	1.112981	0.282115	0.232115	0.203487	-0.375637	0.013193	0.321132	0.220506	0.020203	-0.096905	-0.010900	-0.020214	-0.010701	0.094717	-0.040638	0.026130	0.035103	0.061940	-0.249366	0.020275	-0.253019	-0.130801	0.100201	-0.036475	-0.115236	0.110475	-0.116846	0.009988	-0.130931	-0.074432	-0.179402	-0.204930	-0.104677	0.061017	0.080517	0.112113	-0.165091	0.031880	-0.005349	-0.152239	-0.042648	0.004744	0.013196	-0.075621	-0.018565	-0.132506	-0.055470	0.083445	0.076296	0.075140	0.337804	-0.058878	-0.091083	0.160266	-0.144172	-0.057323	0.031195	0.060704	-0.054913	-0.138457	-0.036309	-0.001244	-0.062273	-0.018331	0.150699	-0.203742	-0.271818	0.027642	0.217251	0.123501	0.189447	-0.002575	0.016253	-0.075589	0.027191	-0.208507	-0.008707	0.039245	-0.040938	-0.062548	0.123149	-0.071472	0.027695	0.114006	0.059800	-0.100015	-0.127131	0.014446	-0.016490	-0.022176	-0.108339	-0.139380	-0.100659	0.116967	-0.154055	-0.224814	0.039613	-0.034869	0.032362	-0.016538	0.002295	-0.014162	-0.101495	0.114389	0.050018	-0.145176	0.025716	0.017602	-0.048977	0.049587	0.027984	-0.109965	0.096722	0.118774	-0.040761	-0.043152	-0.004372	0.036664	0.105378	-0.248891	-0.068839	-0.146354	0.163907	0.035526	0.197978	-0.040115	-0.004994	0.105416
chr4:145487334-145489334	0.685729	-0.067359	0.269359	0.135803	0.452099	0.372714	-0.035442	-0.123459	-0.131956	-0.021957	0.045799	-0.025150	-0.251830	-0.056638	-0.131028	0.018769	0.101135	-0.032122	-0.054593	-0.055818	0.013260	-0.124691	0.034357	0.015561	-0.060182	-0.004782	-0.186073	-0.071053	0.110572	-0.075104	-0.221795	0.241665	0.257706	-0.211455	-0.067466	0.124425	0.123728	-0.165513	-0.086691	0.051994	0.096898	-0.102499	-0.178257	0.138378	-0.059251	-0.183554	-0.158009	-0.224917	0.217252	0.128286	-0.095218	0.049727	0.394576	0.116181	0.001462	-0.079322	-0.071933	-0.044907	-0.127212	0.053388	-0.043533	0.098591	-0.117822	0.170463	0.047357	-0.031502	0.266909	0.064207	0.075353	0.070977	0.094960	0.189746	0.033683	-0.073732	0.123247	0.053568	-0.042486	0.077479	0.036089	0.053912	-0.066614	-0.032877	0.072025	-0.048303	-0.034217	0.003533	-0.096275	-0.041954	0.258811	-0.097084	0.154117	-0.067779	-0.125101	-0.106845	-0.052510	0.056714	0.035692	0.159368	-0.225444	0.082624	0.082105	-0.178922	0.018034	0.188831	0.058763	0.076037	0.048783	0.127996	0.135560	-0.115480	-0.067221	-0.019593	0.008941	-0.169345	-0.048761	-0.006208	-0.048992	0.091052	-0.187926	-0.017525	0.085759	-0.022054	0.059913	-0.017836	0.047983	-0.077645	0.022184	-0.103326
chr4:145486934-145488934	0.265366	-1.253686	0.244200	-0.072244	0.191721	0.040862	-0.143478	-0.299009	-0.148153	0.044546	0.105063	-0.111093	-0.180733	-0.033972	-0.047082	0.036648	0.030739	-0.060203	0.007549	-0.034833	-0.071999	-0.081606	0.162838	-0.033663	-0.034144	-0.033213	-0.171023	-0.022154	0.190010	0.040079	-0.134875	0.314956	0.167929	-0.288296	-0.120588	0.198335	0.100881	-0.127353	-0.030921	0.098714	0.046751	-0.110614	-0.100569	-0.024288	0.086024	-0.195099	-0.168777	-0.201041	0.209802	0.227333	-0.116754	-0.091962	0.199604	0.055417	0.085848	-0.164130	-0.138739	0.023136	0.057787	0.010768	-0.001483	0.090275	-0.194188	0.217354	0.000656	-0.058999	0.230463	0.072717	0.022406	0.053653	0.145874	0.147244	0.066276	-0.071760	0.068401	0.040656	0.070744	0.169948	0.035508	0.071432	-0.081510	-0.030699	0.052534	-0.082447	-0.037460	-0.018170	-0.062239	0.069698	0.183467	-0.110996	0.282721	-0.040964	-0.025169	0.029531	-0.124708	0.104490	0.062764	0.174964	-0.195013	0.022783	0.115317	-0.109846	0.084894	0.213523	0.142510	0.043894	0.098385	0.066649	0.100052	-0.071939	-0.092361	-0.153793	-0.023814	-0.210651	0.010983	-0.003472	-0.079276	-0.047922	-0.128212	0.038072	0.094248	0.155126	0.117348	-0.111486	0.171695	-0.119870	0.055099	-0.049101
chr17:26132301-26139107	0.634881	3.748115	-0.015147	0.080488	0.413312	-0.036118	0.012107	-0.059508	-0.223284	-0.444128	-0.443507	-0.054487	-0.260624	-0.028110	-0.033838	-0.042629	-0.127794	-0.502814	-0.232883	0.412037	-0.151550	-0.088183	-0.431590	0.540735	-0.107761	-0.373025	-0.519507	-0.213117	-0.110003	0.242605	-0.726826	-0.188670	0.356813	-0.079191	-0.142750	-0.060075	-0.337228	-0.166710	0.337879	0.131152	-0.503669	-0.044344	0.138858	-0.386665	0.078976	0.136643	0.103211	-0.169865	-0.091229	-0.050423	0.104204	-0.004433	-0.149832	0.214889	-0.128418	-0.137522	0.072523	0.198438	-0.187978	-0.000288	0.239670	-0.017206	0.073916	-0.052711	0.140600	0.079686	0.325904	-0.006289	0.057438	-0.187362	0.039609	-0.122074	0.200466	0.176683	-0.090037	0.165944	0.337927	0.043716	-0.119904	-0.081766	0.250163	-0.118019	-0.192486	-0.025806	-0.087902	-0.238861	-0.164110	0.122410	-0.147377	-0.093210	-0.010066	-0.011328	0.143913	-0.103513	-0.304276	0.030297	-0.072968	0.144738	0.054922	-0.114000	0.055939	-0.046948	-0.029916	-0.044516	-0.030348	0.046327	-0.060107	-0.324400	-0.075806	-0.096238	-0.124302	-0.142471	-0.065569	0.002718	0.157166	-0.106243	0.215099	0.008015	0.099688	-0.090432	-0.044138	0.052266	0.038312	-0.121850	0.267781	-0.081825	-0.135113	0.061655
chr7:26135202-26143600	0.624082	-0.094063	0.153160	0.167685	-0.103372	-0.274245	0.018630	0.069022	0.113889	-0.100973	0.103780	-0.105059	-0.232902	0.034479	-0.185858	0.182331	-0.171767	0.129472	0.083558	0.225512	-0.001607	-0.141147	-0.150728	0.202433	-0.010653	-0.001847	0.138058	-0.147726	0.042920	-0.071200	-0.125189	0.010203	0.040115	0.006581	0.028772	-0.029037	-0.086705	0.118142	-0.066032	0.043766	-0.105764	0.155275	-0.002209	-0.037522	-0.048251	0.084382	0.107434	-0.135704	-0.010267	-0.003241	0.115739	0.117508	0.075148	0.038968	-0.087528	0.162924	0.150707	-0.015662	0.059095	-0.028442	0.024912	-0.077825	-0.069892	-0.038217	0.032341	0.091404	-0.023384	-0.092272	-0.103223	-0.055428	-0.176820	-0.024037	-0.149095	-0.002440	0.028912	-0.126269	0.127963	-0.087043	0.032470	-0.085579	0.036543	-0.027004	0.035309	-0.017919	-0.013037	0.090087	-0.094326	0.123757	-0.129883	-0.035148	-0.109852	-0.108136	0.042749	-0.013859	0.049266	0.093401	-0.170582	-0.049798	0.060437	-0.028068	-0.036091	-0.161999	0.059046	-0.039046	0.007856	-0.020267	-0.038756	-0.074324	0.071289	0.013457	-0.057351	-0.024217	-0.073563	0.042331	-0.027569	-0.085801	-0.074703	-0.001068	-0.016224	-0.005389	0.014834	0.160903	-0.104004	-0.135698	0.053163	0.148487	0.022099	-0.050815
chr1:209987802-209994800	0.661871	-0.980039	0.250248	0.076370	0.110704	-0.044878	-0.263599	-0.070275	-0.052903	0.205839	-0.125104	0.118017	-0.008186	0.058808	0.162603	0.017190	-0.029998	0.009582	0.059642	-0.068390	-0.060224	0.114347	-0.042654	0.066776	0.235888	-0.249580	-0.018273	0.165195	0.078489	0.123629	-0.067654	-0.131194	-0.069628	-0.168315	0.094183	-0.077241	0.020428	-0.067470	-0.006356	0.115792	0.099755	-0.048331	-0.000374	-0.045338	-0.044919	0.078023	0.072369	-0.141583	-0.068625	0.016480	0.042268	0.080687	0.035155	-0.127335	-0.073119	0.004333	-0.012303	-0.050623	0.074199	0.089671	-0.164730	0.020254	0.044233	0.139505	-0.057832	0.055705	0.115738	-0.176771	-0.042415	0.047638	-0.024795	-0.062925	-0.002224	-0.003219	0.005510	-0.033249	-0.158345	0.035519	-0.138274	-0.070188	-0.094386	0.108125	0.061457	-0.113537	-0.152868	0.088327	-0.096677	-0.169047	-0.128616	-0.080253	0.013265	-0.180822	-0.058412	-0.109217	0.133779	0.085069	-0.062287	0.140170	0.017134	0.069565	0.061495	-0.206524	-0.066647	-0.062949	-0.042662	-0.071585	0.034765	-0.137171	0.013309	-0.053208	0.052722	-0.062837	-0.041856	0.072978	-0.028435	-0.044600	-0.038417	-0.144712	-0.061718	0.007424	0.000594	-0.003379	-0.157506	-0.119284	0.039504	0.076538	0.003143	0.114722
chr17:54772238-54774238	0.702345	-0.369243	0.288103	0.136303	0.527627	0.177220	0.046172	-0.164439	0.077607	0.108747	0.048913	-0.117246	-0.121688	-0.057104	0.048657	0.136884	-0.245241	0.055072	-0.064858	0.013319	-0.029073	0.084185	-0.090186	0.081114	0.005945	-0.022467	0.117681	0.136925	-0.055830	0.168327	0.087759	0.075684	0.075982	-0.046722	-0.035597	-0.021575	0.211154	0.081922	-0.035264	0.054068	0.038664	0.054138	-0.031598	0.118376	-0.020976	-0.088280	-0.160087	-0.189284	-0.030451	0.005346	-0.214769	-0.043912	-0.128846	0.014079	0.165389	-0.003482	-0.047272	0.199842	-0.102912	0.059355	0.031291	-0.202103	-0.108716	0.131605	0.146923	-0.055228	0.082461	-0.051168	-0.071200	-0.202988	-0.050762	0.054063	-0.074651	0.021113	-0.025345	0.047626	-0.001449	0.029559	-0.126005	0.116655	-0.112824	0.106496	-0.119543	-0.050016	0.025263	0.064698	-0.232974	-0.046053	0.069859	-0.175753	-0.017931	0.174583	0.161856	-0.002578	-0.179155	0.059896	0.114511	0.054814	0.203915	-0.129404	0.118517	-0.048512	-0.046047	-0.081540	-0.106087	-0.130590	0.140165	-0.165518	0.216277	-0.045169	-0.058822	0.139478	0.051581	0.014696	0.082715	-0.023242	0.096723	0.122816	-0.101255	0.007948	-0.145041	-0.014087	0.021589	0.172659	-0.012427	-0.055673	-0.012580	-0.145533
chr9:100548402-100549800	0.264413	0.023059	0.097955	-0.031945	0.081623	0.256276	-0.193615	-0.073300	-0.008172	-0.105076	0.013112	0.065562	-0.048222	0.252894	-0.068753	0.224723	0.007196	-0.227323	-0.105150	0.015358	0.027196	-0.082715	-0.119599	-0.158477	-0.044040	0.224102	0.446560	-0.018055	0.184111	0.055116	0.029103	0.303903	0.113589	-0.058766	-0.097494	0.065099	-0.160726	0.015954	0.019060	-0.072645	0.026640	-0.101973	0.010953	-0.186946	-0.213589	0.159600	-0.096445	-0.099906	-0.244254	0.011824	-0.113049	-0.118533	-0.005927	0.009345	0.056347	0.264122	0.143558	0.005818	0.145090	-0.159602	0.038034	0.054951	0.124721	0.261366	0.041887	0.109476	0.130510	0.021604	-0.226169	0.004387	-0.028640	-0.121124	0.233135	-0.129292	0.032465	-0.016945	-0.231581	0.039852	-0.065820	-0.292499	-0.036535	-0.133467	0.083067	0.181353	0.072117	0.131934	0.013148	0.291711	0.172413	0.055066	-0.049125	0.190998	0.103516	0.138234	0.040606	-0.192408	0.058066	0.100421	0.165759	0.039729	0.114130	0.372131	0.161886	-0.094237	-0.253134	-0.185915	0.097150	-0.024975	0.046738	0.122914	-0.028252	0.009343	-0.071110	-0.121073	0.016271	0.122519	-0.035079	-0.149559	-0.133771	-0.000232	-0.061371	-0.008346	0.071157	0.097258	-0.232118	-0.066367	-0.035267	0.153131
chr13:27523026-27725680	0.728822	-0.429695	-0.221087	-0.115079	0.168654	-0.290960	-0.000837	0.095665	0.000347	-0.336687	0.148643	0.048331	-0.143467	0.025910	0.021352	0.005432	-0.110088	-0.044823	0.392109	0.236908	0.035820	0.112937	0.185877	-0.215550	-0.128242	-0.077088	-0.056800	-0.261676	-0.017393	0.018708	0.041779	-0.014997	0.025746	0.096537	0.029023	-0.132961	-0.108885	0.172440	0.063020	0.078524	-0.067253	-0.114126	-0.138133	0.056183	-0.165730	0.042479	-0.037728	0.065729	0.166187	0.032283	0.096135	-0.047610	0.002212	-0.108143	0.093086	0.023047	-0.109242	-0.039201	-0.031508	0.118260	-0.074608	-0.124738	-0.059280	-0.126655	0.016977	-0.088716	0.131876	-0.066037	0.155749	0.054496	-0.022945	0.152034	0.090801	0.022207	0.120871	-0.003420	0.094312	0.175767	-0.064693	-0.050792	-0.105293	-0.031462	-0.137566	-0.004680	0.022414	0.094564	0.034570	0.095683	0.107405	-0.057628	0.009827	0.036470	0.064637	-0.075888	-0.033021	0.203273	0.050042	-0.023373	0.071537	-0.122623	0.010850	-0.147361	0.057594	0.119303	0.007104	-0.008011	0.019746	-0.125726	0.172031	-0.111340	-0.257425	-0.116995	-0.011658	-0.132807	0.022643	-0.075749	-0.040083	-0.021360	-0.084969	0.072146	-0.023889	-0.027615	0.046905	0.038604	-0.108730	-0.059496	-0.067342	-0.062565
chr12:110717411-110719411	0.434119	-0.203332	0.091597	-0.061826	0.173381	0.146436	-0.032758	0.050490	-0.007434	-0.049137	-0.030874	-0.035697	-0.085244	0.010950	-0.166955	-0.055894	0.117234	-0.108185	-0.190420	-0.257531	-0.198194	0.016656	0.018552	0.124737	0.132200	-0.153581	0.303450	-0.064320	-0.074050	-0.134647	0.010249	0.121114	-0.059351	-0.024540	-0.028911	-0.129987	0.090602	0.098712	0.116655	-0.146191	-0.121953	-0.291953	0.105367	0.113585	0.000412	0.166852	-0.176455	-0.250402	-0.090292	-0.054612	0.002068	0.184179	0.065546	0.081461	0.117819	0.232874	0.083891	0.035448	0.062134	-0.009052	0.006818	-0.030672	0.000576	0.058509	0.150118	-0.096343	-0.047624	0.146186	-0.176110	0.079553	0.113883	-0.209110	0.137604	-0.135171	0.026893	0.173515	0.004808	0.301635	-0.037562	-0.040903	0.158609	-0.120771	-0.039498	-0.049983	0.034422	0.024937	-0.174322	0.000513	-0.073663	0.052749	-0.056927	0.013284	-0.000042	-0.086137	-0.064399	-0.011796	0.044865	-0.216072	0.015035	-0.095283	0.002898	0.098751	0.102065	0.096259	-0.024525	0.122994	0.108481	0.086867	0.238461	-0.039017	-0.010912	-0.095496	-0.110277	-0.039430	0.018268	-0.029547	0.084131	0.109559	-0.054385	-0.033562	0.049817	-0.168633	-0.010176	-0.059872	-0.019053	0.058132	0.082672	-0.000226
chr1:59249452-59251452	0.920084	0.920292	-0.043485	0.170995	-0.084605	0.344722	-0.043734	-0.060195	-0.082830	-0.130414	0.042207	-0.110394	-0.042716	-0.135803	-0.184710	-0.016973	0.175866	-0.002655	-0.022028	-0.013704	-0.091337	0.008038	0.071640	0.089151	-0.161936	0.292452	0.032334	0.306976	0.064769	-0.082792	-0.076234	0.196172	0.047983	0.037731	-0.236080	-0.096568	-0.034134	0.119698	0.101587	0.114360	0.191713	0.231357	-0.042256	0.108192	0.077958	-0.016289	0.083781	0.031205	-0.116648	-0.024722	0.088611	-0.019006	0.056270	-0.001929	0.157630	0.042501	0.171250	-0.183745	0.235939	-0.002123	0.117235	0.179213	0.124582	-0.019511	0.013566	0.043966	0.219982	-0.089805	0.000454	-0.136115	-0.062250	-0.373612	0.056507	0.060671	0.024453	0.048934	0.025334	-0.204574	0.010192	-0.116513	-0.113671	0.028147	-0.199051	-0.042161	0.138133	-0.059190	0.077038	0.022017	-0.011119	-0.164544	0.139918	-0.111365	0.039631	-0.147193	0.104421	0.044040	0.096323	0.032108	0.091862	0.003562	-0.130971	0.018387	-0.233718	-0.015400	-0.086504	0.089900	-0.029229	0.183356	-0.031275	0.016218	0.040303	-0.123245	0.127192	0.086267	-0.047282	0.076722	-0.111616	-0.001862	-0.056444	-0.119694	0.049541	-0.051186	-0.131925	-0.046319	0.111270	0.054164	0.029873	-0.004043
chr1:59250097-59252097	0.723242	1.070857	0.021903	0.138044	-0.132170	0.291651	-0.046276	-0.074570	-0.200994	-0.301558	-0.068894	-0.066469	0.000075	-0.045934	-0.023197	-0.013195	0.147462	-0.138889	0.006641	-0.073586	-0.010479	-0.067280	0.162014	0.076187	-0.017283	0.041131	-0.018507	0.250236	0.281255	-0.059419	-0.014877	0.034208	0.101221	-0.021322	-0.195255	-0.067737	-0.119837	0.052241	0.041990	-0.081217	0.194584	0.015730	-0.155717	0.049264	0.213217	-0.062749	-0.025387	0.061661	-0.093931	0.107858	0.007128	-0.066431	0.351088	-0.131272	0.061520	0.039167	0.113039	-0.053325	0.287674	-0.077476	-0.088091	-0.033517	0.007636	-0.011258	-0.219214	-0.103756	0.171568	-0.120070	0.065875	0.051630	-0.159740	-0.149028	-0.079408	-0.015564	0.000346	0.115609	0.060190	-0.050344	-0.091399	-0.061140	0.108008	-0.026527	-0.245762	-0.026020	0.090834	-0.050508	0.127106	0.078771	-0.039810	-0.145835	0.032839	-0.246780	-0.072852	-0.210347	-0.088929	0.104625	0.034169	0.049757	0.310057	0.182505	0.071575	0.059631	-0.065414	0.134498	0.004847	-0.051731	-0.058149	0.026136	-0.007515	-0.218986	0.025511	-0.127833	-0.079571	0.034149	-0.063460	0.083111	0.008412	-0.169939	0.164400	-0.081084	-0.151139	-0.036530	-0.087203	-0.037696	0.004379	-0.116987	0.053691	-0.189644
chr3:37034602-37040200	1.105393	0.509966	0.088587	0.126769	-0.118030	-0.223280	-0.103255	-0.100468	-0.142961	-0.161295	-0.170513	0.115724	-0.167504	-0.055101	-0.194024	0.142240	0.115158	-0.289983	-0.190997	-0.116696	0.054381	-0.027807	0.395677	0.079064	0.196775	-0.035986	-0.055202	0.052078	-0.154318	-0.070278	-0.052698	-0.064281	0.246032	0.009569	-0.065551	0.086625	-0.116168	0.043773	-0.069938	-0.014596	-0.046398	0.091434	-0.035306	-0.036786	0.079302	-0.021344	-0.040062	-0.096026	0.326487	-0.119085	0.032274	0.035762	-0.135934	0.018029	-0.002262	0.101328	-0.109995	-0.098121	0.074488	-0.137030	0.016674	-0.194894	-0.046838	0.060727	0.120928	-0.178216	-0.194217	0.163256	-0.290487	0.112778	0.001309	0.159725	0.005234	0.102652	0.007808	0.075101	0.050123	-0.059244	0.047906	-0.047268	0.007213	0.010343	0.154734	-0.073206	0.061311	0.052207	0.350417	0.096735	0.170583	-0.166498	-0.136478	0.014850	-0.267156	-0.097666	0.116359	-0.171329	-0.059293	-0.123499	-0.081948	-0.079017	-0.062075	0.041250	0.020704	-0.000880	0.208314	-0.141278	0.164061	0.078303	0.099122	0.110752	-0.026783	0.244821	-0.203792	0.062185	-0.264393	-0.072988	-0.012538	-0.032924	-0.050505	-0.090584	-0.206326	-0.002874	-0.033815	-0.019928	0.130798	0.107807	-0.155618	0.016704
chr8:128398602-128417000	0.787917	-0.503294	0.209429	0.207899	0.018908	-0.151800	-0.077158	0.255187	-0.221267	-0.099900	0.128591	-0.038341	0.016374	0.039688	-0.028514	-0.038901	0.008617	-0.140836	-0.045012	-0.154050	-0.062460	-0.106607	-0.117415	-0.146998	0.079621	0.002802	0.194502	0.030504	0.032916	0.063412	0.048090	-0.145364	-0.214758	-0.004920	-0.077992	-0.070891	-0.014931	0.028826	0.015287	0.044385	0.167336	0.175561	0.104839	-0.084572	0.073182	0.076557	-0.049151	-0.138367	-0.044260	0.019828	-0.126750	0.090820	-0.053474	0.153874	-0.140828	-0.126261	-0.083450	0.183205	0.094461	-0.012244	0.094684	-0.128158	0.090736	0.155718	-0.021622	0.068018	0.004454	-0.002647	-0.007603	-0.170911	-0.016685	0.162246	-0.139385	-0.064182	-0.013788	0.173311	-0.008162	-0.130404	0.031822	0.072065	0.050701	0.124178	0.005433	-0.051148	-0.088110	0.000312	-0.033238	0.096237	-0.061478	0.123411	0.029950	0.141410	-0.199982	0.048795	0.106860	-0.054204	-0.025519	0.003348	-0.078775	-0.096289	0.217350	0.143921	0.006160	0.035118	0.029900	0.014825	-0.074075	0.172390	-0.049543	0.001702	0.186091	-0.073854	-0.152188	-0.054012	0.055541	0.040018	-0.059278	0.068216	-0.087537	0.024705	0.015878	0.092226	0.003479	0.105246	0.055523	-0.128175	-0.070645	0.127106
chr8:128750402-128756400	0.985089	0.846242	0.414418	0.246022	0.034548	-0.062224	0.247892	-0.037697	-0.266838	-0.231235	-0.053242	0.070359	0.058569	-0.102500	-0.004362	0.086925	0.034979	0.148947	0.031516	0.017238	-0.087889	-0.027941	-0.034325	-0.108175	-0.036289	-0.005229	-0.012790	-0.029163	0.003824	0.051182	0.151170	-0.214249	-0.012983	0.023118	-0.054283	0.037875	0.057510	-0.277518	-0.003818	-0.070850	0.087850	0.170845	0.091305	0.259113	0.023862	-0.002820	-0.015124	-0.016297	0.099819	-0.160902	-0.112649	0.026569	0.078462	0.084746	0.183291	-0.100644	-0.173162	-0.066798	0.008466	0.162038	0.007207	-0.208769	-0.120556	-0.005070	0.125749	-0.080809	0.206534	-0.031487	-0.144457	0.067894	-0.006894	0.175375	0.017308	0.023142	0.020060	0.092192	-0.084542	-0.044976	0.075913	-0.051232	0.007520	-0.022635	-0.113419	-0.088901	-0.093731	0.037653	-0.102343	-0.113731	0.009362	0.134847	-0.095301	-0.119434	0.199751	-0.021050	0.073322	-0.086241	0.046324	0.041698	-0.089438	-0.061785	-0.013894	-0.034167	0.055951	0.098245	0.143660	-0.066854	-0.035714	-0.035582	-0.077174	0.075717	0.062186	0.074181	0.002795	0.164861	0.170476	-0.080344	-0.093237	-0.088311	-0.169688	0.024301	-0.188123	-0.031685	-0.125551	-0.046190	-0.049486	-0.068609	-0.047295	0.015209
chr12:12002002-12021600	1.091297	0.525208	-0.037198	0.079295	0.131366	-0.093565	0.155115	0.323289	0.033840	-0.017478	-0.073851	-0.158447	0.009926	-0.122161	0.012080	0.019232	-0.056587	-0.040582	0.072978	-0.026229	-0.004261	0.089486	-0.104985	0.080755	-0.000060	0.127428	0.008736	-0.014368	0.199939	0.187509	0.095321	-0.012435	0.139418	0.082835	0.180803	-0.272851	0.130367	-0.133632	-0.074136	0.236554	-0.095386	-0.035720	-0.041695	0.088388	0.069333	-0.022386	0.068104	0.021192	0.167692	0.089280	0.061267	0.168956	0.009283	0.115976	-0.064359	-0.065895	0.028914	-0.204409	-0.024957	-0.074279	-0.215627	0.034559	-0.122183	-0.117594	-0.024885	0.116168	-0.189120	-0.025264	0.041504	0.128051	-0.135642	0.033131	-0.046995	0.034291	0.187815	0.149435	0.037661	-0.046142	-0.028536	-0.102574	0.122095	-0.056378	-0.131614	0.064557	-0.181480	0.083818	0.018003	-0.048162	0.018487	-0.100685	-0.067588	-0.138051	-0.029390	0.075947	0.073122	-0.012271	-0.076177	-0.083976	0.046672	-0.035883	0.074413	0.038483	-0.009110	0.117405	0.106988	0.066218	0.045582	-0.109531	0.134960	-0.032728	0.009999	0.141807	0.060307	-0.020936	-0.090623	-0.041373	0.026686	0.075636	-0.058395	-0.010629	0.074910	-0.084490	-0.023646	-0.129346	-0.044189	-0.047093	-0.009449	-0.099721
chr14:54409602-54411000	0.096549	0.542511	0.151833	0.141445	0.341954	0.135071	0.257872	0.020719	0.079826	0.082838	0.061803	-0.014619	0.191898	0.220436	0.011498	-0.051917	-0.019023	0.063329	-0.202500	-0.006196	0.129514	-0.055709	-0.042411	-0.054546	0.136949	-0.165059	0.029051	-0.012755	-0.171520	-0.034177	0.038016	-0.024352	0.000379	-0.353481	0.072949	0.071849	-0.118715	-0.041206	0.041106	-0.041064	-0.058199	-0.283695	-0.082184	-0.044634	-0.214659	0.019903	-0.064816	0.184838	-0.045125	-0.119804	-0.162515	0.276764	0.105640	0.188306	0.035432	-0.181250	0.149595	0.099277	-0.107849	-0.026856	-0.059438	-0.103109	0.129962	0.211857	-0.017035	-0.142074	-0.055287	-0.028065	-0.089682	-0.131922	-0.352701	0.001027	0.210536	0.048844	0.032313	-0.080837	-0.030024	-0.037368	-0.093103	-0.027966	0.021898	0.240638	-0.048229	-0.181019	-0.089791	-0.081876	0.012958	0.108238	0.128979	0.074167	-0.159054	0.004713	-0.071437	0.145044	-0.192808	-0.148868	0.037444	0.076087	-0.027685	0.127253	-0.131509	0.057473	0.069624	0.129997	0.018566	-0.118337	0.146204	0.125367	0.111559	0.091680	0.089021	0.196557	0.009614	0.111548	-0.098629	-0.002548	-0.071570	0.021488	-0.085329	0.001766	0.207467	0.131145	-0.065691	0.052491	0.068405	0.027206	0.001539	0.052638
chr18:46440202-46475000	1.178615	0.826720	0.350493	0.203778	0.043219	0.035826	-0.038897	0.318532	-0.017604	0.035544	0.275073	0.206591	-0.039997	-0.176068	-0.068966	0.021131	-0.061715	-0.049527	-0.011235	0.061834	0.106135	0.019385	0.094359	-0.111604	0.146634	0.003362	0.200229	0.062009	-0.085954	-0.056420	0.039354	-0.117138	-0.056901	-0.145262	0.238238	0.135521	0.231859	-0.093552	0.065348	-0.296459	0.000271	0.168684	0.003055	-0.021706	0.098238	0.005808	0.024721	-0.131384	-0.076811	-0.070844	0.045061	-0.202485	-0.031582	0.049616	0.039933	0.037812	-0.047387	-0.086769	0.118844	-0.003301	-0.060668	0.007803	0.045540	0.047791	-0.001707	-0.142023	0.011271	0.008851	0.065622	0.051323	0.097165	0.026047	0.050336	-0.101858	-0.198866	0.050937	0.071645	-0.021691	0.078367	0.131676	-0.049819	0.054070	0.039408	-0.024038	-0.069449	0.034392	-0.041948	-0.023445	0.057801	-0.119289	0.212876	0.136515	-0.212483	0.116203	0.027851	-0.049518	0.159080	0.162751	0.057580	0.100070	0.135395	-0.102180	0.108300	0.008415	-0.035353	-0.057345	0.117779	-0.012415	-0.004660	0.006718	-0.119284	0.037802	0.014763	0.093729	-0.065622	0.005949	0.127108	0.209831	-0.028502	-0.311532	-0.060434	-0.071243	0.087732	-0.034460	0.063766	-0.058790	-0.014430	-0.009341
chr8:128423792-128425792	0.429355	-0.603341	0.105377	-0.093271	-0.024509	0.165520	-0.165998	0.050481	-0.075390	0.260606	-0.446395	-0.157028	-0.001593	0.076058	-0.077826	-0.163773	0.036894	-0.125458	-0.078960	-0.095422	-0.082495	-0.112939	0.010880	-0.065020	0.066389	0.218541	-0.205738	0.149163	-0.000407	0.142832	-0.041586	0.109053	-0.119066	0.046809	0.132694	0.001382	0.159577	-0.015563	0.062666	0.124121	0.035151	-0.061825	0.188863	-0.035535	-0.071711	-0.071150	0.130231	0.218645	-0.098512	0.030724	0.046289	-0.164485	-0.165056	0.005517	-0.032806	0.032953	0.041168	-0.042400	-0.151858	-0.082055	-0.100984	-0.021528	-0.005058	-0.028030	-0.007182	0.037311	-0.027913	-0.047965	0.046948	0.038236	0.088712	-0.025121	-0.018855	-0.134648	-0.094431	0.120599	-0.009640	0.043084	-0.075569	0.043329	-0.074129	-0.007056	0.155097	0.018396	-0.056130	-0.088356	-0.060040	0.139997	0.039352	-0.116337	-0.151910	0.050042	-0.072639	-0.044280	0.068761	-0.017815	-0.169400	0.123105	0.046229	-0.041726	-0.057180	0.221242	0.095568	0.001511	0.019740	0.056455	0.126778	0.103443	0.099411	-0.103602	0.064174	0.042548	0.141364	-0.112423	-0.170397	0.088892	-0.151891	0.114382	-0.013930	0.041916	-0.032761	0.135518	-0.195117	-0.150884	-0.038327	0.049716	-0.065374	0.086158
chr9:6364683-6366683	0.404970	-0.374968	-0.067248	-0.043926	0.152144	0.015996	-0.015169	0.033261	-0.034158	-0.075673	0.061098	-0.164139	-0.054686	0.169870	0.107991	0.041583	-0.001824	0.109821	-0.157639	0.236627	-0.105828	0.037032	0.037004	-0.058704	-0.115600	0.089648	0.008025	0.055028	-0.036014	-0.150491	0.186918	-0.103020	0.057128	-0.024535	-0.059186	0.180011	-0.101432	0.094125	-0.139244	-0.079735	0.077888	0.030914	0.174127	0.152423	-0.085678	0.160232	0.089781	-0.086805	0.065547	-0.024478	0.201814	-0.084662	-0.153401	0.005095	0.031480	0.048115	0.218805	-0.139090	0.031970	-0.059483	0.146654	0.087632	-0.029397	-0.043206	-0.135373	-0.059402	-0.027344	0.153020	-0.017335	0.077809	-0.250607	0.018742	-0.154529	0.071276	-0.106999	0.108096	0.164401	0.053892	-0.248450	-0.054292	0.014895	0.061590	-0.187778	0.046464	0.042524	0.115458	-0.058288	-0.163678	0.038888	-0.090721	-0.116920	-0.233679	-0.060324	-0.221530	0.080375	-0.042777	-0.117718	0.111409	0.017311	-0.176628	0.090985	-0.068847	0.104334	0.103185	-0.098983	0.070445	-0.067458	0.195904	0.110872	0.039835	0.025463	0.168949	0.070982	-0.082156	-0.095742	-0.073266	0.065237	0.121721	-0.055727	-0.197525	-0.011559	0.071099	-0.057004	-0.046023	0.082535	0.120422	0.043040	0.004853
chr8:139804402-139806200	0.005580	0.511745	-0.592796	-0.263899	0.154031	-0.037092	0.019882	0.101624	0.028076	0.061192	-0.216695	-0.149246	0.090931	0.033316	-0.387138	-0.216176	0.178201	-0.210656	-0.014044	-0.195146	0.066608	0.039637	0.128594	-0.076106	-0.168241	0.056747	0.082952	0.117192	-0.042660	-0.022419	0.167843	-0.117355	0.057158	0.012849	-0.116170	-0.254454	-0.030445	-0.076731	-0.044022	-0.011106	0.108725	0.093357	-0.036452	-0.034276	0.025654	-0.013004	-0.077401	0.004292	-0.090676	-0.021311	0.007195	-0.017381	-0.147778	-0.082481	-0.172913	-0.001203	-0.068234	-0.057419	-0.032332	0.046834	-0.057424	-0.015971	0.053571	-0.103203	-0.043648	0.003214	-0.157505	-0.079586	0.146847	-0.147609	0.160949	-0.143458	-0.225766	0.147538	-0.020108	0.008467	0.107186	0.082955	0.022771	-0.004482	0.091453	0.059817	0.012127	-0.202682	-0.075141	0.029490	0.100181	0.018286	0.221127	0.024595	-0.040555	0.239160	0.047780	0.083411	-0.033316	0.014614	-0.050615	-0.144891	0.117665	0.072915	-0.088568	0.003689	0.034781	0.117065	0.100018	-0.062186	-0.015855	0.135716	-0.226405	-0.153089	0.007680	-0.223673	0.068116	-0.039837	0.083685	0.069878	-0.204042	0.015461	-0.166920	-0.044217	0.185528	-0.066468	-0.022111	-0.017262	0.090624	0.018012	-0.043481	-0.092676
chr5:177421802-177423000	-0.010165	0.172884	0.140265	0.113871	-0.310185	0.170567	-0.053126	0.069405	0.168790	0.368219	-0.015654	0.063786	-0.164768	0.087516	-0.155935	0.050903	-0.046214	-0.170270	-0.015640	0.080297	0.043217	-0.114583	-0.135533	0.164939	0.008316	-0.081682	0.146788	0.130271	0.178688	-0.051704	0.155426	0.008588	0.149953	0.188120	-0.162133	-0.118658	-0.028769	0.072326	-0.061091	0.017542	0.340823	-0.001513	0.132531	-0.164577	0.232978	0.017434	-0.010660	-0.056667	-0.125438	-0.195434	-0.083626	-0.043822	-0.171739	-0.226543	0.097615	0.063842	0.069090	0.007879	0.040674	-0.156691	0.245909	-0.130781	0.148288	-0.225757	0.019846	0.049465	-0.047387	-0.192436	-0.149305	0.012573	-0.067357	0.083399	-0.108270	-0.079273	0.201462	0.165475	0.098182	-0.088214	-0.074646	-0.023239	0.028361	-0.069843	0.037667	-0.062774	-0.043013	-0.015496	0.129207	-0.086855	-0.126187	0.142769	-0.056051	0.006920	0.076670	0.099255	-0.029674	-0.190567	0.055089	-0.049647	0.023850	0.093785	0.068414	0.023896	-0.246104	-0.043300	-0.169260	0.047855	-0.139166	-0.095978	0.147984	-0.021721	-0.034873	0.093609	-0.042794	0.154249	0.107610	0.011916	0.048766	-0.148520	-0.014215	-0.036399	-0.048610	0.067394	-0.002544	0.143944	-0.026827	-0.103936	0.171756	-0.071193
chr10:64201343-64202560	-0.163262	-0.582492	0.375770	-0.204529	0.324067	-0.031389	-0.017464	-0.002082	-0.005093	0.073123	-0.137502	-0.086466	0.073895	0.100581	0.093851	0.156635	-0.131897	-0.051770	0.071737	0.365269	-0.113148	-0.096705	-0.134400	0.026447	-0.166259	0.116071	0.018787	0.140027	0.143173	-0.069214	0.040020	-0.209281	0.112985	-0.125744	0.062799	-0.377834	-0.097620	-0.137547	0.201782	0.212875	0.108425	-0.061903	0.210487	0.191822	0.121597	-0.105380	-0.038304	-0.214128	-0.068352	-0.071629	0.142494	-0.047234	0.047426	-0.031021	0.190458	-0.067427	0.021688	0.110956	-0.190818	-0.239149	0.082627	-0.176918	0.021170	0.008431	-0.141289	0.042891	0.053263	0.005523	-0.041370	-0.016232	-0.009367	0.046079	-0.089527	0.039499	-0.143632	-0.260244	-0.130038	-0.032207	-0.170765	0.171694	-0.006109	-0.013136	-0.124764	0.251160	0.156899	-0.129361	0.050928	-0.065088	-0.053553	-0.084093	0.150546	-0.077758	0.005104	0.132717	0.277680	0.023919	-0.044812	0.021736	0.078505	0.040191	-0.060389	0.009605	0.065933	-0.296137	0.071500	-0.036281	0.024515	0.064492	0.118668	0.073099	0.221188	0.156094	0.125546	0.124497	0.265062	0.172154	0.017565	0.151917	0.086638	0.030301	-0.033160	0.002885	-0.058432	0.026665	0.045514	-0.049809	0.134765	0.154414
chr9:22071264-22073264	0.398578	-1.070494	0.370070	-0.004059	0.265906	0.114278	-0.076032	-0.050364	0.161809	-0.020365	0.089699	0.060598	-0.143003	0.022313	0.025739	0.188181	-0.029846	-0.142644	-0.051154	-0.039304	0.124936	0.108720	-0.011379	-0.073069	0.002728	-0.033482	0.009408	0.154455	-0.043371	0.177779	0.049885	-0.136686	0.109322	-0.005487	-0.140922	-0.093474	-0.052213	0.054288	-0.120537	-0.060438	0.077099	-0.022877	0.044369	-0.061324	-0.189797	-0.269129	0.222304	-0.144527	0.109143	0.069255	0.143983	0.002784	0.160825	-0.062265	0.079255	-0.072873	-0.085285	0.018997	-0.253457	0.183867	-0.258565	-0.075132	-0.052859	-0.069492	0.044349	-0.049713	0.036127	-0.118791	-0.032076	0.000687	0.018392	0.076044	-0.079585	0.019465	0.037355	0.071613	0.179476	-0.096406	0.020366	-0.240385	-0.048735	-0.031552	0.011735	-0.146307	-0.081938	-0.045756	-0.004670	0.058327	0.061869	0.024191	0.043275	0.066207	-0.070368	0.125113	0.067081	0.107240	0.071236	0.055703	0.027355	0.091538	-0.021277	0.050273	-0.055189	-0.006879	0.204959	0.058629	-0.009225	0.201772	0.018211	0.132462	-0.135046	0.109827	-0.138754	-0.151843	0.006509	-0.034874	-0.057139	0.119052	-0.072368	-0.038258	0.108283	-0.058129	0.014184	0.061177	-0.054654	0.132156	-0.151932	-0.016877
chr9:22075795-22077795	0.407429	-0.131132	0.279763	0.068541	-0.187470	-0.091324	0.062153	0.146392	0.079670	0.092445	-0.022595	-0.145018	-0.022634	0.086169	0.095658	-0.093106	-0.076444	-0.126854	0.188369	0.005443	0.204397	-0.083278	0.059999	0.057171	-0.204655	0.195537	-0.001761	0.069758	0.175673	0.049684	-0.067048	-0.217558	0.086414	0.160021	-0.088456	-0.065517	0.026307	-0.071093	0.215936	-0.166245	-0.018633	-0.066902	-0.120006	0.032138	-0.111217	0.092413	0.042995	-0.050330	-0.008523	-0.045965	0.162669	-0.029048	0.092463	0.029079	0.103533	-0.049419	0.014687	0.145780	0.005475	0.004000	0.090620	-0.086993	0.044557	0.112762	-0.040664	0.214161	-0.010554	-0.076898	0.065158	-0.085881	-0.112485	-0.108294	0.037779	-0.043170	-0.037601	-0.212755	-0.089804	0.041082	-0.023351	0.028443	-0.034926	-0.293897	0.168179	-0.126831	-0.182034	0.084670	-0.019838	0.081271	0.154237	0.019027	-0.005194	-0.108485	-0.023412	0.100118	-0.010210	0.114648	-0.066890	-0.055487	0.032239	-0.008154	-0.050560	-0.033681	-0.277715	0.114201	0.075288	-0.006603	-0.014149	-0.052961	-0.195715	-0.189179	-0.146578	-0.033856	-0.001072	-0.176529	-0.027593	0.027009	0.104268	0.095132	-0.171732	-0.230626	0.048250	-0.004749	-0.019445	0.074155	-0.052746	-0.225302	0.021134	0.052506
chr9:22096002-22099600	0.975507	0.916269	-0.006160	0.217920	0.484355	0.039354	0.044353	0.162921	-0.144717	-0.236546	-0.018345	0.086012	-0.206125	-0.076798	-0.077794	-0.025294	0.054658	-0.180991	-0.033911	0.045556	0.090760	0.123862	0.015868	-0.154831	-0.186909	0.128942	-0.023936	-0.065237	-0.022026	-0.086590	0.134016	0.105156	-0.056356	-0.006690	0.010297	0.111315	0.095877	-0.005370	-0.080387	-0.070224	-0.102426	0.105646	-0.001466	-0.001376	0.005528	-0.200734	-0.063146	0.204246	0.059127	0.192850	0.198388	0.125363	0.063698	0.048291	0.202297	0.149202	0.085496	0.093583	-0.163802	0.173153	0.270778	-0.072338	0.047755	-0.091631	-0.000457	-0.172619	0.035215	-0.005770	-0.090547	-0.015233	-0.016100	0.064338	0.050530	0.068949	0.021192	0.165904	0.075674	-0.088291	0.091080	0.085919	0.002203	0.027760	0.042739	-0.047159	0.024262	-0.243831	-0.052117	-0.184422	-0.045465	-0.098988	-0.159187	-0.046463	-0.083873	-0.032590	-0.034683	0.130887	-0.032388	-0.092166	0.039255	0.021579	0.075778	-0.056518	0.093514	-0.162419	-0.210359	-0.173974	-0.004381	0.049936	-0.157431	-0.153443	-0.117858	0.060912	-0.004236	-0.037239	-0.046238	0.040058	-0.094741	-0.076328	-0.151452	-0.071334	0.050699	0.022215	0.090746	-0.007675	0.089163	0.025007	0.131077	0.101766
chr9:22101602-22110600	0.640507	-1.637945	0.204182	-0.002861	-0.037714	-0.064973	-0.201485	-0.059550	-0.029057	-0.153001	-0.074833	-0.027852	0.147923	-0.179485	0.060698	-0.042335	0.065664	0.014484	-0.031454	0.054579	-0.144619	-0.068232	-0.100725	0.080528	0.292391	-0.078045	-0.177313	-0.122352	-0.106397	0.154835	-0.108294	0.137658	0.047795	-0.096843	0.068998	0.081598	-0.188304	0.191654	0.062882	0.216717	-0.056890	0.109259	-0.054726	0.060773	-0.066066	0.164106	0.066045	0.171670	0.006231	0.061993	-0.113865	0.132808	-0.074451	0.202132	-0.003565	0.021130	-0.014608	-0.067941	-0.139875	0.097161	0.132783	-0.026005	0.035498	-0.031918	0.012298	0.129106	-0.019846	0.058683	-0.134010	0.072611	-0.132123	0.038598	0.118207	-0.302446	-0.075576	0.055613	0.096096	-0.017509	-0.015164	-0.036258	0.015242	-0.091733	-0.033446	0.278776	-0.021820	0.088306	-0.054338	0.053725	0.036284	0.109142	0.033122	-0.134419	0.148831	0.041575	0.043357	0.090263	-0.063285	-0.062028	0.039607	0.008301	-0.043074	-0.038883	0.003473	0.057569	-0.095382	0.078516	-0.069897	-0.073037	-0.182166	-0.087922	-0.023591	-0.227675	-0.107775	-0.000111	-0.050853	-0.048524	-0.137506	-0.017489	-0.005343	0.079827	-0.041642	-0.139373	0.013486	-0.055007	0.138871	0.134403	-0.068394	-0.003583
chr9:22110602-22120000	1.145908	0.421828	0.304521	0.069338	0.190171	0.001723	0.092344	0.210755	-0.008839	-0.054493	0.041121	0.012538	-0.051110	-0.128073	0.147262	0.063270	-0.116548	0.081853	-0.007489	-0.129986	-0.146550	-0.231427	-0.115319	-0.025201	-0.009248	-0.184854	0.135153	0.108527	0.087827	0.014642	-0.119537	-0.007213	-0.192187	0.113925	-0.110540	-0.038404	-0.103564	0.066258	0.131926	0.071693	-0.030603	-0.165583	-0.056909	0.067352	-0.057331	-0.000591	0.076027	-0.115911	0.244470	-0.190311	-0.048849	0.018635	0.087176	-0.173513	0.018036	0.176353	0.062283	-0.030225	-0.029742	0.080944	-0.094270	0.022643	-0.202691	-0.099571	0.020776	0.200083	-0.040845	0.017841	-0.255988	0.067209	0.148220	0.052222	-0.057728	-0.131453	0.040489	0.168390	-0.157689	-0.012820	-0.167143	-0.147893	-0.073658	-0.171124	0.082575	0.008908	0.106956	-0.068728	-0.144277	-0.254792	-0.071210	0.151260	0.104716	0.038204	-0.063890	0.138094	-0.119807	-0.153807	-0.176114	0.033625	-0.087967	0.038839	-0.083427	-0.050784	0.016542	-0.040533	-0.084507	-0.024014	-0.098849	0.097561	0.045690	-0.027640	0.069179	0.051417	0.043052	0.038869	-0.014513	0.149025	-0.044383	0.127122	0.048312	-0.125084	0.021645	0.013271	-0.166080	0.111788	0.114130	0.004440	0.063940	-0.021837
chr6:161142608-161144608	0.402171	-0.723875	-0.229018	-0.041635	0.327422	0.143731	-0.034903	-0.330877	0.030993	0.094825	0.048697	-0.062233	-0.038944	-0.056576	0.046004	-0.147074	0.069146	-0.186644	0.057749	0.322293	0.034807	0.094340	0.067041	0.009680	0.054938	-0.007034	0.206839	0.090639	0.212170	-0.195096	0.137090	-0.043742	-0.088465	-0.136849	0.052397	-0.039358	-0.079222	0.000239	0.054669	-0.009447	0.119117	0.097233	-0.168479	-0.000442	0.048198	0.036468	-0.165535	-0.030870	-0.052056	-0.062112	0.187950	0.092830	-0.019493	-0.005492	-0.139153	0.028148	-0.027458	-0.035170	-0.073102	-0.152289	0.008659	-0.076533	0.186293	0.011278	-0.091256	-0.006047	0.183924	-0.043885	-0.092386	0.129887	0.068983	-0.028356	-0.192825	0.095658	-0.034610	0.014186	-0.046499	0.060206	-0.108690	0.106259	-0.040201	-0.096147	0.043027	-0.050894	0.085214	0.111757	-0.113204	-0.000514	0.058551	0.182465	0.019401	0.018109	0.216266	-0.082841	0.061589	0.085972	0.054748	0.098354	-0.188045	-0.081690	0.173989	-0.043247	0.097420	-0.110684	0.000252	-0.209366	0.182777	-0.097095	-0.217141	-0.007365	-0.198157	-0.012103	-0.071752	-0.106777	0.041397	-0.053842	-0.053460	0.065770	0.011879	-0.076585	0.041600	-0.016550	0.079783	0.011634	-0.213939	-0.020272	-0.107137	0.087425
chr3:12381802-12388800	0.608424	-1.136581	0.329856	-0.028959	0.083151	-0.130370	0.050804	-0.093744	0.194301	-0.112831	0.174487	0.093424	-0.016534	-0.230221	-0.134430	-0.019950	-0.067191	-0.207814	-0.041191	-0.038087	-0.118254	-0.089351	-0.051892	-0.139156	-0.020032	-0.132079	-0.092044	0.180899	0.089033	0.062119	0.003272	-0.004276	0.341344	-0.093963	-0.194473	-0.143546	-0.013705	-0.007352	-0.005175	0.137994	0.072772	0.003780	-0.078734	0.058540	-0.156172	-0.056018	0.138290	0.054612	0.001070	0.140618	0.048659	-0.044248	-0.183572	-0.053786	0.108541	0.035858	0.056036	-0.222423	0.148286	-0.038532	0.075817	-0.058341	-0.093540	-0.078047	-0.050320	-0.017013	-0.027590	0.121947	0.110792	-0.023221	0.085058	0.108362	0.100853	-0.098636	-0.092078	0.029645	0.097452	0.072341	0.096287	0.118864	-0.150382	0.068453	-0.014665	0.131837	-0.055632	0.049891	0.009439	0.039407	-0.028081	-0.224105	0.160333	0.027526	0.058218	-0.010854	0.034057	-0.034340	0.056557	0.019503	-0.087986	-0.041084	0.064908	0.051545	-0.101041	-0.079045	-0.172806	-0.093148	-0.024455	-0.246168	-0.042470	0.054479	0.039856	0.184933	-0.022385	0.190850	-0.044359	0.024816	-0.106121	0.211944	0.005275	0.061095	0.164502	-0.123916	-0.016226	0.092016	-0.059618	0.015750	0.054607	-0.181905
chr9:22093330-22095330	0.512334	0.717710	0.068967	0.154631	-0.219058	0.153238	-0.738520	0.222450	-0.286312	-0.094054	-0.114122	0.133433	-0.060349	-0.164892	-0.009395	-0.027680	-0.098926	-0.070297	-0.068474	-0.013398	-0.042643	0.122704	0.074734	0.039120	-0.099432	-0.187495	0.148593	-0.002536	0.026059	0.006335	0.005929	0.049625	-0.029351	-0.020109	0.158244	0.096507	0.015819	-0.020519	-0.305062	-0.040096	-0.323706	0.175499	-0.017139	-0.070881	0.056233	0.040367	-0.003703	-0.030679	-0.016731	-0.005828	-0.061192	-0.018596	-0.112195	-0.076477	-0.000706	0.156825	0.028291	-0.065786	0.122031	0.031432	-0.068776	-0.130226	0.068072	0.153076	0.000188	0.164908	0.082948	0.020841	-0.227598	0.035011	0.111707	-0.130891	-0.167793	0.015344	0.017271	0.048902	0.001593	-0.044546	-0.082712	0.093512	0.184089	0.111461	0.096035	-0.122920	-0.207104	0.122612	-0.103530	-0.096602	0.086592	-0.044585	0.080534	0.054956	-0.030022	0.160118	-0.163534	-0.094971	0.074094	0.166108	0.072449	-0.095350	0.038461	-0.017898	-0.117170	-0.054795	-0.017438	-0.119627	-0.062682	0.019928	-0.002415	-0.184222	0.081879	0.077239	-0.224751	0.063795	-0.055134	-0.161852	0.076240	-0.036340	0.084297	-0.051940	0.050598	0.190615	-0.003428	-0.027842	0.014325	0.132092	0.016758	-0.067660
chr1:241012202-241013200	-0.336638	0.332523	-0.072964	-0.113991	-0.101496	0.003712	-0.200282	-0.063362	-0.094029	0.055438	-0.158388	-0.082225	0.009611	-0.184622	-0.168904	-0.132468	-0.031411	-0.089831	-0.049484	0.278106	-0.012248	0.097003	-0.028096	-0.138257	-0.008775	0.054028	-0.012042	-0.235594	-0.274087	-0.200138	-0.105102	0.067564	-0.045670	0.162692	-0.038245	-0.072621	-0.164948	0.151497	0.326138	0.096165	0.217109	0.091064	0.176004	-0.088983	-0.059696	0.044189	0.110301	0.087206	0.326614	0.105462	0.201454	-0.033293	0.086559	0.002073	0.119654	-0.180869	0.071029	0.135151	-0.019722	0.033449	-0.043707	-0.045700	-0.132762	0.176891	0.200428	0.002863	0.138358	0.095885	0.004099	0.077402	0.065208	-0.075220	-0.148882	0.108644	0.072684	0.125970	-0.023346	-0.077241	-0.085045	-0.178424	-0.094362	-0.143172	0.273376	-0.156789	-0.236258	-0.066154	-0.040570	0.000122	0.000871	0.000202	-0.121411	-0.105909	0.066998	-0.183638	-0.046349	-0.105400	-0.016365	0.067646	0.194653	0.003947	-0.225689	0.056519	0.160251	0.034634	-0.013927	0.018525	-0.002056	0.048886	-0.028084	-0.097226	0.037529	0.065324	0.138822	-0.030962	-0.156979	-0.213507	-0.132754	-0.194430	-0.322809	-0.010728	0.339160	0.032025	-0.049317	0.047528	0.002468	-0.247136	0.220532	-0.008942
chr9:22072402-22073600	-0.058019	-0.075986	0.276490	-0.077615	0.474765	0.057223	-0.110328	-0.107074	0.005254	-0.092038	0.090871	0.234721	-0.169658	0.284181	0.011342	0.148379	-0.147056	-0.053016	-0.124757	0.249573	0.178393	0.108566	-0.155574	0.069217	-0.002105	-0.078327	-0.088723	0.185106	-0.062408	0.288015	0.119256	-0.152743	0.223084	0.012951	-0.213009	-0.088815	0.166897	-0.076980	-0.181651	-0.149250	0.157257	-0.087195	0.191208	0.054047	-0.063122	-0.126807	0.292210	-0.156745	-0.041648	0.126942	-0.029597	-0.016805	0.155050	-0.109980	0.013910	0.021552	-0.100203	0.038522	-0.110427	-0.000100	-0.069767	-0.060150	-0.106297	-0.138280	0.013916	0.097723	0.122347	-0.203486	-0.086479	0.032010	0.060535	0.045581	0.154978	0.092615	-0.130984	-0.144978	0.156230	-0.013163	-0.140989	-0.074264	0.130537	0.132168	0.046290	-0.069261	-0.175901	-0.004708	0.133450	-0.213502	0.036455	0.097670	0.188915	0.165835	0.032621	0.090502	0.033066	0.021813	0.159324	-0.007106	0.009235	-0.002707	0.047447	0.014331	-0.126798	-0.138417	0.170588	-0.037308	0.006682	0.294729	0.149838	0.090857	-0.088274	-0.043710	-0.010609	-0.090189	0.129165	-0.117729	0.040993	0.018117	-0.150922	-0.016637	0.018257	-0.095928	-0.001335	-0.011905	-0.095442	0.143813	0.109924	0.109402
chr6:134213002-134221400	0.643279	-0.278017	0.069649	0.185180	-0.287002	-0.377526	0.135935	-0.154782	0.201883	0.136175	-0.138914	-0.062749	-0.010447	-0.028405	0.197925	-0.055441	-0.085433	-0.033060	0.139818	0.135987	0.186710	0.087523	0.064692	0.137251	-0.177982	0.043325	0.135321	-0.038478	-0.000363	-0.057401	0.090696	0.135163	0.120110	0.248036	-0.119350	0.032063	0.091380	-0.099679	-0.079425	-0.044629	-0.264339	0.020019	0.023556	0.198598	0.025273	-0.025676	0.269460	0.113625	-0.015294	0.002464	0.028172	-0.059336	0.009817	0.008346	-0.171355	-0.069438	0.228408	0.134901	0.087305	0.006816	-0.069705	-0.072013	-0.069414	-0.085188	-0.028585	0.219530	0.184882	-0.209375	-0.022166	0.046070	0.032954	0.118840	-0.046749	-0.095823	-0.206485	0.035015	-0.119086	-0.034616	-0.067478	0.063783	0.098730	0.055590	0.165716	0.009887	0.135951	-0.034935	-0.001212	0.070945	-0.028130	-0.103187	-0.153811	0.137281	0.017950	0.199164	0.016065	-0.039777	-0.071484	-0.155929	-0.128368	-0.066359	-0.079657	-0.089263	0.019458	-0.090375	-0.085896	0.052189	0.155780	0.093762	-0.007466	-0.186240	0.077906	0.100563	-0.011626	-0.025802	-0.054021	-0.109676	0.039289	0.012007	-0.077208	0.183912	-0.007482	-0.056773	-0.177542	-0.027464	0.055450	0.101738	0.006486	-0.036481
chr1:109793202-109825400	0.641820	-0.081805	-0.269684	0.115259	0.000556	-0.159646	0.151818	0.278287	0.128198	-0.124536	0.026023	-0.105532	-0.219628	-0.188400	-0.096898	0.185341	0.052002	0.131623	0.057883	0.116180	-0.160555	0.003381	-0.064970	0.041242	0.136622	0.058006	0.182628	-0.154813	0.110217	0.077701	-0.072162	0.041945	-0.084427	-0.015297	-0.073013	-0.000956	-0.048262	0.094239	-0.085805	0.092659	0.120126	0.084200	0.106032	0.005763	-0.037333	0.114680	0.140064	-0.017809	0.093688	-0.061940	0.028862	-0.066169	0.089221	0.136710	0.114885	0.100178	-0.082802	0.063850	0.079579	0.168106	0.104087	0.092458	-0.026794	-0.067165	-0.133189	-0.027603	0.024258	-0.035513	-0.061869	-0.001372	0.048689	0.084189	0.129983	-0.016844	0.069001	0.020672	0.002984	-0.205977	-0.005442	0.080730	0.064951	0.173238	0.079932	0.115507	-0.068030	-0.048424	0.219962	-0.030530	0.004092	-0.130010	-0.060477	0.159239	-0.184913	-0.009766	0.030787	-0.099808	-0.027967	-0.018813	0.050027	-0.181725	0.082251	-0.044688	-0.056134	-0.209011	0.012920	-0.130186	-0.241436	-0.068289	0.034777	-0.198659	-0.194119	0.028284	0.166814	0.011965	0.048220	0.183554	-0.010644	-0.072264	0.112297	0.054265	0.077825	0.029199	-0.097224	-0.260749	0.032987	-0.100076	0.027978	0.007042
chr10:89621988-89623988	0.490641	1.016648	0.102767	0.103928	0.049567	-0.337797	-0.035724	-0.241378	-0.014086	0.003653	-0.123129	-0.074170	-0.396261	-0.157063	-0.493714	-0.112229	0.116458	-0.107073	-0.018982	0.126562	0.226729	0.344151	0.020354	0.017259	-0.118930	-0.082781	-0.069809	-0.114848	-0.099391	-0.248160	0.175823	-0.058474	0.047641	-0.243519	-0.127443	0.126614	0.204019	-0.117288	-0.183337	0.090254	0.249656	-0.338646	-0.018324	0.002664	-0.061345	0.089912	0.340565	0.111158	0.007987	-0.014936	-0.018064	-0.089177	-0.178861	-0.014965	0.049491	0.005656	-0.068479	0.002748	-0.079850	0.098289	0.076397	0.095948	-0.119371	-0.010279	-0.001985	0.121736	-0.146348	0.095032	-0.035679	-0.091839	0.062447	-0.177859	0.042899	-0.137600	0.050586	0.058503	0.052951	0.221198	-0.027679	-0.023660	-0.210330	-0.037739	0.058746	-0.020265	0.122017	-0.126638	-0.157494	0.152687	-0.133223	0.187716	0.031799	-0.091749	-0.134831	-0.077529	0.030170	-0.118469	0.101508	-0.155304	0.021896	-0.073443	0.031378	-0.076517	-0.117341	0.055504	-0.047874	0.059720	0.038166	0.038740	0.036200	-0.041891	0.056556	-0.000709	-0.075441	0.079303	-0.028061	0.054140	0.034684	0.038833	0.014135	0.122256	-0.038803	-0.018936	0.122801	-0.043351	-0.033323	-0.031158	0.133072	0.028603
chr10:89622392-89624392	0.585524	0.141362	0.099082	0.007071	0.014302	0.162192	0.225499	-0.010912	0.003696	-0.170425	0.244092	-0.247765	-0.381607	-0.199080	-0.495048	-0.117448	0.032864	-0.116793	0.074558	0.170154	0.352562	0.582694	-0.053745	-0.080035	-0.072384	-0.229065	0.141361	-0.098268	-0.142169	-0.246012	0.128424	0.049640	-0.045555	-0.237732	0.024703	0.188050	0.135917	-0.103981	-0.182161	0.211499	0.241792	-0.293187	0.031700	-0.121691	0.056703	0.184629	0.396233	0.146500	-0.050651	-0.090639	0.019966	-0.100837	0.160121	-0.014045	-0.107975	0.034192	0.056467	-0.102378	-0.037634	0.122994	0.022416	0.094926	-0.145278	0.052284	0.001812	0.192457	-0.253958	0.075333	-0.087373	0.040707	0.145908	0.018901	0.060923	-0.180777	0.073224	0.084116	0.134899	0.207643	-0.151254	-0.012678	-0.203607	0.030009	0.066608	0.091512	0.063222	-0.046521	-0.078837	0.205849	-0.018535	0.144983	0.057893	-0.131231	-0.080234	-0.067119	0.123650	-0.102645	0.044163	-0.129092	-0.092944	-0.159234	-0.072753	-0.020344	0.008158	0.089838	-0.167332	-0.070290	0.147181	0.047127	0.051584	0.076956	0.024486	-0.120983	0.011714	0.043042	0.061124	0.041218	-0.020486	0.035535	0.062278	0.119660	-0.028010	0.013278	-0.003485	-0.019464	-0.036864	0.087967	-0.048945	0.011884
chr10:89622462-89624462	0.494759	-0.003610	0.004757	-0.014645	-0.011207	-0.004105	0.103836	-0.222289	-0.039690	-0.139609	0.197438	-0.222821	-0.334674	-0.086692	-0.522423	-0.147737	0.044997	-0.140600	0.093431	0.232886	0.326256	0.466335	-0.078072	-0.100973	-0.125025	-0.267391	0.139046	-0.118043	-0.131954	-0.306382	0.126725	0.033452	-0.040331	-0.176904	0.017699	0.213108	0.101357	-0.070621	-0.169345	0.184220	0.253537	-0.303797	0.042177	-0.136535	0.059506	0.169729	0.386995	0.099427	-0.037755	-0.085853	0.002055	-0.086181	0.143618	0.013782	-0.129865	-0.046907	0.079675	-0.064702	-0.091529	0.081932	0.029675	0.087165	-0.150239	0.046923	-0.035298	0.232015	-0.227124	0.068479	-0.021972	0.059213	0.117546	-0.010917	0.067116	-0.152773	0.016971	0.059030	0.108435	0.228697	-0.175653	0.014450	-0.181671	0.068789	0.037368	0.112920	0.028190	-0.073455	-0.057929	0.191106	-0.023553	0.141319	-0.018488	-0.163663	-0.008217	-0.037418	0.086585	-0.121894	0.014031	-0.143684	-0.102062	-0.116686	-0.063579	-0.042006	0.014393	0.037385	-0.157772	-0.087777	0.162975	0.052240	0.063591	0.062920	-0.003640	-0.102731	0.002851	0.053402	0.017581	0.061458	0.023394	0.040325	0.025450	0.133198	-0.063200	0.003062	-0.092594	-0.027653	-0.003007	0.077181	-0.037585	0.048779
chr2:219965238-219974238	0.825581	0.968560	-0.101463	0.012837	0.300681	-0.467165	-0.126044	-0.022633	-0.068563	-0.062939	0.086897	0.295750	-0.123401	-0.044341	-0.032479	-0.101194	-0.038073	0.103316	0.016519	0.025517	0.031043	-0.020760	0.083955	0.028172	0.054634	-0.035479	0.230637	0.097876	-0.170916	0.079957	0.041632	-0.032868	-0.021155	-0.000264	-0.098739	-0.013773	0.119389	0.136533	-0.024318	-0.166171	0.006231	-0.008942	-0.182241	-0.049567	0.080713	-0.053639	0.008289	-0.196945	0.024938	-0.064502	-0.174048	0.092293	-0.137384	-0.115052	0.017118	0.015565	-0.005857	0.281489	-0.056386	0.017281	-0.056629	0.131128	-0.165144	-0.145149	0.141279	-0.145397	0.082199	0.148309	-0.112842	0.122844	-0.095136	0.108453	-0.034782	-0.087799	0.197003	-0.017107	0.019363	-0.078527	0.094339	0.088930	0.120808	0.064519	-0.028962	0.073321	-0.030531	-0.010465	-0.011306	0.062178	0.099936	-0.039106	-0.149371	0.031561	0.149498	-0.027808	0.075431	0.082192	-0.056230	0.093752	-0.062083	0.047273	0.039434	0.136342	-0.088152	0.324772	-0.257025	-0.253943	-0.037559	-0.003770	0.165831	0.016937	0.126357	0.065467	-0.128766	0.119027	0.054466	0.028093	0.018063	-0.082094	0.102616	-0.033782	-0.090960	0.077951	0.040149	0.041316	0.038299	0.125925	-0.099656	0.017209
chr15:67360202-67451200	0.593456	-1.454474	0.280567	-0.056284	-0.080051	-0.011448	-0.130373	0.006555	-0.043887	-0.157633	0.068281	-0.165553	-0.045256	0.188708	-0.013371	-0.062593	0.092243	0.170735	0.150209	-0.218848	-0.115184	-0.206199	0.011205	-0.144445	0.136816	-0.133061	-0.096728	-0.027885	0.090035	0.144237	0.202189	-0.260519	0.105816	-0.118259	0.046262	-0.105720	-0.040806	-0.067718	0.113957	0.070140	-0.000144	0.027402	0.068625	-0.040405	-0.195258	0.037206	0.078473	0.034905	0.035292	-0.041700	0.106440	-0.011620	-0.037077	0.036499	0.072484	-0.131214	-0.050731	-0.104790	0.081073	0.059683	-0.047727	0.151638	0.037175	0.010690	0.085578	0.151313	0.238911	0.088659	0.096611	-0.024140	0.086478	-0.191629	-0.188136	0.054757	-0.146557	-0.032998	0.058757	-0.021801	0.191013	-0.065986	-0.100719	0.108006	0.041858	-0.165432	0.025126	-0.084841	0.066388	0.224905	0.004132	-0.041581	-0.061655	0.125740	0.015756	-0.030637	-0.057627	-0.006104	-0.088918	-0.026287	-0.069903	0.057660	0.097537	0.114372	-0.031831	0.027133	-0.048029	0.050806	-0.028986	0.030550	0.025217	-0.106915	-0.018434	-0.069837	-0.117001	0.171829	-0.045875	0.038307	0.005402	0.034680	-0.023447	0.050794	0.017867	-0.052303	-0.007618	-0.034869	0.074510	-0.044405	0.033537	0.092047
chr3:136800938-136802938	0.585518	0.235758	0.044261	0.206811	0.218100	0.091128	-0.095063	0.005981	0.229145	0.215842	0.050270	0.178148	0.073400	0.116900	-0.009107	0.148562	0.090395	-0.054894	0.068794	0.151134	0.121914	-0.099125	-0.030792	0.121810	-0.155978	-0.142996	0.152979	-0.171536	-0.092623	-0.174127	0.107671	0.298377	0.110968	-0.013029	-0.000927	0.185155	-0.036440	-0.013103	-0.117095	0.032870	0.278432	-0.082054	-0.011369	0.033792	0.003567	0.130167	-0.069421	-0.099521	-0.075856	-0.199510	-0.103673	0.012002	-0.068828	-0.231108	0.000862	0.055106	-0.108977	-0.047476	-0.066854	0.077137	-0.123275	-0.267729	-0.271755	0.130563	0.004291	-0.029186	-0.001985	0.083521	-0.022539	0.087602	-0.037583	-0.244812	-0.019448	0.008520	-0.120649	0.211662	-0.021810	0.043504	-0.032378	0.042126	0.127503	0.004824	0.051295	0.036036	-0.018749	0.014009	0.076661	-0.098516	-0.108933	-0.199951	0.070367	0.170758	-0.049322	-0.010930	0.131466	0.004306	0.051394	0.084368	-0.041662	-0.135891	0.041506	-0.025194	0.080885	0.009583	-0.049924	0.068959	-0.030413	-0.016867	-0.088235	-0.102131	0.053227	0.020482	0.023984	0.052135	-0.021177	-0.144180	-0.048277	0.093375	0.131575	-0.041932	0.086228	-0.042882	-0.148480	-0.044123	-0.042458	-0.131532	0.024871	0.074155
chr14:105232802-105261000	-3.194382	1.409536	-0.613955	-0.182922	-0.127137	-0.132497	0.189017	0.039253	-0.326344	0.132856	-0.240088	-0.132332	0.298826	-0.140050	0.018007	0.112853	-0.442579	-0.353435	0.394309	-0.002096	0.073118	-0.066267	-0.262124	-0.448675	0.074143	-0.446199	0.017857	0.068925	-0.172968	0.031329	0.070107	0.021478	-0.288170	0.170509	-0.369051	-0.084289	0.194965	0.057894	-0.055100	-0.101908	0.085028	-0.371638	-0.250325	0.252765	-0.361454	-0.209898	-0.111046	-0.296009	-0.094770	-0.063704	-0.051544	-0.281300	0.099551	0.048189	0.454556	-0.156774	-0.180516	-0.242572	0.373187	0.242967	0.117417	-0.123956	-0.214446	0.045994	-0.099212	-0.062395	0.097952	0.146488	-0.011921	-0.253876	0.016677	0.315880	0.138297	-0.061548	0.094961	-0.160973	0.113762	0.019557	0.065396	-0.139250	-0.010058	-0.332151	0.266654	0.136238	0.130514	-0.162055	0.164469	0.174018	0.272960	-0.030615	-0.250534	0.035767	0.055815	0.271271	-0.044595	-0.043747	-0.222746	0.108476	0.016551	0.016403	0.000730	-0.028496	0.114862	-0.004899	-0.232661	0.133625	-0.014740	0.002374	-0.066637	0.037611	0.016989	0.064965	-0.108199	0.030172	-0.081106	0.144857	-0.038214	0.094356	-0.124760	0.106155	-0.012957	0.157541	-0.079812	-0.047956	0.079572	0.004278	-0.067987	0.098346
chr13:73930023-74004878	0.711411	-1.320750	0.450187	-0.016485	0.152730	0.005964	-0.010583	-0.340611	-0.052687	0.057965	-0.063215	-0.025920	-0.160484	-0.110633	-0.010227	0.148909	-0.085176	0.226318	-0.047257	0.207371	0.141788	-0.017207	-0.036485	0.148952	0.104572	0.014136	-0.060190	0.145405	0.001930	-0.012451	0.177414	0.064882	0.202675	0.288380	-0.017716	0.099318	0.137767	0.204924	-0.063731	0.255752	-0.221650	0.201420	0.036358	0.147962	0.109352	0.296511	0.126051	0.127708	0.074785	0.007760	-0.114452	-0.020080	-0.024487	0.051256	-0.049673	0.063382	-0.054941	-0.111333	0.027192	0.120589	0.092317	0.071933	0.175951	0.096301	0.090614	0.071271	-0.065441	0.167693	-0.014592	-0.296169	-0.045162	0.005763	-0.017249	0.062739	0.091185	0.098311	-0.031119	0.011054	0.065700	0.324438	0.081083	0.029821	0.080427	-0.084331	0.093787	0.061831	-0.027919	0.064397	0.119590	0.028132	-0.072476	0.100996	-0.048691	0.068617	-0.035690	0.206093	-0.061483	0.030782	0.049387	0.034307	-0.119374	-0.129626	-0.147675	-0.087065	0.219577	0.130254	0.097369	0.184680	0.109800	-0.175922	0.024533	0.044908	0.052677	-0.031115	0.069950	0.038266	0.057954	-0.128602	-0.186314	0.008059	-0.045552	0.008454	0.014841	-0.022567	0.058064	0.091868	0.017858	-0.028054
chr13:73928807-73948316	0.725092	-0.769518	0.398549	0.001499	-0.025164	-0.025061	0.259395	0.032421	0.005872	-0.010617	-0.101159	-0.181393	-0.016565	-0.070547	-0.213368	0.098109	-0.201347	0.134207	0.086951	0.166258	0.146358	0.036523	0.040608	0.013418	0.278856	0.115277	-0.112584	-0.097110	0.064341	-0.081071	0.138743	0.032174	0.321318	0.276878	0.095272	0.007464	-0.019733	0.164049	0.162916	0.206588	0.038023	0.029416	0.093097	0.003608	-0.013621	0.095535	0.059586	0.033616	0.077638	0.056298	-0.092862	-0.039891	-0.028123	0.113699	-0.087833	0.106103	0.025190	-0.009155	0.132232	0.090048	0.019640	-0.001281	0.120794	-0.015200	0.079080	-0.150842	-0.054543	0.266041	0.086216	-0.204331	-0.071726	0.049067	-0.067773	-0.019706	0.135129	-0.127990	0.114950	0.139807	0.156387	0.187836	0.139133	0.010175	-0.140084	0.068707	0.148323	0.065582	-0.093427	-0.017704	0.015281	0.060643	-0.084647	-0.001517	-0.009937	-0.039922	0.083922	0.141718	-0.001724	-0.004921	0.183898	0.111006	-0.227463	-0.026027	-0.163889	-0.173233	0.131719	-0.062580	0.042427	0.122813	0.089305	-0.038688	-0.059890	0.081115	-0.004050	0.199625	-0.025942	0.024097	0.119040	-0.163065	0.011057	-0.065516	-0.046226	0.035398	0.141944	-0.243285	0.122942	0.076796	0.040905	0.047222
chr13:73984215-74005603	0.806471	-0.323666	0.055079	0.064804	0.146683	-0.284213	0.120080	-0.028126	0.075271	0.050215	-0.051572	-0.073900	0.036866	-0.162766	0.035699	-0.343030	0.138779	-0.006620	-0.014664	0.152731	-0.124855	0.013567	-0.084018	0.015623	0.117565	0.162089	0.051359	-0.048794	-0.023420	-0.103363	0.051757	0.067356	0.005869	-0.038480	0.000850	-0.025828	-0.133232	-0.078777	-0.032440	-0.083025	-0.056130	-0.012080	-0.150067	-0.071653	0.041005	-0.123311	-0.027290	-0.173822	0.001079	-0.288257	0.080888	-0.084007	-0.072585	-0.173634	-0.147292	0.191457	0.006671	0.200280	-0.075438	-0.105694	0.048717	-0.059482	0.020128	0.040639	-0.008469	0.129336	-0.059278	0.004974	0.262656	-0.054051	-0.073526	-0.000256	-0.072820	0.106318	-0.116602	-0.004836	-0.020933	-0.136673	0.176102	-0.129057	0.006603	-0.121814	-0.040239	0.028537	-0.030222	-0.142981	-0.011190	0.130939	0.197057	0.117811	0.050157	0.116232	0.086057	0.021243	0.087551	-0.146037	0.067874	0.039356	0.003196	0.078797	0.083001	-0.193171	-0.030098	-0.018029	0.019777	0.084317	-0.198735	0.090969	0.069268	0.007891	0.035737	0.034428	-0.040965	0.115207	-0.058190	-0.139428	-0.043087	-0.113080	-0.014984	0.203282	-0.027376	0.034190	-0.068772	0.053174	-0.133562	-0.020336	-0.075242	0.140667
chr13:73905173-73913222	0.721825	0.043682	0.429106	0.097234	0.335235	-0.167676	0.034673	0.394177	-0.029036	0.027563	-0.088902	-0.150642	-0.063231	0.080692	0.110414	-0.038316	-0.236703	0.213370	-0.178955	0.160452	0.075258	-0.023937	0.050879	-0.342973	-0.046106	0.339402	-0.127476	-0.100212	0.040377	-0.042388	0.107172	-0.174572	-0.060814	-0.047896	0.037355	0.016076	0.250849	-0.061963	0.369416	-0.028308	-0.013566	0.018591	-0.088502	-0.120332	0.160738	0.148059	0.057335	-0.202217	-0.094858	0.057603	-0.219195	0.052518	-0.075946	0.042509	-0.008391	0.010447	0.000439	-0.222925	-0.104619	-0.043888	0.156738	0.011083	0.044000	0.044564	0.182575	0.141854	-0.061957	0.074061	-0.090760	-0.091660	-0.064333	-0.063247	0.000055	0.020723	-0.147655	0.191803	-0.115816	0.087003	-0.109052	0.034723	0.085286	-0.036664	-0.031160	-0.056355	0.018708	-0.163519	-0.071518	-0.262359	0.109103	-0.108511	0.055782	-0.062850	-0.072217	-0.013406	-0.001085	0.066664	-0.024442	0.026020	-0.004748	-0.029022	-0.081123	0.115623	-0.028767	0.044378	-0.004581	0.075746	-0.129265	-0.073085	0.076659	0.171246	-0.021859	-0.108688	0.026673	0.006238	0.006231	-0.076360	-0.031585	0.080338	0.044746	0.061452	-0.077431	0.011095	-0.040096	-0.055576	0.089716	-0.092386	0.057440	-0.017124
chr4:185568801-185570801	0.375722	-0.681454	-0.175696	0.003882	0.088597	0.181021	-0.017511	-0.045419	0.101479	-0.040718	0.057638	0.039310	-0.163050	-0.013360	-0.103160	0.104201	0.135195	0.041788	-0.064239	0.025677	0.184054	0.013293	-0.063520	-0.088316	0.043225	0.205617	0.122144	-0.033934	0.121256	-0.132571	-0.000055	0.022576	-0.087843	-0.045360	-0.235406	0.070740	-0.124767	-0.018723	-0.125719	0.025576	0.087344	-0.098200	0.178456	0.207606	-0.075622	-0.105910	0.122258	0.002311	0.000594	-0.243559	-0.079925	-0.132054	-0.074922	-0.106090	-0.154523	-0.022900	0.097081	0.167315	0.115128	-0.170611	-0.034748	0.080236	-0.032889	-0.021533	0.060808	-0.055310	0.201090	-0.058542	-0.056779	0.161091	0.047141	-0.077746	-0.057526	0.044638	-0.050529	-0.078969	-0.111564	-0.201963	-0.149151	-0.059891	0.004990	-0.246224	-0.117022	0.004329	-0.003476	0.074035	-0.022285	-0.091184	0.097930	-0.040985	-0.044562	-0.116676	-0.033332	-0.074847	-0.046998	0.065984	-0.208238	-0.149977	-0.078686	-0.007965	-0.000866	-0.016792	0.220595	-0.054828	0.043545	-0.116295	0.010579	0.136933	0.175145	0.178330	-0.038771	-0.141799	-0.013321	-0.001289	-0.088710	-0.038962	-0.234233	-0.075200	0.135576	-0.186475	-0.036348	-0.151274	-0.127771	0.052051	0.005921	-0.034012	-0.123291	-0.165704
chr12:54360202-54361000	-0.726637	-0.848012	-0.038301	-0.302498	0.033460	0.128892	-0.180094	-0.060140	-0.132413	0.141252	-0.119522	0.233432	-0.223825	0.465080	-0.138384	-0.071904	0.114346	0.023369	-0.025747	0.035539	0.097241	-0.104746	0.195255	0.137606	0.002381	-0.120036	0.038289	0.033523	0.083042	0.247785	-0.007979	-0.114638	0.035729	-0.037876	0.093024	0.043493	0.116975	-0.092689	0.069143	-0.139060	-0.107582	0.176949	-0.146417	0.202568	-0.031130	-0.065485	0.092816	0.171424	-0.373232	-0.119431	-0.095614	0.013945	-0.157097	0.116498	-0.175809	0.020244	0.017545	0.031159	-0.033296	-0.045920	0.074561	-0.288477	-0.093068	-0.186249	-0.090880	-0.048320	0.242421	-0.175141	-0.027148	0.059033	-0.003640	-0.013941	-0.066013	0.166908	-0.139597	0.252524	0.129474	0.018449	-0.035545	-0.002411	0.081660	-0.174913	0.206117	0.130567	0.342499	-0.075039	0.047006	0.290394	-0.048893	0.144856	0.070718	0.010912	-0.167209	-0.122521	-0.249263	0.099996	0.172653	0.306990	-0.144124	-0.105004	0.032932	-0.109121	0.077725	0.111752	-0.083077	0.249827	0.058121	-0.013224	-0.051940	-0.076159	0.103241	-0.158456	0.080691	-0.050733	-0.128834	0.189997	-0.064084	0.236230	0.258125	0.228661	-0.105476	0.131751	0.088865	0.091034	-0.118250	-0.015194	-0.057341	-0.053875
chr10:64736575-64738575	0.603778	0.416507	0.206487	-0.028520	0.375370	-0.078513	0.148863	-0.024756	-0.109439	-0.018673	0.179651	-0.050613	0.244204	0.071481	-0.008518	-0.120241	-0.117200	-0.263843	-0.043806	-0.091178	-0.209413	0.049037	-0.214399	0.048393	0.010771	-0.029619	0.066886	-0.042242	-0.201884	-0.010578	0.023208	-0.231237	0.133028	0.048254	-0.145804	-0.031317	-0.131656	-0.261658	-0.098145	-0.166872	0.057793	-0.082912	-0.006100	-0.090935	-0.054948	0.065747	-0.157123	-0.020725	-0.003426	-0.031924	0.023494	-0.040320	-0.156331	-0.099582	0.134946	-0.030391	0.001780	-0.029789	0.030069	0.151356	0.017912	-0.035778	0.018432	0.122940	-0.083712	0.022816	-0.012883	-0.104150	0.054612	-0.077882	0.025733	-0.097787	-0.000073	0.073807	0.045872	-0.128475	0.027651	-0.009076	-0.233650	-0.038061	0.001693	-0.149007	0.056504	0.077827	-0.026017	-0.008957	-0.209287	-0.054139	0.019077	-0.067786	0.005078	-0.005120	-0.065158	0.128810	-0.017814	0.024725	0.061103	0.020795	0.183096	-0.250977	-0.041511	-0.020208	-0.011820	0.061862	0.062157	0.034832	0.213935	-0.070628	-0.057292	0.131380	0.056771	-0.098479	-0.085472	-0.067771	-0.126358	0.160519	-0.014658	0.081060	-0.014268	-0.079483	0.060160	0.026801	0.004076	0.064296	-0.071073	-0.040182	0.100243	0.180675
chr13:113759602-113760800	-0.803585	-0.216794	-0.154542	-0.264309	0.202630	0.233079	-0.136089	-0.124246	0.241958	0.072568	0.486152	0.161615	0.060829	-0.211375	0.107396	-0.220823	0.207307	-0.199043	-0.149983	-0.059302	-0.002441	-0.130843	0.005327	-0.097914	-0.090157	0.014797	-0.065906	0.014158	0.170568	-0.219660	-0.030244	-0.222881	-0.098640	-0.112294	0.057916	-0.048282	0.210327	0.042938	0.114598	-0.015537	0.027630	-0.004124	-0.011576	0.080758	-0.129897	0.031961	-0.302000	0.093771	-0.076524	-0.151846	0.096573	-0.033278	0.054302	0.001859	0.063102	-0.012663	0.225369	0.088365	0.186523	0.040980	0.132560	-0.007129	0.219648	-0.052655	0.006860	0.117160	-0.102654	0.010171	-0.100921	0.181298	0.091276	-0.185605	0.121110	-0.072079	0.188731	0.071106	0.038769	0.146751	-0.022382	-0.354399	0.209364	0.102841	-0.159977	0.150483	-0.094377	-0.094609	-0.001084	0.119153	0.007261	-0.143452	-0.029889	0.062873	-0.122289	-0.051489	0.093420	-0.046587	-0.084766	0.073313	0.019605	0.019711	-0.067315	0.002494	-0.023508	-0.007117	0.041615	-0.007698	0.061352	0.262625	-0.151962	-0.200231	-0.099019	0.124253	-0.085632	-0.052087	-0.022711	-0.018064	0.020871	-0.040357	0.061198	0.131507	-0.186916	0.017111	0.105900	-0.029476	-0.078208	0.021309	-0.089530	0.170979
chr6:31534802-31548600	0.561204	0.009382	-0.021967	0.030986	-0.137463	-0.110524	0.347723	-0.279097	0.107752	-0.080350	0.022422	-0.006326	-0.003860	0.054210	0.201601	-0.235475	0.072639	0.003238	0.103754	0.103252	0.052220	0.015924	0.055695	-0.224247	0.066717	0.080898	-0.018577	0.112164	0.029322	0.098115	0.056380	-0.018315	0.049046	0.006612	0.142461	0.125468	-0.083542	-0.037810	-0.118647	-0.006536	0.062551	-0.148510	0.037473	-0.107856	-0.071465	-0.026959	0.124858	0.072810	0.008581	0.033354	-0.020576	-0.090205	0.082071	0.104242	0.110756	-0.016510	0.050902	0.123466	-0.002561	0.016797	-0.164776	-0.008772	-0.092852	-0.085521	-0.048598	-0.101927	-0.097789	-0.005389	0.004413	-0.058607	-0.102277	0.232337	0.053799	0.073268	-0.087299	-0.161539	-0.038413	-0.109119	-0.110339	0.050142	-0.016720	-0.109839	-0.092404	0.057165	-0.032281	0.015827	0.116127	0.005545	-0.007485	0.198506	0.024157	-0.003293	-0.005213	0.034590	0.126923	0.030317	-0.046022	-0.110384	-0.001298	0.087261	-0.010543	-0.024530	-0.062124	0.005008	-0.030291	-0.100718	-0.285507	-0.018579	0.080570	-0.043139	0.018514	-0.054193	-0.133542	-0.131080	-0.198793	0.142432	0.061139	-0.021590	-0.089873	0.082784	-0.037025	0.049547	0.007784	0.009403	0.059890	-0.007339	-0.102088	0.126767
chr2:60691402-60718400	0.787949	-0.125117	0.103895	0.230864	-0.134743	-0.330356	0.107904	-0.098007	-0.078085	-0.129929	-0.108509	-0.026725	0.186755	0.098743	0.192305	-0.047262	-0.126524	0.108154	0.067348	-0.042190	0.083761	0.040989	-0.096151	-0.147558	-0.048414	-0.153706	0.014108	-0.152866	-0.087417	0.013850	0.214961	0.057481	-0.003856	-0.071981	-0.081867	-0.004371	0.199455	-0.074126	-0.087905	-0.079054	0.048840	-0.033077	0.137880	-0.060962	-0.126030	-0.071958	0.043740	0.010090	-0.045004	-0.041991	0.162286	-0.007370	-0.005163	0.002499	0.190007	-0.074011	0.181502	0.194208	0.084321	-0.055923	-0.086148	0.115965	0.053947	0.020812	0.024380	0.170583	0.097373	-0.078016	0.054160	-0.006463	-0.034834	0.097006	-0.030246	-0.049233	-0.142689	0.122730	0.126724	0.092885	-0.017367	-0.068891	0.058919	0.067266	0.031056	-0.007032	-0.106660	-0.035048	0.003644	-0.023192	0.049084	0.070709	0.072838	-0.100593	-0.060417	0.066326	0.216235	-0.006500	0.014079	0.154464	0.120160	0.066737	0.043615	-0.008188	-0.110523	0.094954	-0.016647	0.157204	0.074996	0.058172	0.038927	0.043995	-0.109939	0.069002	0.093275	0.036519	-0.123558	0.192180	0.071840	-0.017799	0.030656	-0.112648	0.067705	-0.092783	0.223097	-0.065525	0.044771	0.100605	0.041326	-0.104798
chr2:60719002-60776000	0.880051	0.487714	0.092477	0.323837	-0.543972	-0.049186	0.403279	0.011387	0.077679	-0.124333	0.178049	0.190813	-0.040369	0.290999	-0.076603	-0.037126	-0.085411	0.125218	0.032220	-0.143490	-0.034700	0.083370	0.025451	-0.010962	0.019731	-0.136058	0.043637	-0.115615	0.064914	0.066816	0.046777	0.112246	0.074908	-0.121924	0.049638	-0.103394	0.098166	-0.018424	-0.023762	0.032432	-0.043503	0.007734	-0.039167	-0.057020	0.090004	0.068901	-0.031565	0.023437	0.003511	0.115585	-0.000608	-0.016077	0.055309	-0.189731	0.015534	-0.002737	0.180510	-0.028534	0.094095	0.122600	-0.045752	0.035452	0.104127	0.009814	0.120550	0.008380	-0.028703	0.055556	0.033449	-0.103662	0.061546	0.019095	-0.112638	0.010174	-0.094435	-0.181966	-0.040733	-0.057880	0.096817	0.094875	-0.040097	-0.006274	0.074435	0.196332	0.000875	0.024590	0.096564	0.071051	-0.009532	0.028240	0.172401	-0.080857	-0.118027	0.039880	-0.274547	0.065435	-0.063245	-0.032980	-0.047230	0.035387	0.014439	0.028916	0.120405	0.061418	-0.021089	-0.022772	0.033687	0.035361	-0.195600	0.044471	-0.135807	0.220542	-0.013530	-0.100072	-0.032866	-0.131973	-0.058873	-0.223833	-0.100801	0.091347	-0.095068	-0.103462	-0.019047	0.116547	-0.034381	0.024001	0.068044	-0.064688
chr9:104183202-104211400	0.507411	-1.350983	0.320164	-0.075108	0.016000	0.113926	-0.011010	0.215764	-0.086038	0.002509	-0.170346	-0.024630	-0.076131	0.045950	0.037761	-0.018969	-0.065145	0.196442	-0.040139	0.071926	0.235538	-0.095416	-0.062272	0.010178	0.075238	-0.026691	-0.166947	0.100243	-0.038894	0.108027	-0.114479	0.043543	0.090483	0.008203	0.047965	0.115609	-0.008464	0.179283	0.108056	0.083434	0.071647	0.068256	0.012209	-0.062119	-0.105961	-0.192567	-0.038109	0.168898	-0.022888	0.186091	-0.100121	0.044443	0.143387	0.131265	0.056363	0.050286	-0.110728	0.045798	0.047607	-0.018576	0.067468	0.132402	-0.123287	0.046795	-0.096588	0.054593	-0.013213	-0.084018	-0.074914	0.027086	0.008471	-0.102433	-0.093045	0.033935	-0.042820	-0.052954	-0.109662	-0.083855	-0.175685	0.015926	0.031796	0.106311	0.016799	0.108670	-0.000051	0.013480	-0.176396	-0.057781	-0.010046	-0.070516	-0.289796	0.139339	0.001947	-0.008511	-0.106427	-0.013048	0.048807	-0.078313	-0.034088	0.093707	0.072594	-0.172240	0.211991	0.006144	-0.183097	0.070020	-0.007500	-0.069138	-0.145736	-0.001361	0.090317	0.066533	0.027512	-0.042395	-0.028300	-0.061836	-0.029961	0.030201	0.099984	-0.128493	-0.211745	0.007049	0.042722	0.058188	-0.136469	0.166168	-0.127169	-0.123579
chr5:175086002-175127800	0.896812	-0.205415	-0.028799	0.109720	-0.065906	-0.230213	-0.115469	0.041099	-0.031756	-0.114041	-0.065401	0.185559	-0.151513	0.139455	0.056902	-0.080540	-0.277226	0.098566	-0.057224	0.133698	0.007101	-0.084108	-0.108653	0.088424	-0.135301	-0.041097	0.115217	0.073475	0.131339	-0.000532	-0.165336	0.212503	0.079099	-0.056685	-0.164441	0.037152	0.076200	0.114716	0.238304	-0.072184	0.003385	0.067408	-0.062134	0.182797	0.301420	0.054539	0.010398	-0.006902	-0.300408	-0.065256	0.080703	-0.001523	0.048646	-0.030212	0.110222	0.003625	0.020510	0.022860	0.248416	0.085188	0.149664	0.072436	0.019916	-0.033352	-0.032253	-0.002941	-0.186135	0.138324	-0.001156	0.113163	-0.065913	-0.186525	0.113009	-0.275046	0.029182	-0.149142	0.048315	0.068910	-0.013462	0.098535	-0.076958	0.097605	-0.030110	-0.012052	0.121956	-0.222572	-0.016555	0.035860	0.085747	0.091674	0.087199	0.091943	0.165767	0.033844	-0.023484	0.132537	-0.045180	0.142220	-0.122469	-0.046951	-0.020419	-0.054183	-0.069123	-0.000975	0.000187	-0.066060	0.180935	0.080825	-0.104161	0.117311	-0.103863	0.007640	-0.067955	-0.083844	-0.185619	-0.113342	0.143126	-0.177628	0.033369	-0.113251	0.207561	-0.023120	-0.147700	-0.227317	-0.019827	-0.179062	0.102302	-0.051791
chr6:28233802-28234600	-0.664260	0.612403	0.261459	-0.043401	-0.062581	0.088534	0.016395	-0.323733	0.037109	0.267491	0.019460	0.036383	0.020355	0.152351	0.042334	0.012960	-0.032273	0.089749	-0.139820	-0.057689	-0.061580	-0.055428	0.045279	0.155560	-0.096639	0.071945	0.252091	-0.138715	0.157864	-0.112058	0.078131	0.131987	-0.123651	-0.048573	0.252516	0.075778	-0.049834	0.069380	-0.100342	-0.258358	-0.094042	-0.032584	-0.033984	-0.119253	-0.029272	-0.083141	0.134146	-0.135524	0.071480	0.085477	-0.032675	-0.035623	0.091728	0.097174	0.048875	-0.063037	0.183288	-0.149316	-0.019360	-0.168445	-0.107340	0.033453	0.089840	-0.146684	-0.099190	0.014037	0.013180	0.097563	0.106635	-0.044427	0.065902	-0.168334	-0.195650	0.010197	-0.215136	0.181431	0.116689	-0.038661	0.167981	0.066703	0.013870	-0.041846	-0.075669	0.017612	0.004199	-0.000196	-0.117442	-0.184017	-0.019773	-0.198463	-0.029041	0.205954	-0.005312	-0.007027	0.051735	-0.097470	0.140767	-0.014739	-0.126749	-0.331191	-0.114575	-0.162337	0.152280	-0.033567	-0.114922	0.043193	0.051441	0.089469	0.038301	0.145627	0.148234	-0.106521	-0.147690	0.019339	0.039107	0.094813	0.043539	0.116132	-0.018309	0.071857	0.169263	0.093906	-0.017601	0.104305	0.155269	0.082843	-0.112286	-0.058655
chr6:28234176-28236176	0.391563	-0.481138	0.015748	-0.022632	-0.082380	-0.087574	-0.039079	-0.264826	-0.021066	0.090734	-0.002293	0.194274	0.334594	0.105706	0.191480	-0.104915	0.164124	-0.178023	0.000339	-0.168947	-0.218485	0.050767	0.152184	0.082724	-0.154312	0.001241	0.060071	-0.096725	0.102531	0.054525	0.129513	-0.044754	0.217426	-0.020146	-0.050010	-0.117762	-0.025307	0.142581	0.002784	-0.345734	-0.268190	-0.019209	-0.148489	0.078324	0.089927	0.089330	0.039842	-0.127018	-0.210546	0.126702	-0.029544	-0.180420	0.181232	0.158355	-0.117623	-0.049413	0.304466	-0.092323	0.031090	-0.119334	0.104705	-0.164328	-0.125355	-0.031965	-0.003809	0.057134	0.111349	0.161063	-0.073715	0.018253	0.040772	-0.004294	-0.227878	0.101766	-0.056441	0.006610	0.089883	-0.087747	0.124689	0.120859	0.045097	0.150694	0.007879	0.050490	-0.040922	-0.051881	-0.201448	-0.093884	-0.006472	-0.122779	0.115300	0.062189	0.020985	0.092442	0.103603	-0.158078	-0.130254	-0.013899	-0.189562	-0.004661	-0.105083	-0.039620	0.169889	0.112565	-0.118322	0.052944	-0.000109	0.044383	-0.016692	-0.058890	0.059117	-0.187570	-0.031367	0.071282	-0.089775	0.005729	-0.113604	0.025771	-0.132738	-0.116003	-0.037317	-0.000718	-0.072031	0.185464	0.020683	-0.129386	0.025390	-0.226855
chr6:163964037-164018687	0.536208	-1.063793	-0.243548	-0.047483	0.128238	-0.080546	-0.010731	-0.138671	0.064694	-0.016755	-0.007079	-0.190081	0.043764	-0.223396	0.079747	-0.113625	0.072184	0.087257	0.034754	-0.126762	0.070273	-0.001583	-0.018251	0.055310	-0.018028	0.003056	-0.037023	-0.068981	0.132682	0.077662	-0.068910	-0.077912	-0.065428	-0.092897	-0.005742	-0.030712	-0.164471	0.043035	0.033501	-0.029874	-0.207787	-0.187601	-0.170154	-0.037297	-0.087454	0.046638	0.126308	0.010392	0.064325	-0.115096	0.047141	-0.210629	0.145751	-0.138483	0.056402	-0.094607	0.057868	0.159406	0.091498	0.027238	0.003057	-0.168324	-0.055625	-0.013992	0.052357	-0.030775	0.002558	0.229535	0.147468	-0.069639	-0.076365	-0.093521	0.039735	-0.012516	-0.183305	0.220346	-0.039705	0.029366	0.062843	0.117004	0.039591	-0.099174	-0.183976	0.221532	-0.047674	-0.017022	0.059219	0.008260	0.149182	-0.085727	0.030404	0.072675	-0.059837	0.011444	0.016347	-0.012141	-0.194940	-0.084353	-0.061268	0.106033	-0.004569	0.051739	-0.001303	-0.120690	0.001659	-0.070605	0.144446	0.104723	0.105237	0.052510	0.000678	-0.064217	0.118367	0.009919	0.080507	0.014351	-0.028112	0.010053	0.059880	0.050277	0.075751	0.118763	-0.125521	0.007956	0.063771	0.066122	0.004472	-0.069338
chr8:130639002-130649000	0.285280	-0.902825	-0.323541	-0.003944	-0.086698	-0.129033	-0.093136	-0.142771	0.028018	-0.081803	-0.083976	-0.171443	-0.212806	-0.125884	-0.061114	0.082152	0.001488	-0.038718	-0.053143	-0.002382	-0.087580	0.121946	0.136721	-0.060748	0.065222	-0.035935	0.011639	0.118414	0.095970	-0.181327	-0.091513	0.109347	-0.209055	-0.058543	0.068431	-0.052390	0.012644	0.058897	-0.026246	-0.067742	-0.004113	-0.053093	-0.151027	-0.023071	0.157983	0.108975	0.003889	0.033349	0.024511	0.114846	-0.021384	-0.064998	-0.059535	-0.118351	-0.027145	0.024228	0.018540	0.017578	-0.169569	-0.004917	-0.164107	0.003951	-0.001257	0.106546	0.057696	0.171925	-0.104162	0.001389	0.141630	-0.130255	0.002235	0.076765	-0.155494	-0.171844	0.028756	-0.130793	0.056402	-0.075007	0.066237	0.036559	0.044445	0.154076	0.018892	0.025780	-0.107989	0.043553	-0.023597	0.050617	-0.091488	0.011929	-0.014896	-0.071516	-0.000833	-0.120297	-0.035449	-0.007481	0.020215	0.170548	-0.141850	0.021621	-0.009901	-0.184850	-0.105399	-0.102372	-0.124989	-0.122078	-0.023532	-0.113770	0.004467	-0.051786	0.011287	-0.003516	-0.086714	0.026917	0.045036	0.099875	-0.097812	-0.017004	0.042953	0.007587	-0.039036	0.142089	0.042869	0.076199	-0.129926	-0.058607	0.070726	0.131330
chr1:160000799-160002799	0.618193	-0.207091	0.079013	0.069589	0.150378	0.005277	-0.012480	0.216442	-0.005930	0.096016	0.018409	0.106365	0.133124	0.140880	0.121812	-0.046957	-0.143649	0.055937	0.067918	0.211694	0.066416	-0.041949	0.015866	0.013111	-0.020289	-0.085261	-0.200686	0.134803	-0.106810	0.199253	-0.103300	0.066111	0.067592	-0.055070	0.065002	0.070708	0.051310	0.090497	0.041050	0.040218	0.061125	0.035957	-0.038280	-0.045203	0.217204	-0.025088	0.225921	-0.031395	0.060872	-0.018805	-0.101855	-0.040683	0.029705	-0.048896	-0.028133	-0.218280	0.031365	-0.089446	0.149238	0.029404	-0.045198	0.116178	-0.120846	0.050855	-0.104051	0.115565	-0.129136	-0.053811	0.088398	0.063237	-0.058061	-0.145820	-0.044348	-0.005414	0.085273	0.127870	-0.057450	0.035184	-0.131460	-0.003149	-0.143369	0.039093	-0.155885	0.014493	-0.027921	-0.004605	-0.072891	0.013324	0.260954	-0.175604	-0.137550	-0.093181	-0.044825	0.232149	-0.055846	0.056308	-0.179505	0.098511	0.061393	0.134924	0.187482	0.125106	0.098238	-0.043389	0.019758	0.056771	-0.112701	0.046451	-0.165544	0.156657	0.092331	-0.025473	-0.111726	0.024529	0.293894	0.071813	0.016751	0.123866	-0.048624	0.006571	-0.024027	0.130060	-0.056845	0.051733	0.073395	0.060208	-0.046752	0.074822
chrX:138611889-138613889	0.624844	0.067216	0.351885	0.101333	0.218922	0.200806	-0.162998	0.319809	-0.185346	0.046006	0.058362	-0.015373	0.106903	0.235178	-0.057490	0.079557	0.012959	-0.024657	-0.026833	-0.243172	0.000336	-0.039089	0.120689	-0.007869	-0.109748	0.177381	-0.123202	0.099477	0.244429	-0.245801	0.045948	-0.018158	0.132900	0.021965	0.248391	0.036008	-0.179046	0.042683	-0.069926	0.229885	0.062817	0.179833	-0.121491	0.147418	-0.097643	0.186744	-0.194047	0.027537	-0.206220	-0.225125	-0.029541	-0.033158	0.058092	-0.068294	0.017751	-0.003744	0.018669	-0.102484	-0.053365	-0.173020	0.157140	0.008049	-0.104506	0.010007	0.022559	0.171775	0.033780	0.016101	0.219086	-0.016992	0.051921	0.129640	-0.010626	-0.031062	0.106536	0.070599	-0.033113	-0.110969	0.009236	-0.106691	-0.168654	0.178092	0.000756	0.143785	-0.140569	0.129934	-0.265916	-0.040860	-0.083172	-0.014668	0.008959	-0.135764	0.021442	-0.031475	-0.054633	-0.007594	-0.016473	-0.048923	0.076255	0.096506	-0.028123	-0.020157	-0.059253	0.060363	0.086113	-0.000585	-0.089937	-0.110228	0.076572	-0.057235	0.165508	0.003108	-0.023426	-0.080294	-0.160289	-0.021771	-0.043947	-0.020364	0.016779	-0.096305	0.107414	0.025750	-0.100511	-0.023780	-0.007798	-0.039828	-0.206151	0.004983
chrX:154251002-154251200	-4.053552	0.268305	-0.362242	-0.694634	-0.308650	-0.125111	-0.147340	0.005946	0.007734	-0.004695	0.138977	0.209346	0.155542	0.014826	-0.014985	0.176818	0.158082	0.012186	0.249904	-0.134180	0.319122	0.110960	-0.277987	-0.041527	0.402824	0.220447	0.057338	0.135112	-0.077835	0.066000	0.003747	-0.190319	-0.157537	0.089251	-0.068461	0.381694	-0.135172	0.096075	0.103345	-0.164252	0.180452	0.140080	-0.089961	0.102753	0.124103	-0.065293	0.057340	-0.263573	0.330610	0.307678	0.126936	0.010495	0.102103	-0.025713	0.350979	0.109227	0.047163	-0.110793	0.005117	0.173497	0.028643	-0.182552	-0.138806	0.161571	0.322481	0.109455	0.039304	0.093829	0.070357	0.112672	-0.054583	-0.135143	-0.012809	0.304588	0.070264	0.177715	-0.264992	0.057659	0.347332	-0.007383	-0.016004	0.265745	0.136738	-0.241315	-0.095825	-0.074864	-0.007524	0.145336	-0.071689	-0.011204	-0.081511	0.151911	0.051341	-0.010773	-0.090332	0.069660	0.098417	-0.008594	-0.109591	-0.152662	-0.038023	-0.217004	0.122185	-0.126629	0.177677	-0.014914	0.125546	-0.153515	0.096812	-0.016006	0.028452	-0.022222	0.100808	-0.007596	0.197640	-0.132140	0.076479	-0.012435	-0.031970	0.227360	-0.116178	0.213765	-0.080053	-0.102883	0.000657	-0.240688	-0.043784	-0.132409
chr17:32559802-32586800	0.994486	0.273954	0.173886	0.288963	-0.356401	-0.256207	0.018319	0.008769	0.219971	0.230773	0.241544	0.084769	0.084173	-0.022102	-0.208662	0.137344	0.004606	0.168289	-0.136947	0.061318	0.149304	-0.181089	-0.256305	0.177003	0.057116	0.047783	0.090937	-0.082220	-0.088098	-0.069823	0.127093	-0.059729	0.054998	-0.083558	0.170943	-0.031931	0.065817	0.093514	0.016928	-0.008349	0.007090	0.070859	0.138441	-0.070899	-0.050780	0.015076	0.105513	0.024158	0.033150	-0.002884	0.066946	0.169933	0.055000	-0.009391	0.073084	-0.068834	-0.114281	-0.062544	-0.047451	0.002735	0.173362	0.119073	-0.185104	0.023887	0.084708	0.001740	0.040838	-0.034304	0.134435	-0.079373	0.112538	0.070813	0.044965	0.151994	0.108779	0.076777	0.119767	0.018302	0.054847	-0.060426	-0.024485	-0.023631	0.038256	-0.055240	-0.097765	-0.153775	-0.058946	0.043231	0.171764	0.012207	0.116899	0.030275	0.055922	-0.049699	0.035063	-0.069934	0.132482	0.086654	0.127640	0.127489	-0.099360	-0.017421	0.021778	0.137811	-0.106885	0.026710	-0.037826	-0.068229	-0.121210	0.104006	-0.103160	-0.056109	0.045257	-0.087460	0.008504	0.080298	-0.077407	0.038496	-0.006853	-0.046318	-0.012585	0.080662	-0.086498	0.044913	0.050508	0.003797	-0.038979	0.078837
chr13:73905435-73944915	0.483645	-0.967133	0.480194	0.064351	0.095606	-0.092617	0.030764	0.444156	-0.023771	0.003703	-0.125511	-0.130810	-0.083979	0.065300	0.158024	-0.126699	-0.349367	0.092731	-0.072429	0.131877	0.023258	-0.015990	-0.032695	-0.253922	-0.004131	0.323532	-0.141074	-0.068517	0.010816	-0.037943	0.031179	-0.116595	-0.069869	-0.058903	0.036295	-0.105014	0.275684	-0.005979	0.414262	0.003719	-0.006845	0.040014	-0.011873	-0.176395	0.120153	0.124417	0.137359	-0.113278	-0.052877	0.024351	-0.249787	-0.027964	-0.001785	0.083842	-0.014113	0.098880	0.028019	-0.133321	-0.031345	-0.037665	0.223776	0.048054	-0.022389	0.168827	0.103999	0.094306	-0.032099	0.079204	-0.173861	0.022599	-0.086148	-0.081122	0.047802	0.064499	-0.132737	0.119497	-0.139334	0.049438	-0.017293	0.103822	0.066473	-0.078876	-0.101958	-0.007729	0.042545	-0.133066	-0.042897	-0.186592	0.102555	-0.055825	0.057016	-0.063657	-0.061226	0.020112	-0.032818	-0.023691	-0.034869	0.010313	-0.036936	-0.052025	-0.117984	0.063780	0.027251	0.005216	0.040114	0.018032	0.038453	-0.063464	0.065882	0.119386	-0.040905	-0.003541	0.052948	-0.060831	0.038860	-0.022215	0.008647	0.147954	-0.041629	0.050013	-0.182706	0.057160	-0.025536	-0.021281	0.065139	-0.031692	-0.045264	-0.114438
chr13:73972794-74005015	0.668512	-0.452447	0.310283	-0.020843	0.051903	-0.118955	0.281192	0.130540	-0.172618	-0.299113	-0.032203	-0.068799	-0.054343	0.124748	-0.099418	-0.222750	-0.015861	-0.035571	-0.023608	-0.062367	-0.002774	0.124213	-0.111800	-0.091778	0.115364	-0.052893	-0.039080	-0.104157	0.013775	0.001611	-0.086594	-0.042594	-0.003962	0.166325	0.026901	0.075833	-0.008912	0.026665	-0.043752	-0.019194	0.014703	0.221887	0.140381	0.018755	0.036884	-0.106351	0.076796	0.057000	-0.020568	-0.230243	0.053033	0.060458	-0.051099	0.096342	-0.213566	-0.001475	-0.053206	0.028883	0.079584	-0.076314	0.015002	-0.152430	-0.197970	-0.220682	-0.055623	0.108172	0.068004	0.069325	0.053350	0.125478	-0.198549	-0.080318	0.007462	-0.163202	-0.090495	0.122243	-0.108119	-0.083431	0.037283	0.119744	-0.017061	0.084710	-0.161219	-0.065262	-0.025020	0.065859	0.016146	0.129863	-0.197074	-0.096797	-0.139748	0.163551	0.195570	-0.043174	0.066398	0.034741	-0.023325	0.067402	0.051400	0.005538	0.045794	-0.083520	0.059377	0.056088	0.078029	0.042859	-0.069818	-0.007581	0.084811	0.111456	0.080189	0.045708	0.021897	0.148322	-0.074616	0.029396	-0.078987	-0.088029	-0.107946	-0.122158	0.204912	-0.032865	-0.123678	-0.086564	0.057515	-0.179086	0.046795	0.134908
chr17:64299802-64307800	0.990539	0.596085	-0.005524	0.185331	-0.151939	-0.153226	0.222162	-0.081103	-0.078064	-0.181430	-0.000214	-0.051211	-0.016274	0.022588	0.141469	-0.116734	-0.096706	0.194192	0.195370	-0.075232	-0.036616	0.119150	-0.141055	-0.057074	0.034831	0.068796	0.189651	0.012439	-0.009861	0.068801	-0.211206	0.031504	-0.062105	-0.011760	-0.130812	-0.010297	0.026556	0.047752	0.039568	0.007369	0.082692	-0.023242	0.116085	0.005122	0.065904	-0.159074	0.111098	0.100104	-0.079020	0.219975	-0.020645	0.115134	0.071001	-0.052198	0.122252	0.074113	-0.099897	0.305413	0.058653	-0.078470	0.099600	-0.140662	0.159164	0.150043	-0.081703	0.017114	-0.029538	-0.004844	-0.126309	-0.037953	0.071642	0.042394	0.303023	0.025836	0.005825	0.140966	-0.106637	-0.121512	-0.098534	0.004940	0.191342	0.233900	-0.094188	-0.033083	0.058350	0.010360	0.126220	-0.114495	-0.092730	-0.131892	-0.142822	0.067242	-0.021099	0.176482	-0.062815	-0.120989	-0.101940	-0.168138	0.038160	0.108455	0.069544	-0.053770	-0.117645	0.130209	0.021625	0.051693	-0.075946	-0.025427	-0.056139	0.041923	0.067618	0.040694	0.039327	-0.097084	0.031831	-0.029662	-0.219411	0.157037	0.009804	-0.055116	0.028018	0.054062	0.019964	-0.152197	0.070156	0.067302	-0.117109	-0.087287
chr5:110175802-110176800	-0.655040	-1.156749	0.382225	-0.141564	-0.118283	0.052703	-0.214921	0.033349	-0.049142	0.525557	-0.387947	-0.085420	-0.040541	0.056206	0.018906	-0.295005	-0.017381	-0.235866	-0.030411	0.058776	0.037060	0.126442	-0.055594	0.242902	-0.047528	-0.131299	-0.234880	-0.222268	0.014351	0.030882	-0.100534	-0.183018	-0.006289	0.189402	0.216593	0.089969	-0.145807	0.201004	-0.147415	-0.116415	-0.091029	-0.023380	-0.045088	-0.073904	0.100739	-0.100218	0.057646	-0.141172	0.183155	0.088468	0.162732	-0.070401	-0.034813	0.014186	-0.062907	0.143868	-0.121977	-0.005825	0.025624	0.254826	0.150362	0.150816	0.132266	-0.302815	-0.076181	-0.028405	0.034317	-0.187912	0.147913	0.042940	0.074221	-0.050527	0.011498	-0.002728	0.047140	-0.010681	-0.095850	0.121693	0.184289	-0.156526	0.183003	-0.145380	0.110856	-0.140540	-0.100972	0.105031	0.099580	0.095361	0.045572	0.134913	0.147315	-0.039077	-0.246971	0.131360	0.099431	0.148673	0.132334	0.036731	0.255097	0.089620	0.091023	0.050638	-0.082288	-0.154769	-0.080705	-0.093358	-0.110994	0.230148	-0.095069	-0.023535	0.112784	0.209129	0.075788	-0.087830	-0.049229	0.085250	-0.249455	0.006672	0.037185	-0.034763	0.033021	0.077482	-0.026849	0.139549	0.088977	0.015200	-0.030521	-0.107392
chr20:48986349-49063548	0.835722	-0.330424	0.016443	0.085514	0.004160	-0.347584	-0.026756	-0.012262	0.073515	0.225096	0.137533	-0.071021	0.001131	-0.075194	0.110576	0.089740	-0.054355	0.158836	0.108051	0.081921	-0.055798	0.031406	0.002814	0.019726	0.219142	-0.037033	0.065095	0.328552	0.007400	0.171390	-0.009917	-0.126733	0.054185	0.081911	0.112041	0.198683	-0.146361	0.172952	0.099588	0.089925	0.045348	-0.053210	-0.064954	-0.305002	-0.039336	0.087983	0.004538	0.113996	-0.099923	0.125791	-0.020079	-0.090333	-0.070984	0.121243	-0.041655	0.049651	-0.146141	-0.138667	0.063547	-0.058238	-0.024861	0.159935	0.062675	0.057159	0.206059	0.063444	-0.086025	-0.072154	0.156214	0.077603	0.057698	0.040609	0.067622	-0.021635	-0.053506	0.011570	0.020257	0.244928	-0.013383	-0.046215	-0.041762	-0.108046	0.080163	-0.067187	-0.172058	-0.055901	-0.022277	-0.363003	-0.213800	0.078552	0.146977	0.015627	-0.002033	0.192751	-0.106719	-0.010196	0.019481	-0.051129	-0.095258	-0.070475	0.145754	-0.098600	-0.003755	-0.072651	0.037772	-0.078681	0.066584	0.063621	-0.039332	-0.058501	-0.036092	-0.054274	0.004074	0.176921	-0.061836	-0.006716	0.067680	-0.217219	0.109222	0.008602	0.061092	-0.043464	-0.069726	-0.083367	-0.278498	-0.008764	-0.031402	-0.038163
chr20:47895202-47912200	0.183104	0.355124	-0.457732	-0.109750	-0.198519	-0.059548	-0.484910	0.079455	-0.085322	-0.393523	0.113166	0.357880	0.113065	0.012049	0.127804	0.231707	0.105482	-0.164258	0.253525	0.060618	-0.080517	0.081483	-0.207126	-0.056601	0.068856	-0.101273	-0.115886	0.054900	0.236872	0.146197	-0.033227	0.219212	0.109219	0.096471	-0.227094	-0.086379	0.257065	0.078810	-0.028650	0.084969	0.090625	-0.143346	0.225603	-0.082929	0.131522	-0.284640	-0.120968	-0.080201	0.077442	-0.112537	0.022774	-0.100326	-0.214721	-0.020932	-0.076967	-0.201245	0.044428	0.051752	-0.097526	-0.266315	-0.107921	-0.067351	-0.029501	-0.068260	-0.082358	-0.107337	-0.130575	0.067272	-0.006445	-0.119844	-0.113509	0.015732	-0.149305	0.016760	0.031186	0.136572	0.087493	0.116756	0.075298	-0.027818	-0.106266	0.040826	-0.066013	-0.146000	0.211590	-0.174509	-0.182400	0.083687	-0.132830	0.134236	-0.149529	-0.168428	-0.031185	0.106214	0.004919	-0.070509	0.053150	0.018399	-0.060974	0.152141	-0.192112	0.140059	0.069766	-0.099039	-0.125552	-0.071647	-0.010723	0.016540	-0.130314	0.018159	0.126537	0.077736	0.054886	-0.002212	0.092295	0.048750	-0.147457	0.004056	-0.052988	-0.109728	0.156162	0.053102	0.124455	-0.032495	-0.025290	-0.141977	-0.034352	-0.190034
chr18:56081002-56086000	0.414846	-1.438352	0.325554	-0.055977	-0.044487	0.011726	0.078267	0.228565	-0.039231	-0.246492	0.021239	-0.133693	-0.222135	-0.086016	-0.106329	0.167867	-0.112763	-0.055422	0.032362	0.106169	-0.073828	0.063293	0.072743	-0.145111	-0.194392	-0.170996	0.049274	0.058358	0.138377	0.024567	0.005737	0.039212	-0.040080	0.079508	0.027031	0.047870	0.000440	-0.018087	-0.020777	-0.004054	-0.008781	-0.009062	0.034760	-0.073463	-0.038094	0.047445	-0.153279	-0.071486	0.014022	0.105407	-0.206103	0.177299	-0.143807	-0.000564	-0.008073	-0.044753	-0.170089	0.045716	-0.073000	0.079351	0.000522	-0.183604	0.022211	0.026114	-0.173187	-0.042087	0.035615	0.177398	-0.055544	0.092814	0.032276	0.071016	-0.011690	0.034655	-0.038932	-0.044596	-0.032266	-0.107492	0.196408	-0.003385	-0.004777	-0.072165	-0.058065	-0.045900	0.107302	-0.052381	-0.133690	-0.254891	-0.006289	0.060352	-0.203312	-0.070100	-0.211514	0.012667	0.106239	0.100666	-0.050501	0.165186	0.025712	0.036594	-0.147315	0.167975	0.152495	0.049923	0.079068	-0.125472	0.048213	-0.050999	-0.029876	0.099268	0.065878	-0.024742	-0.083914	-0.066257	0.082335	-0.048395	0.047699	-0.017371	-0.005564	-0.020918	-0.070683	-0.085585	0.026315	0.107097	-0.001874	0.173713	-0.027518	-0.095098
chr2:112752602-112753600	-0.298596	-0.248120	0.067369	0.030766	0.125091	0.377454	-0.081533	0.026885	-0.030736	0.196123	-0.115058	-0.112110	-0.017167	0.254199	-0.160956	-0.120712	-0.146693	-0.153689	-0.135295	-0.090838	-0.223552	0.125059	-0.055606	-0.044098	0.035092	0.079175	-0.045064	-0.101376	0.156737	-0.048331	-0.164976	0.213872	0.107325	0.009376	-0.005104	0.130009	-0.106991	0.007589	-0.117053	0.168993	0.068774	-0.037565	-0.094286	0.013521	0.042464	0.088871	0.252538	-0.118216	0.124595	-0.162956	0.066101	0.071262	-0.099206	0.089555	0.186416	-0.151325	-0.042311	-0.035703	0.066001	-0.010604	0.083011	-0.086474	0.079670	0.106806	0.077169	0.242607	-0.104800	-0.092473	0.220854	-0.218447	0.214751	0.119389	0.184615	-0.128183	-0.017294	-0.045069	-0.096739	-0.041474	0.170054	-0.219556	0.130896	-0.014349	0.124847	-0.130192	0.196272	-0.083490	-0.162369	0.025706	0.012297	0.050542	0.056067	-0.098351	0.059131	0.189880	-0.044821	-0.038583	-0.041809	0.100336	-0.064533	-0.056858	0.005489	0.077894	0.086577	0.148629	0.002777	-0.128507	-0.009034	-0.025439	0.107432	-0.043294	0.117257	0.191814	0.084708	0.041698	0.061892	0.085924	0.180725	-0.040571	0.086663	0.183960	0.105012	-0.118363	-0.049520	0.023436	-0.086544	-0.075873	0.094932	-0.039682
chr11:5266002-5277400	1.004280	0.794827	0.128048	0.024167	0.504270	-0.172314	0.071259	0.201903	-0.004204	-0.015649	0.074456	0.157900	0.115969	0.101912	-0.188800	0.033691	0.071697	0.059853	0.171306	-0.051832	-0.072615	-0.053999	0.022292	-0.025394	-0.055928	-0.037378	-0.043221	0.030084	-0.235050	-0.069248	0.079873	-0.043276	-0.003915	0.273321	-0.025901	-0.071555	-0.073721	-0.312140	0.035420	-0.042363	-0.106952	0.010476	-0.063620	0.108764	0.058356	-0.039574	-0.133715	0.073913	0.092241	0.099654	0.100357	-0.006262	-0.001756	-0.084102	-0.127353	0.020605	0.091740	-0.032749	-0.212893	0.180183	-0.069254	0.116940	0.083217	0.162335	-0.158406	0.100645	0.197975	0.032584	0.092176	-0.067172	-0.095936	-0.155495	0.116776	0.143169	0.011750	-0.085623	0.026290	0.136203	0.099514	-0.035463	0.059300	0.056882	-0.021778	0.034871	0.010292	0.076660	0.027086	-0.012820	-0.029135	0.026862	0.031373	0.118687	0.038105	0.281447	-0.152326	-0.147668	-0.073326	-0.084380	0.284433	0.188353	-0.037418	0.040197	-0.044698	0.018179	-0.076244	-0.098760	-0.093523	-0.034048	0.189195	0.062469	-0.236589	0.012837	-0.104571	-0.007033	-0.033998	-0.114036	-0.009577	0.137323	-0.095129	-0.101354	-0.012633	0.164787	0.013034	0.203571	0.075892	0.083114	0.118078	-0.115892
chr4:74300817-74302817	0.395885	-0.885238	0.508938	-0.224766	0.326455	-0.027527	-0.261906	-0.340562	0.102608	0.241931	0.101526	0.277242	0.229284	0.197946	-0.010528	-0.121048	-0.104319	0.113627	-0.118769	-0.051020	-0.102739	-0.024044	-0.072849	-0.186886	-0.110203	-0.061688	0.012478	0.344895	0.007683	0.108133	0.129569	-0.011160	0.236523	0.077697	-0.096350	0.027450	0.110290	0.106348	-0.161186	-0.158698	0.079903	-0.014518	0.285122	-0.202725	-0.081833	-0.087734	-0.084441	-0.245155	0.013807	0.130847	0.155228	0.116898	-0.029155	0.035962	-0.034961	0.085521	-0.087117	-0.064972	-0.173200	0.068134	0.163440	0.069352	0.062704	0.082903	-0.269252	-0.059857	0.071327	0.009684	-0.061442	0.057669	-0.179237	0.075315	0.158554	0.111756	0.095118	0.119342	-0.064946	0.074984	-0.051214	0.159677	-0.052839	0.110612	0.052353	0.328162	-0.088860	-0.139907	-0.014893	-0.043106	0.020085	-0.168207	-0.163801	0.029676	0.124583	0.076790	0.088608	-0.040415	0.122053	-0.019535	0.058316	0.148627	-0.024779	0.080963	0.017066	0.003997	-0.035598	0.164231	-0.116667	0.078230	-0.043979	0.072932	0.061551	-0.066509	-0.004045	0.059988	-0.104520	-0.011704	-0.016036	0.018350	-0.159511	0.154450	0.103836	0.017062	0.174999	-0.017517	0.093951	-0.103930	-0.100431	-0.087044
chr10:43581812-43582711	-0.387296	0.758681	0.397405	0.137683	-0.300286	0.597338	-0.112424	0.045620	0.142034	0.177332	0.107538	0.317844	0.270166	-0.116494	0.248409	0.076041	-0.204249	-0.164840	-0.079083	0.132599	-0.122738	-0.167119	0.122073	-0.016707	0.016417	-0.140894	0.093002	-0.192790	-0.249916	-0.268954	-0.019940	-0.133045	0.108631	0.045402	-0.073459	-0.090661	0.162699	0.087412	-0.165019	0.150987	0.232213	-0.115056	0.110026	-0.130467	-0.119437	0.026951	0.240904	0.106764	-0.136168	-0.118993	-0.126170	-0.082221	-0.204081	0.059936	0.181872	-0.000585	0.048459	-0.087098	-0.132036	0.013274	-0.029203	0.004874	0.169187	-0.079960	0.140233	-0.053185	0.218301	0.312755	0.046417	0.078716	0.148296	0.089446	-0.187487	-0.030551	-0.016057	0.088530	0.071140	0.080345	0.049394	-0.223945	0.222101	0.132378	0.020304	0.138406	0.115960	-0.122829	-0.013170	-0.082631	-0.032142	-0.053312	0.062954	0.161601	-0.026268	0.020168	0.263383	0.144676	0.056423	0.048875	-0.006291	0.138315	-0.094670	-0.253859	-0.141092	0.011141	0.096538	-0.069505	-0.088684	-0.152975	-0.032815	0.151061	-0.043980	0.060652	-0.200410	-0.011780	0.027758	-0.102813	-0.223294	0.087464	-0.082226	0.032361	-0.006541	0.155990	-0.001964	-0.000327	0.044889	0.084492	-0.013331	-0.063224
chr10:43580812-43583711	0.826502	-0.048510	0.299809	0.200840	-0.278151	-0.029516	-0.230646	0.328123	-0.001614	0.149526	0.153957	0.271667	0.172846	-0.252915	0.296280	0.137499	-0.203411	0.038839	-0.366966	-0.067692	-0.173837	-0.052400	0.114260	-0.253919	-0.146323	-0.191297	-0.266043	-0.186708	0.004202	-0.253962	0.103635	-0.070238	0.000161	-0.076053	-0.069884	0.084539	-0.040754	0.036349	0.133799	0.122152	0.163164	-0.048135	0.149439	-0.122537	-0.154849	-0.058719	-0.043990	0.238741	-0.066014	-0.130243	-0.216140	0.022340	-0.058642	-0.065494	0.073105	-0.164203	-0.109836	-0.097847	-0.082159	-0.046539	-0.246168	0.213294	0.006972	-0.042526	0.016740	-0.148529	0.003508	0.181606	0.117010	0.116820	0.120674	-0.065265	0.057858	-0.000140	-0.034836	0.054100	-0.075959	-0.087302	-0.000996	-0.237799	0.049747	-0.088619	-0.014981	0.038685	-0.024824	-0.003684	0.051188	0.133494	0.043255	0.063089	0.046000	0.043138	0.087208	0.074652	0.075731	-0.067986	0.039005	-0.043680	0.213523	-0.096983	-0.062943	-0.083193	0.127213	-0.008185	0.147428	-0.125404	-0.006761	0.230030	-0.030508	0.087262	0.118258	-0.054171	-0.150657	-0.140439	-0.069858	-0.031669	0.061278	-0.024074	0.065495	-0.044424	0.067689	0.043496	-0.113177	-0.096007	-0.027333	-0.004426	-0.001010	-0.049918
chr22:38379602-38445800	0.540005	-1.093412	0.146454	0.075826	0.068617	0.055442	0.003478	0.283728	-0.187051	0.067074	-0.180304	0.058967	-0.112070	0.039170	-0.072525	-0.062030	0.043894	0.053202	-0.074237	0.008503	-0.197174	-0.266904	-0.253173	0.023787	-0.157059	-0.094661	-0.106377	0.064374	0.095636	0.110418	-0.131746	-0.046646	-0.020739	0.013929	0.016307	0.125637	0.020897	-0.099697	-0.094899	-0.081205	0.057161	0.074081	-0.028475	0.153493	0.061272	0.131718	-0.076660	0.141603	-0.103020	0.165839	0.074970	-0.165486	0.085696	-0.117725	0.052295	-0.119857	0.000203	-0.056677	-0.099680	-0.060952	0.083344	-0.039543	-0.004508	0.038905	-0.000402	-0.014511	-0.061159	0.003100	0.070058	-0.066082	0.023374	-0.080131	0.043884	0.005531	-0.108907	-0.173127	-0.085816	0.166185	-0.050439	0.122439	-0.133066	-0.094105	0.068420	0.073562	0.188085	0.102083	0.037521	0.051280	0.077695	0.137230	0.044501	0.057913	0.103429	0.120279	0.207517	0.059064	0.054923	0.021426	0.069374	0.228414	-0.076731	0.071914	0.053354	-0.079385	0.000228	-0.007513	0.189270	-0.143375	-0.119249	0.085218	0.151508	0.018745	-0.050388	0.105658	-0.042807	-0.002732	-0.160259	-0.077124	0.063896	0.054780	0.144639	-0.095382	-0.160168	0.004664	0.038974	-0.082341	-0.078756	-0.035534
chr10:43581056-43583056	0.577982	0.268755	0.244154	0.105226	-0.330983	-0.058171	-0.200943	0.138267	0.025483	0.252441	0.176820	0.380162	0.271722	-0.223459	0.366045	0.156039	-0.150212	-0.038424	-0.240267	-0.016979	-0.111392	0.054828	0.048672	-0.211571	-0.080402	-0.201251	-0.290171	-0.256919	-0.014551	-0.301667	-0.081092	-0.237246	0.064987	-0.083045	-0.122458	0.050894	0.034230	0.017882	0.112678	0.206950	0.224580	-0.018784	0.037854	-0.057018	-0.087604	0.037201	-0.004565	0.134511	-0.160442	-0.107923	-0.171081	-0.011267	-0.125934	-0.053061	0.111345	-0.083449	-0.053772	-0.224915	-0.114995	0.135344	-0.228727	0.064490	-0.068362	-0.018165	0.078828	-0.153743	0.088851	0.248143	0.090607	0.090294	-0.029681	-0.034842	-0.027317	0.007201	0.026082	0.043249	-0.058321	-0.054734	-0.062126	-0.163056	0.156627	-0.060812	-0.085606	0.039676	0.116767	-0.042983	0.056153	0.051900	0.032266	-0.023569	0.042410	0.048035	0.112918	0.153921	-0.021517	-0.109267	0.108222	0.062118	0.224986	-0.176468	-0.001555	-0.076368	0.021957	-0.009018	0.149175	0.043588	0.113256	0.183468	-0.017297	0.107937	0.055673	-0.095284	-0.037290	0.021535	-0.034229	-0.082044	0.060559	-0.033899	0.027470	-0.068621	-0.018365	0.130650	0.012457	0.032414	-0.010635	0.010005	0.012027	-0.093211
chr10:43446602-43448600	0.623828	1.911969	-0.106899	0.231375	-0.036797	0.060589	0.228572	0.068586	0.304497	0.124727	0.114294	0.009545	0.006581	-0.075106	0.115491	-0.017446	0.160805	-0.065906	-0.060530	-0.025788	0.041038	0.019075	0.166729	-0.099299	-0.193338	0.128341	-0.198253	-0.048775	-0.090817	0.064881	0.142389	0.091349	0.128734	-0.058186	0.182855	0.090660	-0.073983	0.086990	0.181763	-0.025696	-0.058640	0.009987	-0.031278	-0.060971	0.036797	-0.005358	-0.045332	-0.085039	0.162028	0.066297	0.090507	0.058317	0.047334	-0.117475	0.079896	-0.095756	-0.033355	-0.131691	0.054570	-0.011012	0.020029	0.093854	-0.072089	-0.008358	-0.060207	0.008926	0.003296	0.010512	-0.174718	0.070166	-0.002935	-0.103864	0.126252	-0.121332	0.013120	-0.061512	0.154645	-0.253496	0.103697	0.128902	0.071410	-0.087827	0.071434	-0.063287	-0.091668	0.136459	0.038706	-0.041763	-0.142104	0.095433	0.094851	-0.059107	0.019342	-0.255961	0.058839	-0.023582	0.005735	0.175705	-0.024551	0.277721	-0.159134	-0.047788	0.149723	-0.072597	-0.123812	0.053870	0.041238	0.148798	-0.166352	-0.047699	-0.101614	0.020686	0.074811	-0.048324	-0.295776	0.060781	-0.023866	0.033937	0.012501	0.078289	0.218521	0.001729	-0.100293	-0.001468	0.072888	0.019250	0.007401	0.020995
chr10:43551895-43553895	0.371955	-0.136199	0.359989	0.107914	-0.155615	-0.192912	-0.216561	-0.030833	-0.041282	0.364409	-0.254114	-0.206649	0.035070	0.075532	0.075820	0.097345	0.071223	-0.001445	0.022652	-0.080020	0.111334	0.181094	-0.036205	-0.037861	0.059828	-0.044722	-0.005987	-0.172608	-0.012550	-0.074456	-0.047505	-0.049226	0.060208	0.047444	-0.114140	0.061556	-0.224537	-0.021620	0.058139	-0.046459	0.077388	0.166255	-0.000212	0.078919	0.121821	-0.005393	0.022242	0.166389	0.001251	0.116756	-0.118318	-0.015717	-0.045115	-0.136315	0.040353	-0.094676	0.094294	-0.100280	0.013865	-0.108234	0.057224	-0.085903	0.226620	0.087555	-0.026196	-0.083607	0.057205	0.005093	0.072844	0.076546	0.004385	-0.042789	-0.044197	0.042715	0.077082	0.107228	0.005299	0.002160	0.062991	0.075510	0.023449	0.074262	-0.081664	0.157435	-0.118282	-0.089882	-0.050344	-0.084333	-0.155235	0.004860	0.012714	-0.173444	-0.064032	0.086414	-0.217840	-0.109890	-0.059748	-0.036839	-0.123911	0.001507	0.123980	0.044878	-0.204866	-0.094901	-0.194512	0.325020	0.012724	-0.186716	0.030617	0.054323	0.011478	0.100276	-0.058911	-0.098443	-0.121597	0.164182	-0.002914	-0.068211	-0.232589	0.077124	0.158938	0.055496	-0.054191	-0.042282	0.099055	-0.122318	-0.155598	0.037034
chr3:46409402-46417600	1.043672	1.472639	-0.038580	0.244532	0.295851	-0.239183	0.226046	-0.060389	-0.121774	-0.221862	-0.113666	0.023196	0.155387	-0.029072	0.003281	0.001401	-0.023517	-0.148060	0.004890	0.058952	-0.034430	-0.042512	0.060481	0.065520	0.084230	0.188290	-0.007744	0.050751	-0.081152	0.038905	-0.089377	-0.012420	-0.141930	0.270964	-0.108928	-0.076031	0.151566	0.104552	0.040836	0.143805	0.029541	-0.088848	-0.134827	0.081099	0.052544	-0.083202	0.037709	0.071461	-0.065303	0.103734	0.175166	0.066448	-0.116390	0.123547	0.072098	-0.017254	-0.131976	-0.006043	-0.181341	0.055018	-0.010724	0.129989	-0.016678	-0.054295	0.043830	0.119101	-0.038890	0.075936	-0.041731	-0.096559	-0.203120	0.112299	-0.107998	0.007055	0.170688	-0.004377	-0.032278	-0.098426	-0.077457	0.024060	-0.046931	0.142103	-0.024202	0.045477	0.001237	0.018593	-0.094093	-0.051531	0.101060	0.173128	-0.244811	0.067616	-0.123397	0.018742	0.020791	-0.046854	-0.087001	-0.035399	0.022888	-0.046266	-0.087845	-0.086811	0.124811	-0.025062	0.169175	0.079300	-0.012082	0.009571	-0.187043	-0.033154	-0.063756	0.014212	-0.006534	-0.066054	-0.099395	0.014342	0.011437	-0.160345	0.077031	0.228871	0.139434	-0.019644	0.122066	0.000718	-0.100840	-0.100915	0.085137	0.046759
chr7:101129817-101130058	-3.062917	0.622085	0.079978	-0.281428	-0.351889	-0.013405	0.068806	-0.346431	-0.270547	0.227983	-0.264628	0.078072	-0.108600	0.060253	0.080630	-0.233261	-0.022065	0.181206	-0.359650	-0.046221	-0.370578	0.387357	0.107424	-0.183187	-0.007203	0.043474	0.340761	0.030612	-0.176934	-0.184970	-0.070863	-0.012030	0.047912	-0.038804	-0.131507	0.065215	0.266611	-0.036056	0.263750	-0.212027	-0.096280	-0.330417	0.331854	0.249734	-0.112832	0.221515	-0.129670	-0.003433	0.141347	0.088405	0.212455	-0.008483	-0.002102	-0.053249	0.144974	-0.202184	-0.194697	-0.077748	-0.365336	0.019038	0.019813	0.024156	-0.039097	-0.134689	-0.066454	0.049562	0.107536	0.037941	-0.005074	0.139869	-0.147767	0.228234	-0.091963	-0.101523	0.006464	-0.000678	-0.256516	0.075901	-0.034516	0.060763	0.226280	0.187197	0.011414	-0.068957	-0.186724	0.223304	-0.246433	0.245474	-0.209428	-0.226362	0.087116	-0.289011	0.018767	0.281614	-0.062050	0.168896	-0.052338	0.042325	0.081739	-0.241728	-0.089017	0.048754	0.031110	-0.033126	0.044220	-0.053920	-0.252327	0.057948	-0.308345	0.030510	-0.136966	-0.081372	-0.015428	0.353345	0.064518	0.092297	-0.207528	0.085914	-0.027963	-0.034100	-0.042327	-0.047290	-0.227058	0.100093	0.045295	0.133310	-0.233914	0.058915
chr12:114703515-114705515	0.042039	-0.128827	-0.280800	0.014541	-0.179553	0.146198	-0.045150	-0.211449	0.178858	0.353572	-0.139207	-0.238460	0.051444	0.032615	0.234120	0.067236	-0.079992	0.024410	-0.051798	-0.238893	0.130540	0.117896	0.082569	-0.152738	-0.100623	-0.190194	-0.188783	0.065501	0.020249	-0.133084	0.086891	-0.071351	0.027127	0.090545	-0.162347	0.211943	-0.055665	-0.084408	-0.041471	0.181555	-0.136243	0.086881	-0.045718	0.010387	0.099473	0.097518	0.070987	-0.056876	0.018151	-0.039514	-0.071448	-0.155623	-0.033383	0.024391	-0.029148	-0.022044	-0.092702	0.036318	-0.148949	0.090837	-0.119267	0.167164	-0.080974	0.043699	-0.109506	-0.058828	0.065585	0.124355	0.110414	-0.024956	-0.009015	-0.093836	0.165475	-0.067611	-0.011510	-0.100496	-0.147492	-0.134998	-0.151337	0.002897	-0.044313	-0.072663	-0.086280	0.074582	-0.057429	0.075811	0.019554	0.096814	-0.193598	0.023072	-0.107886	0.008371	0.029690	-0.110782	-0.084809	0.054651	-0.084822	0.058499	-0.167104	0.102612	0.172934	-0.008930	0.044228	-0.087090	-0.180655	-0.073568	-0.014310	-0.224791	-0.016573	0.004986	-0.022540	0.186784	-0.066543	-0.205757	0.089051	-0.178232	0.093383	0.141438	0.174687	-0.105707	0.011046	-0.025089	-0.100122	0.025135	-0.217616	0.062310	-0.021923	-0.020063
chr16:56994402-56997400	0.717377	0.172542	-0.126303	0.079540	-0.234545	-0.203921	0.166006	0.080786	-0.059513	0.013115	0.128170	-0.257812	0.021741	-0.275347	0.106478	-0.158241	0.206300	0.042053	0.070734	-0.082440	0.058008	0.014371	-0.069091	0.123858	0.028354	0.261107	-0.138362	-0.102707	0.005746	-0.087830	0.193215	-0.105230	0.005445	0.139945	-0.001627	0.066887	0.104268	-0.004668	-0.026342	0.048686	-0.168499	0.050809	0.015408	0.025505	-0.045365	-0.096745	-0.074713	0.003397	-0.107978	0.131918	0.055572	-0.084697	0.087694	-0.012142	-0.039778	0.208901	0.139070	0.017248	-0.027692	-0.081559	0.047430	-0.031585	-0.129205	0.029801	-0.044081	-0.071303	-0.014257	0.058409	0.066296	-0.179516	-0.140910	-0.038526	0.014521	-0.024712	-0.051926	-0.016357	0.010947	0.024797	-0.144725	-0.029698	-0.013045	0.011163	0.155220	0.073349	0.032905	-0.206897	-0.034389	0.118379	0.028448	0.351767	0.024173	-0.056078	-0.021734	-0.123179	-0.119836	0.092946	0.019746	0.083463	-0.043116	-0.135554	-0.004786	0.135885	0.058293	0.209158	-0.008382	0.031531	0.067771	0.069817	0.066552	-0.016227	-0.026263	-0.021066	0.022818	0.024221	-0.025345	-0.038222	-0.051818	0.072421	0.015988	-0.108720	0.001543	0.043998	-0.111318	-0.027792	-0.026219	0.081070	-0.164785	-0.100970
chr2:224465344-224467344	0.623365	0.427319	0.167749	0.100469	0.236684	0.019587	0.044276	-0.057388	-0.054121	0.075176	0.221004	-0.045762	-0.009887	-0.193655	-0.122514	-0.167101	-0.101320	0.201379	0.078203	-0.143859	-0.087130	0.197300	-0.003013	-0.080820	0.296015	-0.159309	0.284410	0.135265	-0.117360	0.063639	-0.133656	0.038072	0.143281	0.062956	0.105779	-0.002631	0.076379	-0.162350	0.026663	-0.010928	0.129423	0.006313	0.073384	0.034422	-0.007019	-0.137088	-0.069344	0.156136	0.030921	0.189417	0.021533	-0.259820	-0.014298	0.019453	-0.056934	-0.096756	0.034897	0.150551	0.048397	0.019937	-0.075414	-0.033788	0.026950	0.072469	-0.024452	0.181936	0.081552	0.161540	0.073658	-0.108182	0.043557	0.015768	-0.146649	0.120730	0.008743	0.096762	0.016359	-0.005181	-0.181510	0.047079	0.078687	-0.064406	-0.013828	0.148171	-0.019544	-0.130457	0.069109	-0.115036	-0.083182	-0.200219	0.009146	-0.123950	0.022231	0.057767	0.011114	0.021916	0.028900	-0.001330	-0.113579	-0.124069	-0.036570	0.093590	-0.033513	-0.111219	-0.024456	0.023349	-0.087988	0.091678	-0.146973	-0.165954	0.200255	0.060748	-0.006759	-0.020075	0.026114	0.056123	-0.003236	-0.054113	-0.295187	-0.076733	-0.050184	-0.033988	0.090570	0.055447	0.275605	0.135586	-0.061242	-0.008991
chr11:2184202-2187600	0.407286	-0.564214	-0.661199	-0.003176	-0.062794	-0.149517	-0.026645	-0.025752	0.030188	0.107278	-0.144707	0.011785	0.015021	-0.133580	0.026131	-0.091126	-0.032024	0.043120	0.052017	-0.015395	-0.031798	-0.031907	-0.016231	0.107964	0.067685	0.066389	-0.009150	-0.057553	0.104820	-0.216121	-0.183589	-0.028298	-0.167248	0.072024	-0.002410	-0.122334	0.105745	0.060086	-0.068084	-0.064742	-0.102534	0.124809	0.160058	0.254106	0.118513	-0.011289	-0.194983	-0.034635	0.085873	0.013461	0.090787	-0.259702	-0.015910	-0.119915	-0.032678	0.051518	0.032973	-0.102946	0.049505	0.181706	0.064880	-0.003263	0.141091	0.181062	0.086307	0.023229	-0.209996	-0.084647	0.007034	-0.231582	0.029112	0.167586	-0.059900	-0.146454	0.064058	0.058517	0.241914	0.013628	0.041335	0.021937	-0.035366	-0.130737	0.054977	0.053309	-0.217071	-0.056048	-0.157485	-0.130004	0.099455	-0.106182	-0.017087	0.096281	-0.012560	0.020407	0.043418	0.009274	0.053054	-0.063827	-0.054275	-0.026514	0.038012	-0.018663	0.026449	-0.085522	0.003910	0.112021	0.042559	0.067510	0.056195	-0.005939	-0.088965	0.007252	0.122129	-0.110916	-0.053651	-0.092490	0.000912	0.132941	0.108201	0.077566	-0.143870	0.014478	-0.018473	0.002745	0.023232	0.075441	-0.086085	-0.131033
chr3:27548402-27550000	0.453201	1.009325	0.041406	0.199078	-0.071110	0.311950	-0.042242	0.136419	-0.310963	0.165769	0.062584	0.008074	0.170335	0.012222	-0.041046	0.122231	0.191653	-0.071652	0.070901	-0.176128	0.023556	0.117703	0.025777	-0.000183	-0.052128	-0.020897	0.014462	0.005863	0.118668	0.195333	0.148620	-0.097136	-0.264231	-0.050204	0.066538	0.055498	-0.156730	-0.001997	-0.085161	-0.222830	0.121586	-0.174645	0.125536	0.133707	-0.098273	0.273047	-0.049820	-0.007345	-0.165067	0.195547	-0.002512	0.114178	0.008056	-0.094798	-0.130361	-0.122049	0.053343	-0.064938	0.037084	-0.012650	-0.056261	-0.225775	-0.122838	0.094273	-0.056761	0.102212	-0.126475	0.080114	-0.124635	-0.041878	0.038658	-0.025550	0.098931	0.158254	-0.049750	0.063354	0.112675	-0.025237	-0.102140	-0.131505	0.148671	-0.116185	0.289419	-0.057054	-0.026993	0.127789	-0.050219	0.255946	0.072287	-0.228655	0.000939	-0.107725	0.072585	-0.063583	0.060188	-0.176888	0.124188	-0.103475	0.227928	0.115710	0.075174	-0.054127	0.125419	-0.085838	-0.008201	0.242241	0.167940	0.026103	0.139411	-0.045581	0.058309	-0.067498	-0.021695	0.095704	0.113443	-0.179415	-0.121671	-0.066907	-0.001550	0.120060	-0.133274	-0.057660	0.007153	0.083778	0.162227	0.101518	0.217668	0.039681
chrX:857558-858158	-2.291314	-0.598960	0.123663	-0.300297	-0.142498	0.193781	0.469940	-0.341101	-0.200406	-0.265699	-0.100493	-0.087200	-0.117027	-0.178294	0.043068	0.360149	0.206570	-0.021769	-0.212089	-0.087724	-0.020660	0.152259	-0.028898	0.013798	-0.013030	0.033508	-0.157987	-0.260109	0.112591	-0.094001	-0.000190	0.144750	0.026078	-0.051538	0.081441	0.030996	0.306843	0.153141	0.244718	-0.171702	0.209598	0.106403	0.175200	-0.021794	0.151461	-0.232003	-0.024739	0.242237	-0.044388	0.246163	0.045350	-0.151718	0.166849	-0.032182	-0.192416	-0.153525	-0.067066	0.113076	-0.165012	0.055065	0.155496	-0.039146	0.080739	0.165208	-0.175423	-0.375827	-0.034429	-0.252114	0.103737	0.068172	-0.028976	-0.099157	0.056117	0.099572	0.174212	-0.155237	0.154614	0.031589	-0.042719	0.243900	-0.125615	-0.080189	-0.085716	-0.016168	-0.254367	0.207751	-0.231608	0.129076	0.163056	-0.113834	0.147122	0.277614	0.168729	0.086797	0.070664	-0.033930	-0.166640	-0.143949	0.039958	0.001041	-0.052491	-0.162386	0.231948	0.184730	-0.046437	-0.095881	0.053303	-0.115841	0.080747	-0.007900	-0.034357	-0.015158	0.115512	0.100466	-0.046010	0.087776	0.124171	-0.115938	0.025044	-0.285397	-0.216873	0.139446	0.048059	-0.002311	-0.020348	-0.033229	-0.265250	-0.014932
chr1:192534107-192536107	0.453663	-0.811415	0.233808	0.106612	0.224171	-0.098603	-0.082897	-0.255263	-0.062011	0.060898	-0.013398	0.120764	0.060405	-0.018483	0.063367	0.133469	-0.141607	0.084667	0.026194	0.213277	0.012847	0.031796	0.004285	0.036551	0.057679	0.059252	0.134488	0.117308	0.029806	-0.103885	-0.056175	0.082208	0.027833	-0.064924	0.035853	0.227012	0.084264	0.204922	0.017405	-0.024571	-0.073718	0.050655	0.103681	0.114134	-0.136422	0.048353	-0.008849	-0.029355	-0.032426	-0.004518	-0.055222	0.072053	-0.096168	-0.007898	-0.116780	0.107733	0.077362	0.078277	-0.146303	-0.040137	-0.151981	-0.106298	-0.005319	-0.129129	-0.108599	-0.071600	0.013914	-0.049305	0.033915	0.002281	0.018418	-0.073663	0.106924	-0.046699	0.076334	-0.022952	-0.113514	-0.120012	0.031942	0.279504	-0.052569	-0.057603	-0.032734	0.052782	0.029890	-0.033268	0.117262	0.027325	-0.163932	-0.082618	-0.098093	0.069899	-0.033993	-0.030514	-0.041745	0.147715	-0.002774	0.090559	0.003605	-0.160423	-0.031602	-0.007124	-0.084579	0.230906	0.080835	-0.069516	0.206747	0.053582	-0.033241	-0.104279	-0.149268	0.054976	-0.036524	-0.031823	0.022347	-0.023336	0.017426	0.016473	-0.153393	-0.031909	-0.055941	-0.100973	-0.038957	0.101499	0.235813	-0.018359	0.147597	0.049279
chr10:23507363-23509363	0.664814	0.921887	0.305667	0.110147	-0.316152	0.126964	-1.232546	0.001738	-0.460392	-0.360869	0.852723	-0.679535	0.115642	0.284809	-0.022629	-0.365888	-0.141377	0.012496	0.158563	-0.055781	0.008128	0.011588	-0.019897	0.079973	-0.077869	0.148244	-0.061073	0.001184	-0.100165	0.021610	-0.189843	0.100728	0.002599	0.051857	-0.033391	0.006485	0.037005	0.082835	0.039260	0.050068	0.058228	0.047129	0.039318	0.022623	0.016825	0.031384	0.038549	0.001195	0.010957	0.043684	0.030724	-0.011651	-0.011381	-0.008785	0.070702	0.060301	-0.039360	-0.015649	-0.037652	-0.022290	-0.053863	0.011235	0.025629	-0.006638	-0.014061	-0.115955	-0.054085	-0.015131	0.017806	-0.020326	-0.023893	0.131227	-0.011464	-0.023385	-0.012622	-0.061608	-0.017397	0.005678	0.053919	-0.046241	0.030000	-0.034180	0.053172	0.048233	0.030888	-0.006534	-0.014826	0.065251	-0.022783	-0.007695	-0.011961	0.045573	0.025111	0.007555	-0.061659	0.026783	-0.004656	0.055922	-0.023031	0.021225	0.019450	0.029338	0.031553	-0.040954	0.041631	-0.014923	-0.003618	-0.032891	0.001595	-0.032463	0.022262	-0.029766	0.039893	0.030079	-0.033800	-0.019436	0.023324	0.000643	0.001999	-0.019654	-0.042260	0.002283	0.008278	0.075587	-0.037915	0.013871	-0.017074	0.004556
chr10:23507446-23509446	0.740110	1.628025	0.221768	0.182969	-0.142313	0.064350	-1.238559	0.014089	-0.463969	-0.349978	0.819699	-0.624564	0.136091	0.297172	-0.080236	-0.284514	-0.138205	0.014021	0.170682	-0.030223	0.029006	0.028301	-0.023527	0.089110	-0.125375	0.122891	-0.063828	-0.008860	-0.076922	-0.003592	-0.227774	0.147308	-0.012162	0.020562	-0.048395	-0.062564	0.082734	0.041539	0.082231	0.028429	0.095898	0.026877	0.031393	0.001819	0.007121	0.029441	0.044654	-0.066639	0.043652	0.077335	0.029493	0.033232	0.047202	-0.037127	0.031856	0.042109	-0.080598	-0.046465	-0.063351	0.007333	-0.038332	0.015819	0.060815	-0.022445	0.011875	-0.088240	-0.042635	-0.018796	0.012313	-0.018628	-0.033991	0.062217	-0.043403	-0.013192	-0.046272	-0.031346	-0.062362	-0.041025	0.063287	-0.021833	0.021738	-0.051548	0.031798	0.000722	-0.005469	0.000818	-0.025831	-0.002907	-0.057519	-0.060237	-0.006856	0.037044	-0.020003	0.059778	-0.029377	0.009341	-0.064572	0.040849	-0.040712	-0.008165	0.036292	0.017108	0.061059	0.008084	0.032952	-0.002902	-0.066486	-0.066038	0.012575	-0.030149	0.024917	-0.061714	-0.022632	0.048746	-0.044790	-0.039251	-0.053990	-0.003910	-0.020110	-0.047298	-0.016614	-0.021658	0.019312	0.051743	0.012923	0.028178	-0.008585	0.024159
chr9:89720602-89726000	0.678137	-0.030068	-0.230840	0.084321	-0.009159	-0.208308	0.052719	0.079731	0.007686	-0.083935	-0.071821	-0.036538	0.061875	0.107948	0.120437	-0.319762	0.254276	-0.087549	0.002546	0.012145	0.026282	0.080721	-0.005736	0.063781	-0.042109	0.077521	-0.043996	-0.038639	0.181663	-0.062302	0.164929	0.027158	-0.096517	0.075591	-0.106635	0.043067	-0.207276	-0.110055	-0.143636	0.054208	0.226742	0.231161	0.133847	-0.185947	-0.078128	-0.068833	0.005250	-0.051300	-0.016909	-0.106346	0.010423	-0.048835	-0.092269	0.048980	0.084889	0.041925	0.087005	-0.005426	0.182694	0.040278	-0.120336	0.059211	0.081558	-0.016071	0.088476	0.153841	-0.120932	0.068667	0.038877	-0.090499	0.011650	0.129057	-0.013945	0.107113	-0.151337	0.003918	-0.087395	-0.087358	-0.023134	0.015882	0.077347	-0.078161	0.015750	-0.081289	-0.049498	0.111937	0.248850	0.111985	0.105820	-0.097804	0.019248	0.016136	-0.134197	0.036304	-0.012878	0.026699	-0.104108	0.051935	-0.090926	-0.121719	-0.060824	-0.008658	0.060600	-0.103541	-0.150404	-0.174117	-0.025866	-0.117502	0.028703	0.102524	-0.086789	0.024268	0.047780	0.070083	-0.104868	0.068877	0.090948	-0.044264	0.000667	0.057445	-0.016538	0.027548	-0.016517	-0.110375	-0.006086	-0.023275	0.035909	-0.046812
chr6:31523802-31532000	0.835172	0.362249	-0.068747	0.156959	-0.332382	-0.351286	0.065203	-0.009380	0.074408	-0.076456	0.027301	0.208591	-0.157619	0.141543	0.033525	0.028726	-0.052774	-0.201387	0.069769	0.011890	0.067900	-0.090686	0.006306	0.033150	-0.078025	-0.103352	0.091275	0.191945	0.191699	-0.035785	0.017530	0.057872	-0.047036	-0.041941	0.220991	0.053635	-0.075253	0.121627	-0.019841	0.279303	0.069836	-0.056081	0.068758	0.211513	-0.074828	-0.013464	0.060897	-0.063615	0.059408	-0.031962	-0.060794	-0.166906	-0.076343	0.035980	-0.172633	-0.051414	0.004698	0.108493	0.043800	-0.108459	-0.076532	0.076127	-0.054547	-0.153860	0.011789	-0.041835	-0.192181	0.035531	0.076320	0.020775	0.060376	-0.022550	0.157637	0.008498	-0.151535	0.063607	0.005526	-0.104126	0.129167	0.105994	0.151202	-0.084719	-0.028552	-0.016891	-0.061827	-0.080539	0.228751	-0.073820	-0.126353	-0.127381	-0.051932	0.135803	0.123809	-0.031203	0.173286	-0.158322	-0.044841	-0.078454	-0.080672	0.005116	0.079315	0.066833	-0.067040	-0.009675	-0.035067	-0.013790	0.072754	0.098009	-0.063332	-0.043831	0.087380	-0.038743	-0.072035	-0.021572	-0.118266	-0.041130	0.030065	-0.116122	0.011675	-0.143973	-0.034631	0.131251	-0.207174	0.048632	0.143771	0.003070	-0.152260	-0.054895
chr6:163211578-163213578	0.783340	0.195780	0.328789	0.022715	0.063217	0.178100	0.131448	-0.115658	0.222892	0.047739	0.291502	0.165897	0.068675	0.106411	-0.153481	0.044087	0.118660	-0.012047	-0.005451	0.171496	0.216690	-0.508037	0.138024	-0.028060	0.142169	0.001499	0.052864	0.029467	-0.099062	0.130765	-0.092633	-0.132273	0.078862	0.093545	-0.462478	0.204505	0.095103	-0.162222	0.044536	0.111373	-0.019323	-0.133154	-0.068508	-0.155300	-0.026805	0.015130	0.142305	0.022511	0.115995	0.209613	0.016835	0.150041	-0.093738	-0.298763	-0.035033	0.099507	-0.126808	-0.067730	0.067437	0.119977	-0.006294	-0.164368	0.101234	0.011192	-0.031187	0.012004	-0.108544	-0.235523	-0.085186	0.051419	-0.052245	-0.044020	-0.083003	-0.096282	-0.024267	-0.046858	0.021126	0.189302	0.342557	-0.039278	-0.024217	-0.075700	0.029402	0.187204	-0.012236	-0.003534	-0.009226	-0.000590	-0.067284	0.029620	0.143144	-0.120858	-0.019939	0.050033	-0.180403	0.000138	-0.042472	-0.174302	-0.086056	-0.166595	-0.004836	0.040548	-0.033443	0.066700	-0.066926	0.098446	-0.059025	-0.049572	-0.002151	0.056948	-0.038038	-0.116177	0.243667	-0.097644	-0.065792	-0.021177	0.046721	0.076631	-0.020431	-0.036561	0.019429	0.122429	-0.114617	0.110588	0.041447	0.043928	0.056140	0.045350
chr6:163211465-163213465	0.830896	0.216957	0.417768	0.106309	0.073750	0.374272	0.224565	-0.009942	0.297620	0.037007	0.346216	0.248504	0.093271	0.116788	-0.240148	0.045231	0.107736	0.123731	0.098394	0.141873	0.211065	-0.447459	0.055562	-0.025327	0.114208	-0.036461	0.085508	0.048254	-0.103359	0.098348	-0.079466	-0.153882	0.121600	0.084752	-0.453495	0.141793	0.066384	-0.048182	-0.027946	0.150259	-0.030211	-0.156713	-0.053095	-0.139788	-0.072361	0.090098	0.099277	0.034423	0.050786	0.184817	0.015851	0.205692	-0.066784	-0.200620	-0.004821	0.060307	-0.108354	-0.051554	0.057311	0.065499	-0.043055	-0.139353	0.086854	0.014933	-0.010948	-0.028612	-0.089464	-0.245853	-0.091431	0.023172	-0.107557	-0.104671	-0.091756	-0.028785	-0.061774	0.004403	0.010880	0.172050	0.372684	-0.013798	-0.051050	-0.039837	-0.006536	0.170797	0.008681	0.005913	-0.069016	0.046964	-0.128793	0.014983	0.197269	-0.127524	-0.039547	0.066714	-0.139836	0.011784	-0.050352	-0.074949	-0.103580	-0.147632	-0.067384	0.106415	-0.049404	0.067913	-0.133572	0.045826	-0.114669	-0.014742	0.085205	0.045088	-0.046588	-0.224446	0.207557	-0.089363	-0.038652	0.017520	0.082866	0.072673	-0.032710	-0.051871	0.039533	0.075744	-0.138795	0.055417	0.036591	0.097806	0.098127	0.034785
chr5:134769599-134772144	0.750328	0.582165	0.170380	0.284137	-0.670399	0.019815	0.343964	-0.035429	0.148095	0.165474	0.106991	0.054470	0.041805	-0.099694	0.219389	-0.021231	0.090152	0.026756	-0.097612	-0.031548	-0.002863	0.055675	-0.117121	0.057878	0.025798	-0.230018	0.017808	0.038844	0.133562	-0.190214	0.116968	0.029183	0.030123	-0.012098	-0.010367	0.129565	-0.065575	0.072045	0.064167	-0.028925	0.046553	-0.033769	-0.090350	0.191627	0.148750	0.094053	-0.044772	0.122167	0.035504	0.119940	0.185093	-0.033031	-0.032577	-0.010815	-0.068100	-0.042470	-0.082836	0.010821	-0.164897	0.196407	0.028314	-0.126463	0.056226	0.134883	-0.048128	-0.308802	-0.132356	-0.156958	0.159270	0.017562	0.090394	-0.017274	-0.061539	0.112352	-0.212754	-0.116837	-0.061285	-0.125183	0.122776	-0.246679	0.064858	0.006552	-0.218747	0.007560	0.117009	-0.170664	-0.064761	0.037790	-0.053154	-0.113400	0.034513	0.063676	-0.006676	-0.067993	0.054008	-0.014715	-0.009086	-0.088490	0.015991	-0.076005	0.212702	0.032681	0.012684	-0.037337	0.068371	0.068857	-0.094534	0.018822	-0.106302	0.077394	-0.126352	-0.007750	-0.029642	-0.193733	-0.085440	-0.082844	0.087781	0.014051	0.059262	0.010869	0.131414	0.058654	0.029002	-0.042918	-0.100439	-0.103945	0.009842	0.012079
chr7:156583562-156584711	-0.229563	-0.317551	0.153313	-0.225062	0.360778	0.483217	0.209206	-0.112153	-0.005811	-0.027345	-0.041432	-0.496312	0.297192	-0.301235	-0.024351	-0.036742	-0.103459	0.038805	0.350032	0.262019	-0.179910	-0.199598	-0.354956	0.036052	0.108468	-0.018185	0.310122	-0.233397	-0.073547	0.029513	0.347808	0.063439	0.406690	-0.353071	0.118395	-0.201949	0.345546	-0.090798	0.320189	-0.058518	-0.339953	-0.020440	-0.030483	-0.132003	-0.140648	-0.145313	0.045672	0.123848	0.131039	-0.126050	0.022588	0.015473	0.063877	-0.174130	-0.093257	0.030035	-0.113312	-0.110035	0.190863	0.036171	-0.191196	0.024917	0.078513	-0.117661	0.044048	0.114237	-0.038224	-0.173447	-0.172135	-0.012017	0.084750	-0.002343	0.102019	-0.133916	0.227551	0.000780	0.021403	-0.142802	0.017599	-0.022015	0.005775	0.018467	0.098551	-0.037197	0.093031	-0.162917	-0.057838	-0.052293	-0.041554	-0.018358	-0.057842	0.062410	0.049895	-0.082689	0.096277	0.002417	0.048248	0.017931	-0.071568	0.002986	-0.022449	-0.033003	-0.051993	0.089235	-0.023677	-0.210830	0.084490	-0.029571	-0.078583	-0.070378	0.049573	0.015475	-0.146093	-0.065724	-0.038664	-0.023530	-0.032373	0.017248	-0.006216	-0.022279	-0.019749	0.010272	-0.149100	0.026670	-0.033866	-0.036820	0.084246	-0.045143
chr7:156583402-156584600	-0.334225	-1.208168	0.187775	-0.220285	0.221082	0.401877	0.098725	-0.149715	-0.006885	-0.047600	-0.035224	-0.423196	0.307080	-0.252773	0.018422	-0.032790	0.007620	0.011559	0.347937	0.256827	-0.176988	-0.123606	-0.384954	-0.077764	0.049985	-0.018391	0.193266	-0.309763	-0.136884	0.048953	0.318296	0.065193	0.323007	-0.301314	0.099470	-0.116775	0.277856	-0.111048	0.385491	-0.066503	-0.320729	0.012546	-0.106491	-0.119326	-0.210469	-0.095212	0.085654	0.066799	0.063692	-0.189991	0.034191	-0.045157	0.107524	-0.135376	-0.011238	0.014990	-0.155903	-0.062840	0.212023	0.114566	-0.240253	0.001634	0.160015	-0.099656	-0.146016	0.048118	0.033415	-0.199502	-0.217794	-0.006764	-0.062250	0.044967	0.103455	-0.015706	0.148014	0.149028	0.061612	-0.070215	0.038598	-0.014978	0.051421	0.007755	-0.016963	-0.034639	0.131880	-0.238202	0.007935	-0.072917	-0.048844	-0.122304	-0.084697	0.043971	0.053204	-0.100453	0.147352	0.084054	0.072251	0.118101	-0.018949	0.003623	-0.065799	-0.051441	-0.166865	0.065911	-0.041576	-0.217592	0.100631	-0.038148	-0.017866	-0.102158	-0.044905	-0.027497	-0.169855	-0.044069	-0.081549	-0.116235	-0.063839	-0.045774	0.071473	-0.168226	-0.013904	0.017492	-0.171168	-0.029973	-0.043965	-0.008540	0.060990	-0.089730
chr7:96357368-96357928	-1.492115	0.291187	0.177273	-0.090167	-0.170262	0.136422	0.131078	-0.104193	-0.031806	0.341466	0.081369	-0.001447	-0.133222	0.248563	-0.367952	-0.200432	-0.230419	-0.186781	-0.117381	-0.102101	0.145343	0.147727	0.002114	0.141010	0.030176	0.072301	0.155214	0.015551	0.220314	0.138637	0.298137	-0.039505	0.048010	0.347334	-0.202626	0.027293	0.163511	0.215587	0.104625	-0.067985	-0.121186	-0.008218	0.100348	-0.088046	0.099236	-0.244655	0.050846	-0.120508	-0.144359	-0.280088	0.017893	0.059222	-0.174375	0.103827	0.242243	-0.156837	0.228728	-0.019755	0.022517	-0.134059	0.131969	0.040451	0.042610	0.079207	0.001747	-0.129193	0.128346	0.248747	-0.033050	-0.002032	-0.059031	-0.015787	0.189398	-0.282269	0.071867	-0.014898	-0.079079	-0.156809	0.185659	0.109991	-0.188261	0.067972	0.320649	-0.047124	0.254282	-0.111929	-0.032241	-0.202921	0.143968	-0.006783	0.094838	0.082387	-0.108243	0.063009	0.273300	0.197854	-0.159690	-0.216736	0.081026	0.118596	-0.135374	-0.036531	0.132512	-0.025340	0.045902	0.073759	-0.079712	-0.185792	0.097817	-0.046337	-0.080650	-0.386284	0.023534	-0.022377	0.078670	0.065265	0.061945	-0.167327	-0.043592	0.205751	0.078382	-0.173515	0.087741	-0.173715	-0.086548	0.062317	0.079841	-0.020302
chr8:129168000-129190017	1.000048	0.680633	0.076326	0.261762	0.045950	0.019779	0.153034	0.059898	-0.161818	-0.286152	0.054881	0.151899	-0.034095	-0.148425	-0.062764	-0.019912	-0.045769	-0.194410	-0.058163	-0.030919	-0.176217	-0.023219	0.127691	0.036907	-0.013310	-0.062816	-0.017344	0.275271	-0.178673	-0.140766	-0.102919	-0.097884	-0.031156	0.252595	-0.002287	-0.042817	-0.101185	-0.068068	-0.039563	0.111209	-0.036674	-0.059490	0.098665	-0.088080	-0.020490	-0.049647	0.009701	0.072115	-0.125899	-0.114527	-0.001168	0.003932	0.052740	0.050355	0.079186	0.147698	0.118145	-0.201371	0.054331	0.202185	-0.165573	-0.021651	0.186311	0.039087	0.092583	-0.175249	0.056063	-0.054477	0.087704	0.014724	-0.104038	0.075494	-0.146591	-0.100022	-0.115095	0.051745	0.147956	-0.076835	0.062316	0.013405	-0.107749	0.130986	-0.023833	-0.068820	-0.023217	0.115703	-0.059167	-0.018647	0.046867	-0.117697	0.021024	0.117494	0.093472	0.062536	0.066519	-0.157624	0.069257	0.001203	-0.068301	-0.074769	0.101463	-0.126738	0.123843	-0.014483	-0.059589	-0.071664	0.069831	-0.090841	-0.074590	-0.103711	0.207960	-0.007211	0.193674	0.067737	-0.028700	0.065067	0.079231	0.053947	0.166085	-0.053763	-0.119076	-0.062073	0.068036	-0.006406	-0.059462	0.041228	-0.015210	-0.091727
chr1:115299152-115301153	0.179382	-1.529051	-0.118953	-0.148499	0.380523	0.090512	-0.086003	-0.278837	0.080810	0.266990	-0.048000	-0.043517	0.195649	0.205605	0.001466	-0.116932	0.012693	-0.093979	-0.177100	0.017521	-0.130825	-0.165326	-0.228486	0.172535	0.187975	-0.120236	0.010313	-0.209406	-0.043306	0.056073	-0.003151	0.251319	-0.106562	0.281169	-0.186188	0.206456	-0.111996	0.124116	-0.049599	0.025304	0.010467	-0.022420	-0.214612	0.478786	-0.126576	-0.050629	-0.059111	-0.066217	-0.221715	0.060193	-0.005108	-0.152982	0.102169	-0.259717	-0.065817	0.015193	-0.099322	-0.065882	-0.178306	0.023296	-0.168473	0.035539	0.072645	0.100391	-0.038421	0.109257	-0.104178	0.092769	0.142740	0.070175	-0.002987	0.208810	-0.174764	0.011509	-0.034682	0.018279	0.080401	-0.218495	0.021494	0.069733	0.046853	0.122080	-0.081386	0.073008	-0.027818	-0.138240	0.173102	0.111200	0.031660	-0.016850	0.181649	-0.145550	-0.151192	-0.021072	-0.098898	-0.216514	0.040891	0.052251	0.107114	0.041196	-0.065811	0.100573	0.162030	0.078303	0.101521	-0.198781	-0.048439	-0.097413	-0.023320	0.030953	-0.056416	0.021024	0.064797	0.061341	-0.006279	-0.059323	-0.038378	0.014137	0.096317	-0.107898	0.000745	-0.068696	0.019516	-0.097153	0.065882	0.023157	0.033987	-0.115640
chr1:115299224-115301225	0.255458	-1.045287	-0.073097	-0.113398	0.383566	0.366131	0.083505	-0.079650	0.071507	0.152136	-0.038301	-0.085349	0.135797	0.142787	-0.072258	-0.194134	0.035641	-0.136073	-0.214061	-0.048100	-0.114066	-0.232030	-0.306919	0.157990	0.136613	-0.108908	0.013225	-0.181725	-0.077596	0.055759	-0.001141	0.176810	-0.088758	0.257110	-0.213990	0.147766	-0.065536	0.049841	-0.069363	-0.026918	-0.011020	0.034712	-0.144981	0.506170	-0.134421	0.018554	-0.071826	-0.028136	-0.158091	0.042628	0.040124	-0.081255	0.051803	-0.297313	-0.007891	0.011589	-0.137353	-0.029002	-0.158228	0.040545	-0.125588	0.014968	0.082162	0.111886	0.002025	0.087761	-0.108626	0.092869	0.158059	0.051945	-0.021840	0.253763	-0.175692	0.002584	-0.014150	-0.004342	0.099323	-0.144601	-0.036533	0.023296	-0.009067	0.164767	-0.128693	0.033115	-0.064077	-0.124416	0.200729	0.022824	-0.027440	-0.062520	0.106624	-0.194569	-0.180516	-0.073838	-0.074371	-0.212809	0.093875	0.057018	0.087607	0.033301	-0.096603	0.075155	0.230248	0.076762	0.138917	-0.216261	-0.049294	-0.039286	0.028905	-0.049166	-0.052040	0.032503	0.089124	0.073720	-0.009950	-0.018041	-0.025859	0.051976	0.093738	-0.105375	0.062199	-0.046284	0.022524	-0.152910	0.113194	0.022970	-0.045841	-0.119663
chr13:47127005-47129006	0.429583	0.058260	0.208394	-0.069762	0.200855	0.058801	-0.075908	-0.079535	-0.239903	0.056235	-0.074330	-0.022160	-0.195618	0.070774	0.083111	0.011376	-0.099608	0.005754	-0.012771	-0.108336	0.105530	0.029687	0.101891	0.046523	-0.045405	-0.190013	0.012366	-0.088292	-0.113469	-0.012050	-0.081232	0.111157	-0.138028	-0.047845	-0.060345	-0.123983	-0.023190	-0.025342	-0.224001	0.031905	0.016313	-0.089811	0.128723	0.002803	-0.081684	0.147900	-0.138390	0.100408	0.055431	0.059470	-0.136388	-0.108529	-0.074107	-0.019743	-0.004404	-0.167870	-0.179700	0.197139	0.011672	0.001119	-0.005274	-0.058709	0.030712	0.070431	-0.061015	-0.028421	0.028005	0.009389	-0.145411	-0.161859	0.111809	0.068342	0.060197	0.059667	-0.140101	-0.032794	-0.074251	0.062341	-0.095740	-0.065712	0.071228	-0.089336	-0.080976	0.003690	-0.073074	-0.009454	-0.033380	0.096228	0.105769	0.102570	0.001555	-0.142318	-0.000536	0.097792	-0.023460	0.049341	0.003687	-0.095711	-0.031554	0.045041	0.047541	0.033401	-0.083027	-0.030684	0.156712	0.125800	0.078578	0.024644	0.000509	-0.110027	-0.193886	0.060757	0.003453	0.023581	-0.030807	0.003798	0.095038	-0.100452	-0.188713	0.033232	0.097731	-0.026898	0.067641	-0.094517	-0.028600	-0.028217	0.068430	0.083670
chr13:48668002-48668200	-3.717366	0.588251	0.481975	-0.625998	0.205661	-0.309793	0.230845	0.084667	-0.081256	-0.048889	0.039094	0.049550	-0.001938	0.305110	-0.446153	-0.354878	0.031403	0.130750	-0.207273	-0.135934	-0.005184	-0.193866	-0.266791	0.197009	-0.114645	0.366231	0.278183	-0.115132	0.138740	0.055339	-0.056535	-0.265339	0.248526	-0.266487	0.092612	0.007203	-0.211174	0.174133	-0.035153	-0.009194	0.224313	-0.008004	0.137876	0.135396	0.131979	-0.002653	-0.447108	-0.137807	0.069810	-0.144469	-0.405534	-0.004424	0.260512	-0.045936	-0.030424	-0.366979	-0.079067	-0.253974	0.064272	0.067239	0.091245	0.361087	0.108323	-0.408358	0.100521	0.120582	0.095187	0.192731	-0.057243	-0.155847	-0.146351	0.165583	-0.002812	0.234664	0.155487	-0.309434	0.274717	0.001210	-0.262758	-0.149947	0.020985	0.107883	0.143568	0.021500	-0.018049	-0.152824	-0.181119	0.138962	-0.117790	-0.265266	0.130596	-0.061616	-0.131283	-0.137414	0.152710	-0.009953	-0.054699	-0.251544	0.012788	-0.049519	-0.066893	0.030347	-0.069751	0.022582	-0.026586	0.131750	0.268435	-0.110217	-0.028174	0.023820	0.083998	0.029328	0.070573	0.060399	0.142408	-0.066559	0.132393	0.345538	0.029871	0.052447	-0.040773	0.051880	-0.031420	-0.060539	-0.140523	-0.055662	0.196975	-0.122986
chr13:48669202-48669600	-1.386756	1.984228	0.456562	-0.029637	0.040083	0.588609	-0.213143	-0.244419	0.044372	0.325276	-0.142428	0.164325	-0.288709	0.117116	0.190984	0.163523	-0.163826	-0.110423	0.015786	0.284956	0.092141	0.302304	0.119361	-0.041923	0.364675	0.150031	0.331597	-0.294865	-0.067062	-0.275799	0.137217	-0.179330	-0.102433	0.131211	-0.346893	-0.144487	-0.083884	0.116294	-0.001231	-0.028354	-0.347318	0.018398	0.070229	-0.215201	-0.010939	0.080399	-0.096204	-0.205057	0.282776	-0.375986	-0.070099	-0.224362	-0.000365	-0.045443	0.100859	-0.006965	-0.034969	0.020144	0.014221	-0.162590	-0.286938	-0.005432	0.114171	-0.114948	-0.392454	0.149206	-0.116391	-0.079653	0.091772	-0.146553	-0.009209	0.140945	0.293258	0.038856	-0.161230	-0.158488	0.077235	0.025222	0.124129	0.033227	0.124321	0.032996	-0.099234	0.120025	-0.192205	-0.094677	-0.144518	0.182110	0.053423	-0.079744	-0.181268	-0.061541	0.077599	0.166736	-0.017449	0.143374	0.124217	-0.137938	-0.201832	0.066936	0.093488	-0.141277	0.109601	0.059513	0.225458	0.077269	0.031584	-0.100926	0.100519	-0.061769	0.041155	-0.006664	0.005674	-0.054713	-0.039903	-0.117128	0.049872	0.080243	-0.092452	-0.009204	-0.089974	-0.128988	0.001932	0.016243	0.158582	0.012695	-0.000816	0.186123
chr13:49057802-49083400	0.848722	0.231898	0.138505	0.068569	-0.277820	-0.175357	0.096778	-0.049973	-0.211474	0.047538	0.023065	0.080308	-0.016126	-0.141116	-0.200444	0.033660	-0.079910	-0.035197	-0.111776	0.029911	-0.093360	-0.175186	0.089382	-0.165094	0.032294	-0.042147	-0.000593	0.057337	-0.042340	0.061270	0.031582	0.006616	-0.056038	0.032502	0.044579	-0.013287	-0.112511	-0.106736	-0.049861	-0.195902	-0.115247	-0.057849	-0.082071	0.086907	0.174205	-0.007019	0.100531	-0.092754	0.045660	0.007949	0.032315	-0.099519	0.035075	0.015018	0.004031	-0.027501	0.030124	-0.165078	-0.039241	-0.102591	0.105974	0.059624	0.121705	-0.102695	-0.020364	-0.002557	-0.076732	-0.247491	-0.148430	-0.150038	-0.119492	-0.016516	0.015035	-0.123893	-0.096436	0.130054	-0.167950	-0.143140	-0.069684	-0.027786	-0.105115	-0.159181	-0.080830	0.023880	0.129174	0.152166	-0.091236	0.083248	-0.042119	-0.055042	0.010150	0.094422	-0.232446	-0.141212	-0.023947	-0.046219	-0.061018	-0.042983	-0.167766	-0.227145	-0.012596	-0.008082	-0.049420	-0.228302	0.041620	-0.244002	0.034206	-0.068312	-0.025765	0.105597	0.055300	0.109568	-0.037985	0.065997	0.024774	0.127217	-0.044019	-0.035084	-0.020259	0.075066	0.028279	0.073166	0.021897	-0.129476	-0.040526	0.133383	-0.068363	0.002898
chr13:50655563-50657564	0.138106	-1.589319	0.285413	-0.105949	0.085748	0.218235	0.047490	-0.091980	0.097270	-0.138484	-0.016404	-0.282322	0.133396	-0.064647	0.129364	0.198650	-0.050068	-0.097951	-0.113676	-0.067571	0.060868	-0.054171	-0.074599	0.028180	0.082082	-0.228845	-0.047565	-0.063976	-0.150601	0.016784	0.087184	-0.120482	0.092735	0.001283	-0.066645	-0.087675	-0.009208	-0.000611	0.112310	0.080933	-0.033392	0.110682	-0.110448	0.111772	-0.013089	0.056172	0.104877	0.021878	0.186107	-0.161078	-0.002104	-0.191309	0.007058	0.104059	0.038800	-0.042960	-0.026124	0.118465	0.196730	-0.023192	-0.125371	0.093770	-0.071301	0.159351	-0.163503	-0.135078	-0.027278	-0.209831	-0.027360	-0.255225	0.023635	-0.298862	0.007188	-0.000147	-0.112253	0.074742	0.046083	0.112462	-0.003516	0.050673	-0.100745	0.043045	-0.050319	-0.109985	0.076852	0.093650	0.025174	0.014822	-0.072428	-0.014633	0.158946	0.000698	-0.035923	-0.030559	0.173038	0.003037	-0.075331	-0.035358	0.151464	0.124174	0.029014	-0.081206	0.164672	-0.118167	0.068846	-0.019122	-0.015001	-0.091063	0.030931	-0.124419	0.072456	-0.113803	-0.054646	-0.019355	-0.064621	0.022979	-0.075270	-0.004445	0.182656	-0.171682	0.137062	0.114694	0.123635	0.073845	-0.017692	0.032585	0.116840	0.099161
chr17:6918802-6938800	0.495077	-1.328286	0.156033	0.074835	-0.135588	0.090474	0.095483	0.202408	-0.045081	-0.073386	0.091593	-0.076032	0.041208	-0.045164	-0.022372	-0.085062	0.009067	-0.166613	-0.022571	0.187855	-0.174269	-0.211247	-0.040079	0.084770	0.130588	-0.052718	0.007649	0.015244	0.140647	0.204693	-0.132836	0.009893	0.022561	-0.020749	-0.067655	-0.337359	0.167312	0.047126	-0.201070	-0.104677	-0.023724	-0.026955	-0.150247	0.220346	0.014848	0.046922	-0.094095	-0.255736	0.037289	0.148032	-0.007732	0.104723	-0.052786	0.233083	0.024869	-0.155542	-0.079871	-0.013513	-0.022016	-0.029326	-0.053541	0.005301	0.025479	0.187557	-0.111664	0.203635	-0.017312	-0.038400	0.002458	-0.019033	0.149841	-0.208879	-0.100115	0.035467	-0.094016	-0.038086	-0.041663	0.047142	-0.011855	0.005572	-0.022089	-0.013003	0.183747	-0.073817	0.023964	-0.116914	-0.037119	-0.035163	-0.049154	0.087438	0.116178	-0.012041	0.046419	0.055011	0.020559	0.084320	-0.002254	-0.099631	0.005610	-0.012810	0.037096	-0.043034	0.109503	0.041369	0.031659	0.253889	-0.105786	-0.037810	-0.132858	-0.079826	-0.083800	0.048163	0.018850	0.051809	0.006785	-0.054022	-0.065406	-0.064380	-0.206117	-0.044654	0.168651	-0.019501	-0.040072	0.023349	-0.062294	0.050950	-0.138878	-0.005286
chr17:6938213-6940214	-0.014652	0.682816	-0.193279	0.004308	0.376022	-0.224463	-0.125622	-0.082333	-0.083210	-0.056970	-0.055209	-0.013308	-0.165980	-0.208787	0.068664	-0.023612	0.158584	0.010301	-0.039584	0.013096	-0.237272	0.144051	0.276745	0.003071	0.103884	0.174588	0.205960	-0.042635	-0.103999	0.072810	0.265327	0.128352	0.287522	0.035443	0.310141	0.082767	0.286807	0.006547	0.009621	-0.092470	0.009310	-0.120765	-0.042362	-0.089497	-0.160004	0.180261	-0.158988	0.102288	-0.010130	-0.068060	0.067111	-0.209280	-0.195739	-0.059230	-0.152158	-0.024805	-0.096771	-0.053386	0.051888	0.088790	0.178792	0.014529	-0.091009	0.002281	-0.245519	-0.044349	0.109162	0.035425	0.105152	-0.104640	-0.089918	-0.084230	-0.184265	0.013720	0.090021	-0.030574	-0.010399	-0.020824	-0.115268	-0.250063	-0.240872	0.149800	0.064995	0.049350	0.047969	0.201449	0.073385	0.036888	0.114620	0.064507	0.022136	-0.092041	0.039797	-0.041149	0.108373	-0.021639	-0.106992	0.090066	-0.030969	0.027644	-0.079649	0.007266	-0.147452	0.079210	-0.082270	0.175482	0.103505	-0.181378	-0.200782	-0.091780	0.016734	0.078902	0.025749	0.023656	-0.143860	-0.194141	-0.180808	-0.068020	-0.016904	-0.003666	-0.102270	0.146674	0.046412	-0.076068	-0.061683	0.113964	-0.141214	0.073703
chr17:8021402-8024200	0.473683	-0.717574	-0.040436	0.127964	-0.180136	-0.188923	0.225216	0.008963	-0.123593	-0.089306	0.112400	0.028691	0.076025	0.092272	0.039660	-0.076267	0.052070	-0.063807	-0.010442	-0.100380	-0.080705	0.060036	0.011656	-0.039848	0.061641	0.100684	0.045621	-0.038403	-0.088192	-0.048505	-0.063978	-0.068839	0.047435	0.258351	0.052782	-0.160997	-0.016766	0.245429	0.127736	-0.053669	0.024692	-0.097306	0.248516	-0.016828	0.057343	-0.026805	0.021643	0.005825	0.061202	0.102174	-0.130952	-0.006672	0.126094	0.117559	-0.071522	0.014461	0.112001	0.015472	0.132072	0.154594	-0.083668	-0.044869	-0.069348	-0.043506	0.099971	0.075925	-0.085798	-0.079981	-0.132366	-0.035459	-0.088316	0.044834	-0.019837	0.004290	-0.105136	0.112698	0.016144	-0.089019	-0.039365	-0.064483	0.038524	0.043741	-0.070492	0.048721	-0.029396	-0.170731	-0.128387	0.104039	0.030170	0.184125	-0.093514	-0.123189	0.002047	0.083243	-0.097540	0.036368	-0.005965	-0.130504	-0.204206	0.114012	0.178422	0.083555	0.041948	-0.059946	-0.213436	-0.064234	0.020651	0.000669	0.045290	0.157341	0.014427	-0.028625	-0.126214	-0.071221	-0.110401	0.114236	0.101936	-0.012749	-0.029483	0.037512	0.000181	-0.130618	-0.184938	0.144233	0.032642	-0.033072	0.174981	-0.087710
chr17:8025793-8027794	0.235163	-1.008918	-0.024944	-0.111919	0.114781	-0.078453	-0.069389	-0.042402	0.024316	0.251692	-0.183833	0.109409	-0.021894	0.329797	-0.239384	0.060167	-0.047533	-0.018249	-0.099262	0.044134	0.141877	0.064272	-0.097783	0.010354	0.161436	-0.091445	0.120257	-0.018304	-0.072781	0.112090	-0.038202	-0.250545	0.046534	0.010049	-0.035622	0.144281	-0.005619	-0.022037	0.017984	0.283441	-0.106080	0.179508	-0.065043	-0.131561	-0.013835	-0.005074	-0.120626	-0.096210	-0.007549	-0.003093	0.012057	0.086556	-0.000860	0.097257	-0.025995	0.031667	-0.114488	0.015342	0.097775	-0.065866	0.022473	-0.198470	-0.020430	-0.019346	-0.109445	-0.065228	0.061547	0.007500	-0.022335	0.122633	0.034017	0.048886	0.034677	0.065287	0.073942	0.039633	0.079164	0.144572	0.033735	-0.085864	0.007475	0.051450	0.088944	0.127742	0.141215	0.003562	-0.148044	0.143558	-0.057431	-0.027512	0.001515	0.027294	-0.086883	0.113511	-0.008615	0.093498	-0.151877	-0.019788	-0.011094	-0.048803	-0.039650	0.079024	0.037347	0.066911	0.033197	-0.012799	-0.098458	-0.066747	0.058668	-0.032545	-0.019003	-0.245530	0.134323	0.025091	0.019233	-0.137278	0.013240	-0.101904	-0.192269	0.079849	-0.023394	-0.053635	-0.077007	0.135853	-0.211302	0.118567	-0.249778	0.074476
chr3:179168002-179170003	0.433840	0.069416	0.321255	-0.095727	0.288660	-0.240257	-0.237439	-0.087242	0.029701	0.193112	-0.182136	0.008481	0.101407	-0.089900	0.184424	0.041379	0.103566	-0.054359	-0.025736	-0.190563	0.208519	-0.155495	0.187214	0.013131	-0.358608	-0.082190	-0.106586	0.095654	-0.000641	-0.019986	-0.083196	0.165784	-0.216586	-0.135905	-0.132391	0.108185	0.214452	0.009258	-0.163580	0.135137	0.082706	0.131492	0.093490	0.087362	-0.104219	-0.097112	0.112274	0.147268	0.117459	0.016346	-0.043756	-0.160311	-0.006889	0.049231	0.308387	0.067402	-0.044856	0.042591	-0.079533	0.106261	0.166255	0.018467	0.138366	-0.122872	-0.151304	0.084316	0.072741	0.063502	-0.088736	0.139197	-0.193818	-0.227593	0.134644	0.102743	0.185046	-0.036091	-0.125617	-0.199382	-0.036071	-0.055093	-0.017795	-0.023813	-0.010914	-0.013807	-0.047742	-0.088035	-0.123159	0.234665	0.067038	0.186318	-0.055586	-0.017284	0.023363	0.105830	0.033564	-0.124397	-0.033843	-0.080550	0.094630	-0.146078	-0.023192	-0.069659	-0.008255	0.140794	0.018793	-0.035937	0.053148	0.002539	-0.068506	0.058065	-0.088527	-0.171736	0.042235	0.099952	0.171172	-0.138774	0.149381	-0.051875	-0.009133	-0.100190	-0.055364	-0.137620	0.012374	-0.138428	0.100654	0.033082	0.081867	-0.088007
chr3:179168300-179170301	0.687308	0.669109	0.494740	0.065783	0.297342	0.257646	0.093345	0.225202	0.089739	0.078011	-0.011889	-0.143778	0.081654	-0.260196	0.159306	0.055289	0.136842	0.018744	-0.000660	-0.203188	0.108591	-0.224241	0.013225	-0.004006	-0.327563	-0.044709	-0.125936	0.060985	-0.010888	0.103016	-0.098757	0.200710	-0.278402	-0.286063	-0.147106	0.162509	0.194042	-0.085760	-0.089951	0.189935	0.149759	0.129140	0.130371	0.037174	0.020843	-0.169763	0.062419	-0.058757	0.064924	0.083772	-0.146239	-0.237232	0.068705	0.083675	0.219678	0.166569	-0.032959	0.028368	-0.129243	-0.002629	0.053264	-0.062576	0.189125	-0.077790	-0.222439	0.107755	0.031795	-0.021914	-0.099023	0.124597	-0.180872	-0.115960	0.088202	0.217113	0.127269	0.029028	-0.010226	-0.124571	0.115139	-0.027003	0.052805	0.050503	0.013628	-0.121076	-0.072686	-0.012390	-0.050738	0.163212	0.060618	0.202418	0.007162	0.125844	0.046820	0.048166	-0.007486	-0.113161	-0.100901	-0.165341	0.012365	-0.094068	-0.072900	-0.129580	-0.002680	-0.018523	0.180107	-0.002573	0.067361	-0.133928	0.042381	0.107156	-0.083211	-0.144701	-0.046461	-0.033865	0.193019	-0.111000	0.067974	-0.038963	-0.004385	-0.051624	-0.070040	-0.187384	0.014069	-0.172019	0.059481	0.079001	0.016066	-0.072916
chr3:179169402-179173800	0.911937	-0.062186	0.450196	0.090325	-0.086012	-0.168501	-0.058712	0.065488	-0.127177	-0.197272	-0.293529	-0.140093	0.078545	-0.000073	0.028157	0.098694	0.120357	0.120925	0.133431	-0.121532	-0.209638	-0.242307	0.027943	0.045664	-0.038294	0.035288	0.036230	-0.103415	0.079668	-0.078776	-0.041250	-0.007511	-0.241395	-0.150633	-0.034646	0.293234	0.066216	0.002213	0.079442	0.033598	0.054670	0.183974	-0.043754	-0.074476	0.096869	-0.143910	0.205381	0.137707	0.198043	-0.016866	-0.169216	-0.001845	-0.059390	-0.200759	0.059797	-0.026374	0.043886	-0.173172	-0.109843	-0.056978	0.263651	0.083780	-0.037634	-0.144575	-0.019468	-0.054070	0.074773	0.052028	-0.030422	0.133636	0.044539	-0.163346	-0.055309	-0.159656	0.083798	-0.002901	-0.029857	0.121615	0.151164	-0.061421	-0.022291	0.017538	0.096906	-0.068807	-0.060835	-0.033541	-0.061357	-0.012384	-0.180590	0.164895	0.127100	-0.003132	-0.041745	-0.107217	-0.009408	-0.084447	-0.034083	0.190973	0.015649	0.143019	0.121994	0.007574	0.090452	0.063504	0.016783	0.002712	0.081787	-0.069719	0.033056	-0.160809	-0.191147	0.096688	0.017073	0.050074	0.004657	-0.213780	0.042268	0.037879	-0.186545	0.008306	0.032394	-0.173908	-0.037652	-0.144246	0.073205	0.108892	-0.025169	0.077279
chr7:115953802-115959400	1.008778	1.208783	0.368834	0.116255	0.569284	-0.263398	0.218741	0.306301	0.012396	0.074391	-0.012341	-0.051562	0.009954	-0.034212	-0.015881	-0.136389	0.017539	0.011009	-0.020288	-0.022519	-0.197467	-0.068472	-0.033956	0.067642	0.067641	0.025961	-0.154216	0.158510	0.040726	0.119631	0.094091	-0.086973	-0.088428	0.012840	-0.130302	-0.010190	-0.038102	0.031504	0.038359	0.075091	0.089384	0.121932	0.074909	0.128362	-0.168687	-0.091157	0.049681	0.014269	-0.068467	-0.038623	-0.082504	0.052916	0.116466	-0.206062	-0.027925	0.067139	-0.038228	-0.077615	0.161304	0.040866	-0.057841	0.029390	0.030475	-0.047332	-0.025176	0.118581	0.189032	0.102871	-0.049821	-0.125029	0.205679	-0.036624	0.070114	-0.003985	0.191801	-0.129905	-0.076407	-0.051595	-0.063010	0.095671	-0.110686	0.112180	0.163486	-0.157497	-0.112137	0.108224	-0.059139	0.124567	-0.019514	0.094685	-0.058158	0.027542	-0.112537	0.028327	0.010641	0.127200	0.249992	-0.025206	-0.082154	-0.062640	-0.092710	-0.064697	-0.161024	-0.015301	-0.037639	-0.091983	0.020064	-0.049282	-0.027079	0.087377	0.025232	0.128571	-0.023994	-0.063251	0.026539	0.087169	0.137579	-0.047691	0.045005	-0.043823	-0.078747	-0.069563	-0.005374	0.067252	0.041551	-0.047186	-0.082174	-0.033060
chr7:115990202-115999400	0.884415	0.659283	0.243626	0.015442	-0.324754	-0.020432	0.164592	-0.276002	-0.132378	-0.463799	-0.386171	0.047580	0.164675	0.081868	-0.168693	0.036737	0.042855	0.078799	0.278559	0.104528	-0.066208	0.051543	0.112726	0.168759	0.035272	0.161133	-0.082861	0.012206	0.006690	0.063482	0.049468	0.219116	-0.129068	-0.063456	-0.029375	-0.125259	-0.183836	-0.140093	0.039216	-0.078551	-0.066780	0.053509	0.229209	0.047069	-0.056058	0.110023	0.093282	0.023748	0.040574	-0.104132	0.043180	0.169857	-0.169842	0.046070	-0.017344	-0.199473	0.021942	-0.114677	0.090985	-0.249223	-0.093573	0.094454	-0.104783	-0.284095	-0.034419	0.026200	-0.039707	-0.095412	0.087094	-0.091249	0.010151	0.032128	0.033425	-0.195172	0.059668	0.096670	-0.045862	-0.171639	0.049918	0.026206	0.010193	-0.050401	0.026335	0.042920	-0.032232	-0.169352	-0.063093	-0.003602	-0.078748	0.127720	0.165561	-0.016205	-0.002413	0.054424	-0.100858	-0.098200	-0.021894	-0.151445	0.081640	0.100683	-0.076620	-0.062653	-0.079216	-0.074693	-0.026380	0.082617	-0.070796	0.118985	-0.074110	-0.016237	0.017865	-0.005314	-0.214051	-0.160632	0.079529	0.022476	-0.063866	0.092511	-0.001138	-0.122079	-0.056902	0.046442	0.057182	-0.101717	0.110076	0.066180	-0.153554	-0.125185
chr7:116311444-116313445	0.612446	0.039026	0.207669	-0.015111	0.140904	0.100944	0.037280	-0.205285	0.321599	0.077863	0.190617	-0.158020	-0.316112	-0.054472	-0.297975	0.073461	0.073154	0.181454	0.214073	-0.119053	0.154256	-0.161157	0.070627	-0.256687	-0.005753	0.213651	0.241584	-0.123589	-0.605341	0.235535	0.000553	0.143279	0.168571	-0.140766	0.032155	0.085953	-0.151557	-0.009548	0.115384	-0.065588	0.088709	0.051136	0.151835	0.036421	0.207775	-0.136657	-0.293902	0.052034	-0.081691	-0.115614	0.217276	-0.090398	-0.045563	0.200783	0.149235	-0.090564	0.142294	0.025071	-0.138234	0.183784	0.193469	0.128208	0.117071	-0.056740	-0.081448	-0.000046	0.026879	0.289630	0.117012	-0.066638	0.367602	-0.034273	0.026039	0.006712	0.032149	0.213314	-0.160084	-0.018245	0.095006	0.101792	0.097099	-0.139634	-0.041336	0.047656	-0.009120	0.138429	-0.037014	0.019242	0.100334	0.184388	0.084901	-0.146014	-0.088286	-0.096326	0.032478	0.047849	0.014205	0.090046	0.080326	0.024250	0.212940	-0.090346	0.037959	0.073859	0.152027	0.099773	0.146143	-0.065876	-0.070422	0.017065	0.114777	0.021557	-0.093414	-0.157069	0.092208	-0.097311	-0.251070	-0.113767	0.050509	0.006440	-0.081441	0.129939	0.022718	-0.012085	0.064510	-0.001204	0.004863	-0.059341
chr7:116311573-116313574	0.612377	0.048375	0.187481	-0.057075	0.137266	-0.128800	-0.096285	-0.407782	0.237313	0.127951	0.172914	-0.079069	-0.195267	-0.002741	-0.222979	0.085077	0.043369	0.199029	0.126344	-0.086162	0.173766	-0.147531	0.028785	-0.165093	0.025482	0.267342	0.294600	-0.075403	-0.688747	0.265740	0.079916	0.136947	0.123568	-0.188316	0.046413	0.031678	-0.178597	0.023471	0.155008	-0.082179	0.122570	0.046037	0.131789	-0.039400	0.264870	-0.165972	-0.358290	-0.000493	-0.157821	-0.158523	0.203843	-0.074017	-0.042796	0.157668	0.123433	-0.023032	0.104213	0.009346	-0.083643	0.248526	0.173727	0.103907	0.060923	-0.086043	-0.069621	-0.064369	0.032066	0.329122	0.157501	-0.080473	0.317982	-0.066290	-0.047246	0.017324	0.037132	0.243516	-0.151383	0.033296	-0.005334	0.154797	0.048512	-0.068044	-0.028354	0.095940	-0.071983	0.082606	-0.080950	0.057497	0.121399	0.114047	0.121691	-0.223298	-0.063353	-0.011978	-0.023525	-0.009151	-0.004864	0.032373	0.064511	-0.013101	0.188339	-0.085573	-0.047219	0.017268	0.117070	0.079211	0.027770	-0.004213	-0.050022	0.022136	0.089932	-0.002678	-0.080835	-0.109525	0.103863	-0.028131	-0.227640	-0.068130	0.044362	-0.043120	-0.120915	0.131685	0.062668	-0.009186	-0.007613	0.043838	0.009668	-0.106873
chr7:116313202-116315800	0.643873	-0.879060	-0.197336	-0.103439	0.166840	-0.243347	0.056106	0.144227	0.001586	-0.059611	-0.197823	-0.081701	0.112954	-0.066104	0.182541	-0.150843	-0.057880	0.086057	-0.145389	-0.137031	0.124589	0.220816	-0.014727	0.068536	0.179356	0.052598	-0.177560	-0.019036	0.085538	0.184304	0.029617	0.077448	-0.111155	0.132269	-0.218195	0.124404	0.082851	0.148766	0.048998	-0.161724	-0.132621	-0.053678	0.086848	-0.054594	-0.045561	-0.175559	-0.138302	-0.056189	-0.056730	-0.040944	0.199658	0.024877	-0.015348	-0.188911	-0.039508	-0.009795	0.001702	-0.027058	0.004010	-0.102113	-0.159483	-0.076339	-0.185369	-0.062394	-0.009818	0.274718	-0.144325	-0.061129	0.038406	-0.105891	0.193490	-0.142260	-0.063995	-0.084507	-0.172347	-0.022623	-0.019470	0.092152	0.067435	-0.120108	-0.097324	-0.094209	-0.046032	0.095645	0.077273	-0.098827	-0.057933	-0.015887	0.093620	-0.141835	-0.004042	0.039403	-0.036397	-0.178894	0.113901	-0.042559	-0.022433	0.083607	-0.052637	0.023282	-0.017436	0.015426	-0.080620	0.073585	0.061883	0.000449	0.026504	-0.041756	-0.153364	-0.060758	-0.163675	0.075843	-0.033976	-0.092942	0.043683	0.064496	-0.104480	-0.037331	-0.015282	-0.031039	-0.142419	0.061389	0.006910	0.049548	-0.108700	-0.053618	0.083772	0.078896
chr7:116905202-116912200	0.824154	0.125645	0.284049	0.057576	0.361842	-0.349432	0.075687	0.343494	0.024835	-0.019144	-0.024533	-0.006292	0.034475	-0.001618	-0.011808	-0.102227	0.302194	0.020631	-0.016744	-0.262197	-0.004579	-0.002582	-0.103566	0.076477	-0.020815	-0.012998	0.038299	-0.021590	0.049785	0.075922	0.178781	-0.106233	-0.093943	0.067552	0.064554	0.134310	0.010509	0.123879	0.010561	-0.139858	-0.049519	-0.064439	0.069952	0.083002	-0.053016	0.050220	0.060078	-0.082479	0.096766	-0.083612	-0.030517	0.112190	0.079270	0.003180	0.095600	-0.115214	0.039674	-0.077890	-0.178526	-0.060900	0.135058	-0.027574	-0.195148	0.050911	0.074569	-0.085705	0.130681	0.082673	0.054136	0.020933	0.073800	0.204718	-0.037989	-0.124683	-0.135653	0.017625	0.058301	-0.149479	0.034021	0.060473	0.093991	-0.128277	0.105817	0.089384	-0.017976	0.041288	0.086256	0.034480	0.021694	-0.108427	0.078792	-0.043027	-0.013716	-0.018642	-0.126379	0.063456	-0.030039	0.072623	0.042686	-0.001803	-0.114626	-0.076345	-0.001644	-0.059177	0.136710	-0.058742	-0.035773	-0.018054	0.106406	-0.055554	0.055532	-0.042890	-0.116518	0.194898	0.138727	0.056703	0.006622	-0.105992	0.072423	0.029851	-0.125947	-0.123943	0.120790	-0.106981	-0.181952	0.028008	0.044034	0.036298
chr7:139691202-139698800	0.571591	-0.998548	0.024364	-0.085527	-0.086358	-0.146275	0.093959	0.232100	0.170627	-0.274684	0.014281	0.046842	-0.236761	-0.006134	0.010472	0.008477	-0.019758	0.150682	0.085343	0.051117	0.096226	-0.038401	-0.123089	0.058036	0.127737	0.086616	-0.031880	0.093345	-0.020628	0.082074	0.037868	0.137608	-0.253832	-0.023802	-0.008071	0.027587	0.038775	-0.084324	-0.058728	-0.007436	-0.185794	-0.159988	-0.106976	-0.095882	0.151195	-0.028890	0.021935	0.020648	-0.114335	-0.020857	-0.113187	-0.145057	0.022649	-0.099371	-0.040253	-0.039847	-0.121208	-0.076346	-0.118660	-0.081499	0.048966	0.016822	-0.095994	-0.094309	-0.087079	-0.068522	0.072109	0.087294	-0.029935	-0.060458	0.028678	0.120022	-0.140714	-0.081269	-0.039619	0.208532	-0.015299	-0.111492	-0.076460	-0.182082	-0.156937	0.159559	0.018577	0.105661	-0.224111	-0.043589	-0.027029	0.223701	0.046253	0.044327	0.196493	-0.052711	-0.057423	-0.063988	0.079088	-0.071555	0.044135	0.029446	0.198793	-0.082151	0.139133	-0.090409	-0.019126	-0.025630	-0.086611	0.065006	-0.115536	-0.037713	0.136842	-0.036595	-0.020658	0.055252	-0.045942	-0.140020	0.110746	-0.088500	0.023956	0.065497	-0.036882	-0.085798	0.057876	-0.062893	0.111414	-0.011175	-0.114684	-0.001328	0.088512	0.046071
chr7:140845002-140846200	0.314524	0.481110	0.457419	0.250035	-0.516363	0.427683	0.278515	-0.099302	-0.097511	-0.009699	-0.084047	-0.045100	-0.144967	-0.283666	-0.202217	0.092435	0.013304	-0.122329	-0.072512	0.020754	0.303331	-0.240624	0.163562	-0.195191	0.046354	0.100768	-0.122713	0.071347	0.048127	-0.030480	-0.156765	0.013049	-0.296355	-0.025806	0.042051	-0.012509	-0.125952	-0.023356	0.067985	0.048456	-0.056706	0.036699	-0.088767	-0.108313	-0.079080	0.047669	-0.143116	0.003207	-0.043726	-0.089643	-0.171866	0.011866	0.142551	-0.027010	0.031349	-0.017830	-0.085883	0.085262	-0.107420	-0.303719	-0.007576	-0.028358	0.109747	-0.121996	-0.046980	-0.020799	-0.083820	0.136870	-0.090243	-0.172424	0.070827	0.089435	-0.250702	-0.032738	0.342665	-0.077575	-0.063958	0.008835	-0.255800	0.146935	0.174684	0.022287	-0.039938	0.199335	0.029784	-0.057128	-0.172038	-0.077313	0.025889	-0.029048	0.032840	0.019566	-0.037114	0.194156	0.008163	0.014856	-0.046607	0.131641	0.091607	0.095438	0.080701	-0.009588	-0.140528	0.026424	0.038063	-0.075411	-0.031740	0.015046	-0.011157	-0.256854	0.030441	-0.060020	-0.153164	-0.053351	0.106834	-0.013261	0.079334	-0.051344	-0.068975	0.195601	-0.003200	0.070860	-0.194020	-0.042217	-0.058339	0.011950	0.093931	-0.103735
chr7:55088002-55103400	0.781121	0.562749	-0.114917	0.036978	0.199564	-0.450545	0.036682	-0.085796	0.013335	-0.082248	0.120451	-0.057788	0.174666	-0.012438	-0.046846	-0.077065	-0.007296	0.016184	-0.191439	-0.011501	0.211310	-0.100439	0.084757	0.011425	0.085569	-0.095153	0.024228	0.095712	0.131085	0.065723	0.215108	-0.045675	0.073750	0.207508	-0.031247	0.146091	-0.092026	-0.063896	-0.082800	0.298625	-0.020605	-0.145724	-0.044056	0.133156	0.279473	-0.054367	-0.113632	0.002803	-0.096766	0.241703	0.240581	-0.043653	0.076280	-0.005715	0.101145	-0.087107	0.149346	-0.184721	-0.066901	-0.110289	-0.167101	-0.010567	0.156675	-0.144472	-0.164414	0.030635	0.012148	0.098191	0.065639	0.146252	-0.005946	-0.139176	0.032410	0.049090	0.180772	0.077095	0.074398	-0.054325	-0.056608	-0.033789	-0.006848	0.017240	-0.149336	-0.012804	0.064778	0.154530	0.017437	0.019544	0.050490	0.057011	-0.150385	0.036541	-0.061996	0.152837	-0.006034	0.085226	0.074285	0.094695	-0.098848	0.063183	0.047556	-0.082344	0.067015	0.017852	-0.096993	0.018314	-0.076899	0.004541	0.026536	0.050108	-0.158116	-0.194708	0.036108	0.118099	-0.071696	-0.253186	0.041065	0.032868	-0.095001	0.120314	-0.081872	-0.132352	-0.180745	0.037503	-0.001607	0.043620	-0.065334	0.028092
chr7:55322402-55323200	-0.319246	0.819661	0.624161	0.167820	-0.064360	0.660907	-0.070545	-0.282506	-0.038036	0.032631	-0.197662	0.096173	-0.252883	0.065700	0.126825	0.161293	-0.089080	0.184576	0.287466	0.099284	0.009187	0.001080	-0.071822	-0.104963	-0.203906	0.062727	-0.003033	-0.186350	0.087146	0.219656	-0.080717	-0.122211	-0.078130	0.001685	0.262265	-0.008848	-0.210362	0.064000	-0.044592	-0.144406	0.273473	0.008019	-0.211115	0.202491	0.020329	0.113104	-0.106950	-0.080292	-0.093271	0.069993	0.029659	0.105518	0.092478	0.232556	-0.169357	0.082069	0.012790	0.038453	-0.132588	0.155079	-0.209400	0.046191	-0.035291	0.071360	0.088956	0.140358	0.048165	0.006342	-0.020713	-0.155107	0.245599	-0.241835	-0.076779	0.082997	-0.040532	0.214351	0.046244	-0.020403	0.112224	-0.057582	-0.066043	0.029510	0.044789	0.100591	-0.074290	0.134993	-0.009347	-0.121998	0.076264	-0.023879	-0.119842	0.018739	0.172732	0.154026	0.148193	-0.054496	-0.129711	-0.038461	0.078180	-0.202455	0.069253	-0.009805	-0.132475	0.090257	-0.175255	0.080372	0.107243	0.021907	-0.114287	0.268175	0.038453	0.122723	0.231271	-0.090317	0.025954	-0.094874	0.077211	0.149106	-0.285703	0.124974	-0.256312	0.055900	0.134805	-0.253456	-0.124050	0.109499	0.113255	0.043695
chr8:117777802-117778800	0.250508	2.949293	0.119914	0.117034	-0.007544	0.610088	0.226203	-0.091886	0.159852	-0.271350	0.006674	0.077219	0.111989	-0.180748	-0.121307	0.334329	0.109323	-0.269497	0.061118	-0.178692	-0.044293	0.175657	0.049629	0.054671	0.192483	-0.115211	0.004306	-0.068637	-0.166868	-0.046273	-0.002946	0.073247	0.074484	-0.140184	0.046242	-0.130787	-0.025183	0.283971	0.209482	-0.051907	-0.063726	0.125949	-0.129326	-0.017629	0.078556	0.036606	-0.009190	-0.144486	-0.362962	0.176522	0.127776	-0.250890	0.139014	-0.254434	0.245227	-0.003945	-0.252976	0.261620	0.083166	-0.227040	0.028041	0.209374	-0.139646	0.183942	-0.179447	0.071599	-0.018722	-0.058172	-0.308816	0.177675	0.035472	-0.072290	-0.062949	-0.009459	-0.028512	-0.021657	0.032735	-0.062482	-0.154755	0.049968	0.185559	-0.204501	-0.091303	-0.243578	-0.217308	-0.124187	-0.081647	0.037976	-0.339648	0.177982	0.017068	0.131776	-0.084335	0.111124	0.167874	0.163732	-0.170824	-0.159330	0.034755	-0.034580	-0.143357	0.212230	-0.063935	0.131668	0.101279	0.008728	0.005243	-0.059582	-0.177422	0.087280	0.083095	-0.064446	0.067638	-0.149317	0.072207	-0.026373	0.066852	-0.028317	0.052420	-0.110965	-0.021163	-0.064592	0.041376	0.008518	-0.177382	-0.261064	0.106678	0.021102
chr8:118741002-118750800	0.640623	-0.523419	0.195008	-0.005530	0.163897	-0.032291	0.156231	0.152813	-0.039996	-0.165525	-0.003117	0.030563	-0.105513	0.257557	0.287600	0.087894	-0.050331	0.115290	0.065011	0.155451	0.178489	0.115438	-0.056354	-0.019310	0.002550	0.100281	0.038067	-0.053141	-0.045585	-0.061365	-0.156508	-0.024869	-0.030552	0.046242	-0.090885	-0.212678	0.141593	-0.296978	0.187444	0.119571	0.015354	0.091238	-0.079270	-0.145248	0.062766	-0.069234	-0.191289	-0.149332	-0.066314	0.082404	-0.147713	0.000820	-0.114471	-0.269025	-0.170646	0.115429	-0.142857	0.270742	-0.036669	0.073644	-0.077375	-0.158964	0.044768	-0.028230	0.066204	0.012315	0.024258	-0.020711	-0.140589	-0.065706	-0.070570	-0.005065	0.202093	-0.177069	-0.137281	0.026422	0.002271	-0.223721	-0.117323	0.162153	0.074975	0.036273	0.100224	-0.029373	0.034496	0.029091	0.071943	-0.104802	0.123314	-0.036442	0.021436	-0.076372	0.117744	-0.048769	-0.124945	0.004381	0.039516	-0.010102	0.069061	-0.098092	-0.133268	-0.151622	-0.229756	-0.013366	-0.016188	0.013836	-0.180267	-0.015747	-0.269188	0.050861	-0.066542	-0.033558	-0.076012	0.071880	-0.057315	-0.128053	0.075289	0.012423	-0.077504	0.051047	0.115439	-0.008654	0.007245	0.048557	0.119960	0.073491	0.019141	-0.044633
chr5:1285516-1287516	0.298012	0.035065	-0.016053	-0.023130	-0.397924	0.100948	0.448453	-0.147108	0.037927	-0.170708	0.273621	-0.002905	-0.128399	0.081186	-0.139937	-0.103066	-0.141840	0.025988	0.035755	0.032834	0.138382	-0.259929	0.235144	-0.166168	-0.269822	-0.036674	-0.094459	-0.014165	0.152942	0.098268	0.071502	0.014242	0.122353	-0.088127	0.001543	0.094715	-0.008024	0.099174	0.054905	-0.078421	0.262574	-0.107460	-0.119765	-0.125481	-0.051149	0.020699	0.016942	-0.164303	-0.184999	0.084457	-0.217525	0.035221	-0.000937	0.143248	0.257430	0.082448	-0.074389	0.070090	0.066256	0.000852	-0.263165	0.022639	0.156446	-0.132272	-0.038627	0.104572	0.050897	0.011068	0.138431	0.022882	0.072070	0.151666	0.287813	0.008440	-0.109626	-0.054645	-0.234802	-0.027216	-0.063827	-0.019712	0.182720	-0.057716	-0.115059	0.097420	-0.041565	0.146849	0.094926	-0.030868	0.121743	-0.036539	-0.031282	0.150027	-0.101849	-0.040365	-0.019544	-0.040512	0.088087	0.117398	-0.103602	0.041814	0.009049	-0.162235	0.002684	-0.133747	0.019695	-0.037339	0.018314	0.057305	0.001030	-0.201566	0.017151	-0.082868	0.347472	0.136745	-0.007315	-0.153847	0.017017	-0.002604	0.057291	-0.237865	0.125153	0.005986	0.064559	0.150278	0.093862	0.191585	0.013171	0.059093
chr5:1286194-1288194	0.161450	-0.789342	-0.001292	-0.159156	-0.531636	-0.143916	0.328320	-0.217659	-0.086596	-0.033279	0.103205	0.300745	0.189668	0.107648	-0.403574	-0.087446	-0.140457	-0.110127	-0.026833	0.124963	0.074294	-0.147544	0.148723	-0.115181	-0.225888	-0.123392	-0.150702	-0.214493	0.052195	-0.034111	-0.022325	-0.235261	0.021571	-0.123029	-0.039876	0.062195	-0.208425	0.029515	0.086648	-0.184832	0.291458	0.034004	-0.002003	-0.016163	-0.026449	-0.007522	-0.024448	-0.125916	-0.155137	0.088466	-0.282486	0.006820	0.026981	-0.032157	0.268726	0.042175	-0.150548	0.142619	-0.005554	-0.125428	-0.169062	-0.074068	0.145767	0.111375	-0.070412	0.062238	-0.020647	0.028239	0.015272	-0.083474	0.034464	-0.125590	0.087998	0.114347	-0.034070	0.019388	-0.282980	0.026102	0.011760	0.002078	-0.038145	-0.038855	-0.060985	0.064539	-0.200614	0.195734	0.183981	-0.027526	0.088497	0.036774	-0.082566	0.109400	-0.206201	-0.042553	0.061628	-0.140103	-0.015914	0.121617	0.006132	0.079835	-0.009312	-0.109281	0.000718	-0.057047	0.045638	0.125711	0.029306	-0.011076	0.026663	-0.080401	-0.068887	-0.039957	0.184316	0.042293	-0.120680	-0.143838	0.034648	0.082094	0.006309	-0.105800	0.112177	-0.207427	-0.074375	0.066731	-0.054483	0.109438	0.019956	-0.078211
chr6:31887602-31889600	-0.026559	0.098158	-0.771197	-0.026178	0.117656	-0.025515	0.010787	0.127089	0.030832	-0.121315	-0.295035	0.113124	-0.012790	-0.007819	-0.075359	-0.111294	-0.111678	-0.094809	0.157879	0.098393	0.031645	-0.095770	-0.051771	-0.105560	-0.035246	0.049069	0.139448	0.062672	-0.153750	0.218209	-0.110074	-0.040084	-0.032834	0.033919	-0.072220	0.231154	0.197896	0.017166	-0.196668	0.125761	-0.140028	-0.104191	0.101363	0.079152	0.077372	0.040287	-0.026634	-0.066761	0.128374	-0.118682	-0.004724	0.142343	0.080474	-0.060032	-0.041394	0.006251	0.190648	0.004994	0.007749	0.098942	-0.100285	0.050064	0.087855	-0.060277	0.130627	-0.189023	-0.079642	-0.154164	0.070186	-0.027847	0.039844	0.068380	-0.005971	-0.003227	0.135031	-0.009272	-0.053187	0.109344	0.176329	-0.059347	0.014164	-0.017679	0.083219	0.119441	0.031385	-0.063456	-0.209587	0.165935	0.028908	-0.046914	-0.034688	-0.060364	0.109153	0.118153	0.126396	-0.151952	0.154654	-0.018570	-0.038873	-0.111974	0.155006	0.132123	-0.086448	-0.044473	0.008323	-0.020892	-0.261101	0.140018	0.248763	0.003817	-0.056265	-0.046097	-0.095938	-0.098562	-0.160585	0.269728	0.116575	-0.054297	-0.041871	-0.132679	-0.032829	-0.037267	0.046626	0.018738	0.053851	0.013458	-0.100350	-0.147329
chr6:72091202-72127800	1.196711	1.033111	0.344859	0.171857	0.467413	-0.169187	0.017024	0.295225	-0.196073	-0.104398	-0.106210	-0.009158	-0.096737	-0.104069	-0.180686	-0.184347	-0.066913	0.091145	0.119458	0.020263	-0.313903	-0.002279	0.239710	-0.102491	-0.093002	0.092726	0.067427	-0.133611	0.064412	-0.027095	0.046989	0.043506	0.060214	-0.009330	-0.051110	-0.021773	-0.144497	0.052834	-0.082458	0.090665	-0.140555	0.014311	0.011570	-0.132676	-0.133461	-0.069262	-0.066081	-0.075239	-0.101144	0.342686	0.082720	-0.018009	0.082335	0.153821	-0.034563	-0.057461	-0.082515	-0.054476	-0.118192	0.205297	0.108087	0.043511	-0.077128	0.082298	-0.211007	0.107914	-0.072412	-0.131661	0.061335	0.225242	0.011039	-0.220538	0.075405	-0.093660	0.040072	-0.094093	-0.155756	0.039537	-0.046360	-0.008909	0.199808	-0.093961	0.163129	-0.114276	0.000001	-0.348638	-0.171768	0.130195	0.029677	0.105857	0.102757	0.043678	0.016500	-0.162035	0.090039	0.053462	0.153049	0.025348	-0.059802	-0.167154	0.098909	0.045094	0.109000	0.082203	-0.126642	0.127328	-0.068848	-0.241227	-0.126602	-0.078598	0.182334	-0.021793	0.005924	0.081262	0.029963	-0.041764	0.007974	-0.059188	0.020897	0.005059	0.067429	0.169968	-0.145510	-0.106262	0.084728	0.076688	0.072941	-0.136900
chr1:1098342-1100342	0.166393	0.416798	0.201098	0.104773	-0.116101	0.057678	-0.286398	0.114317	0.029685	-0.191239	0.028642	0.364841	-0.048003	-0.094659	0.006905	0.079883	-0.155130	0.133143	0.108934	0.067408	-0.037745	0.001519	0.061365	-0.109403	-0.375415	0.003211	-0.130561	-0.162727	0.139614	0.217746	-0.010040	-0.119419	0.101227	-0.007704	-0.210636	0.267805	-0.013565	-0.066285	0.120570	-0.020975	0.035536	0.222769	-0.089233	0.056072	0.111308	0.045823	0.199327	0.062779	0.067693	-0.016026	-0.018338	0.156822	0.217271	0.095413	-0.046218	-0.086647	0.177127	0.211299	-0.161037	0.063472	-0.029076	-0.161099	-0.014550	0.048058	0.071135	0.060065	-0.022100	-0.050274	0.189228	-0.278901	-0.002416	0.225633	0.116042	-0.024628	-0.058116	-0.217519	-0.100838	-0.006699	0.023730	-0.238202	-0.095629	-0.238180	0.058702	-0.021515	0.084700	-0.139345	-0.020411	0.091699	0.066945	-0.268280	-0.060211	0.076281	0.063714	-0.117329	0.054423	0.085065	0.048724	-0.088870	0.102797	0.105779	0.008310	-0.145253	0.043844	0.139985	0.144013	-0.118380	0.077920	-0.196942	-0.093257	-0.008017	-0.147145	0.061178	-0.037516	0.207577	-0.015221	0.136205	-0.078363	-0.062330	0.013740	-0.020255	-0.013867	0.225645	-0.142357	0.017820	-0.092514	-0.090598	-0.147528	-0.095114
chr21:10815330-10817330	-9.768649	-0.960918	-0.115358	2.547149	0.197976	-0.118942	-0.034486	0.019605	0.015842	-0.062438	0.018358	0.004959	0.037598	-0.010976	-0.049076	0.015370	0.010248	-0.022463	0.014379	0.021141	-0.000189	-0.016116	0.040447	-0.003027	0.043977	0.006232	-0.007599	-0.012974	-0.016931	0.023312	-0.008003	0.015861	0.013175	-0.020746	-0.011916	-0.008445	-0.025043	-0.002678	-0.001594	0.007414	0.014651	-0.004067	0.003617	-0.008418	0.014288	0.004669	0.001744	0.009975	-0.005974	-0.007086	0.015956	-0.009491	-0.003973	-0.008724	-0.014842	0.013506	-0.018762	0.006841	-0.010059	-0.003569	-0.002224	-0.003056	0.010427	-0.019455	-0.003562	0.011306	0.013354	-0.005767	0.013721	0.020163	-0.001827	0.001249	0.003692	0.000567	-0.007158	0.031057	-0.001547	0.002293	-0.011519	0.010493	-0.000528	-0.016244	0.005709	-0.015018	0.010364	-0.007085	-0.010531	-0.007579	-0.003672	-0.003145	-0.008273	0.007307	0.015147	-0.010859	-0.010159	0.000424	0.001949	-0.004586	0.008136	0.001178	0.003258	0.011576	0.005734	0.002027	0.006038	-0.006679	0.015312	-0.004692	-0.007696	-0.001285	-0.008566	-0.002920	-0.009487	-0.002266	-0.004452	0.006311	0.010623	0.001737	0.000946	-0.004246	0.002693	-0.005218	0.006426	-0.000103	-0.008092	0.013328	-0.005059	0.003141
chr21:10813330-10815330	-0.127879	1.316490	0.279919	0.144363	0.144781	0.059154	-0.047467	-0.158490	-0.320181	-0.268371	-0.125956	0.084253	0.116756	-0.026036	-0.153799	0.007639	0.153426	-0.303658	-0.025707	0.058029	-0.062339	-0.075403	-0.045590	0.211002	-0.023094	-0.141804	-0.143000	-0.318596	0.121967	0.350865	0.021903	0.091558	-0.261545	0.021513	0.127571	-0.046533	0.112974	0.200944	-0.121692	0.155990	-0.129343	0.202367	0.233884	0.089135	-0.026073	0.231437	-0.015758	0.284771	0.275584	-0.218311	0.036805	0.164875	0.072865	-0.154087	0.077513	-0.078182	0.172521	0.014173	0.013651	0.113279	-0.035311	-0.103822	0.112443	0.090187	-0.007645	-0.013804	-0.076481	0.027497	0.167938	0.173346	-0.299586	-0.093153	-0.164439	0.254574	-0.288700	-0.065630	-0.236035	-0.054014	0.042308	0.057743	-0.155108	0.130563	-0.137716	0.107562	0.044961	0.359795	-0.222435	-0.177588	-0.016746	0.100269	0.188448	-0.164334	-0.067874	-0.067825	0.229599	0.005495	0.033618	-0.184038	-0.226508	-0.137249	-0.006206	-0.082968	-0.006824	0.244586	-0.067129	-0.167819	-0.107806	-0.057363	-0.037964	0.188772	0.144557	-0.046334	0.106170	0.032447	0.137154	-0.003013	0.086695	-0.153592	-0.059174	-0.023489	0.126418	-0.114759	0.019327	0.081936	0.070738	0.021441	0.078195	-0.063778
chr21:10832730-10834730	-9.768649	-0.960918	-0.115358	2.547149	0.197976	-0.118942	-0.034486	0.019605	0.015842	-0.062438	0.018358	0.004959	0.037598	-0.010976	-0.049076	0.015370	0.010248	-0.022463	0.014379	0.021141	-0.000189	-0.016116	0.040447	-0.003027	0.043977	0.006232	-0.007599	-0.012974	-0.016931	0.023312	-0.008003	0.015861	0.013175	-0.020746	-0.011916	-0.008445	-0.025043	-0.002678	-0.001594	0.007414	0.014651	-0.004067	0.003617	-0.008418	0.014288	0.004669	0.001744	0.009975	-0.005974	-0.007086	0.015956	-0.009491	-0.003973	-0.008724	-0.014842	0.013506	-0.018762	0.006841	-0.010059	-0.003569	-0.002224	-0.003056	0.010427	-0.019455	-0.003562	0.011306	0.013354	-0.005767	0.013721	0.020163	-0.001827	0.001249	0.003692	0.000567	-0.007158	0.031057	-0.001547	0.002293	-0.011519	0.010493	-0.000528	-0.016244	0.005709	-0.015018	0.010364	-0.007085	-0.010531	-0.007579	-0.003672	-0.003145	-0.008273	0.007307	0.015147	-0.010859	-0.010159	0.000424	0.001949	-0.004586	0.008136	0.001178	0.003258	0.011576	0.005734	0.002027	0.006038	-0.006679	0.015312	-0.004692	-0.007696	-0.001285	-0.008566	-0.002920	-0.009487	-0.002266	-0.004452	0.006311	0.010623	0.001737	0.000946	-0.004246	0.002693	-0.005218	0.006426	-0.000103	-0.008092	0.013328	-0.005059	0.003141
chr21:10851130-10853130	-9.768647	-0.960916	-0.115362	2.547148	0.197980	-0.118943	-0.034487	0.019608	0.015844	-0.062436	0.018360	0.004956	0.037600	-0.010978	-0.049077	0.015372	0.010247	-0.022466	0.014377	0.021139	-0.000192	-0.016112	0.040450	-0.003024	0.043981	0.006233	-0.007597	-0.012971	-0.016934	0.023310	-0.008002	0.015862	0.013174	-0.020749	-0.011919	-0.008447	-0.025043	-0.002677	-0.001590	0.007414	0.014650	-0.004071	0.003617	-0.008414	0.014289	0.004665	0.001745	0.009976	-0.005974	-0.007090	0.015959	-0.009495	-0.003974	-0.008726	-0.014844	0.013503	-0.018768	0.006840	-0.010055	-0.003568	-0.002220	-0.003058	0.010434	-0.019453	-0.003569	0.011309	0.013357	-0.005765	0.013720	0.020160	-0.001826	0.001249	0.003688	0.000567	-0.007161	0.031057	-0.001546	0.002292	-0.011518	0.010493	-0.000530	-0.016241	0.005709	-0.015019	0.010362	-0.007080	-0.010528	-0.007581	-0.003674	-0.003147	-0.008275	0.007307	0.015147	-0.010863	-0.010165	0.000421	0.001945	-0.004581	0.008130	0.001184	0.003253	0.011576	0.005738	0.002027	0.006035	-0.006679	0.015306	-0.004696	-0.007702	-0.001279	-0.008565	-0.002922	-0.009487	-0.002266	-0.004446	0.006312	0.010625	0.001736	0.000949	-0.004249	0.002696	-0.005214	0.006417	-0.000104	-0.008093	0.013333	-0.005054	0.003141
chr21:10818930-10820930	-9.768647	-0.960916	-0.115362	2.547148	0.197980	-0.118943	-0.034487	0.019608	0.015844	-0.062436	0.018360	0.004956	0.037600	-0.010978	-0.049077	0.015372	0.010247	-0.022466	0.014377	0.021139	-0.000192	-0.016112	0.040450	-0.003024	0.043981	0.006233	-0.007597	-0.012971	-0.016934	0.023310	-0.008002	0.015862	0.013174	-0.020749	-0.011919	-0.008447	-0.025043	-0.002677	-0.001590	0.007414	0.014650	-0.004071	0.003617	-0.008414	0.014289	0.004665	0.001745	0.009976	-0.005974	-0.007090	0.015959	-0.009495	-0.003974	-0.008726	-0.014844	0.013503	-0.018768	0.006840	-0.010055	-0.003568	-0.002220	-0.003058	0.010434	-0.019453	-0.003569	0.011309	0.013357	-0.005765	0.013720	0.020160	-0.001826	0.001249	0.003688	0.000567	-0.007161	0.031057	-0.001546	0.002292	-0.011518	0.010493	-0.000530	-0.016241	0.005709	-0.015019	0.010362	-0.007080	-0.010528	-0.007581	-0.003674	-0.003147	-0.008275	0.007307	0.015147	-0.010863	-0.010165	0.000421	0.001945	-0.004581	0.008130	0.001184	0.003253	0.011576	0.005738	0.002027	0.006035	-0.006679	0.015306	-0.004696	-0.007702	-0.001279	-0.008565	-0.002922	-0.009487	-0.002266	-0.004446	0.006312	0.010625	0.001736	0.000949	-0.004249	0.002696	-0.005214	0.006417	-0.000104	-0.008093	0.013333	-0.005054	0.003141
chr21:10795130-10797130	0.476598	1.059231	0.308506	0.000645	-0.063985	0.200132	-0.308083	-0.304039	-0.000220	-0.238797	-0.206430	0.051171	-0.019586	-0.174327	-0.068385	-0.179218	0.121363	0.019794	-0.170506	0.325830	0.021806	-0.342740	-0.239520	0.543369	0.106747	-0.213785	0.152001	-0.324365	0.263947	0.219479	0.027898	-0.069421	0.090224	-0.014277	0.205896	-0.079893	0.190721	-0.076202	-0.098423	0.008334	-0.227462	0.268423	-0.016293	0.002809	0.043464	-0.075093	0.145541	0.360327	-0.022456	-0.239428	0.304894	-0.175563	0.022556	-0.000312	-0.093827	0.045729	-0.053429	0.147426	-0.103173	-0.012907	-0.004717	-0.172672	0.086723	-0.026285	-0.018867	-0.115121	0.164292	0.107009	0.344003	0.040714	0.193282	-0.079796	0.237729	0.106738	0.179321	0.042888	-0.157798	0.042611	-0.163935	0.107813	-0.080274	-0.220701	0.091842	0.075698	-0.227549	-0.093124	0.024186	-0.130156	-0.010935	0.053019	0.039014	-0.190756	0.141076	-0.100601	-0.062705	-0.172300	-0.023033	-0.107336	0.021996	0.054419	-0.060756	0.163367	-0.058145	-0.045941	0.098624	0.002727	0.160812	-0.018532	0.105247	0.311362	0.029186	-0.064418	0.093083	0.088212	0.213094	-0.002970	-0.091034	-0.017544	-0.116627	0.048951	-0.117604	0.019453	0.129898	-0.027004	0.099364	0.009090	-0.045385	-0.072335
chr21:10849330-10851330	-9.768647	-0.960916	-0.115362	2.547148	0.197980	-0.118944	-0.034487	0.019608	0.015844	-0.062436	0.018359	0.004956	0.037600	-0.010978	-0.049077	0.015371	0.010246	-0.022466	0.014377	0.021140	-0.000193	-0.016113	0.040449	-0.003022	0.043981	0.006233	-0.007598	-0.012972	-0.016934	0.023309	-0.008000	0.015862	0.013173	-0.020748	-0.011919	-0.008445	-0.025044	-0.002677	-0.001591	0.007414	0.014651	-0.004070	0.003618	-0.008414	0.014289	0.004665	0.001745	0.009976	-0.005975	-0.007089	0.015959	-0.009495	-0.003973	-0.008723	-0.014845	0.013503	-0.018767	0.006841	-0.010057	-0.003567	-0.002220	-0.003057	0.010435	-0.019451	-0.003571	0.011306	0.013355	-0.005765	0.013721	0.020161	-0.001828	0.001251	0.003688	0.000566	-0.007159	0.031059	-0.001548	0.002291	-0.011517	0.010492	-0.000532	-0.016245	0.005710	-0.015020	0.010362	-0.007078	-0.010527	-0.007580	-0.003675	-0.003148	-0.008277	0.007308	0.015147	-0.010862	-0.010165	0.000421	0.001947	-0.004579	0.008128	0.001184	0.003253	0.011578	0.005737	0.002027	0.006033	-0.006681	0.015307	-0.004696	-0.007702	-0.001276	-0.008567	-0.002921	-0.009489	-0.002267	-0.004448	0.006313	0.010626	0.001735	0.000951	-0.004250	0.002696	-0.005215	0.006418	-0.000105	-0.008094	0.013335	-0.005051	0.003139
chr21:10843930-10845930	-9.768647	-0.960916	-0.115362	2.547148	0.197980	-0.118944	-0.034487	0.019608	0.015844	-0.062436	0.018359	0.004956	0.037600	-0.010978	-0.049077	0.015371	0.010246	-0.022466	0.014377	0.021140	-0.000193	-0.016113	0.040449	-0.003022	0.043981	0.006233	-0.007598	-0.012972	-0.016934	0.023309	-0.008000	0.015862	0.013173	-0.020748	-0.011919	-0.008445	-0.025044	-0.002677	-0.001591	0.007414	0.014651	-0.004070	0.003618	-0.008414	0.014289	0.004665	0.001745	0.009976	-0.005975	-0.007089	0.015959	-0.009495	-0.003973	-0.008723	-0.014845	0.013503	-0.018767	0.006841	-0.010057	-0.003567	-0.002220	-0.003057	0.010435	-0.019451	-0.003571	0.011306	0.013355	-0.005765	0.013721	0.020161	-0.001828	0.001251	0.003688	0.000566	-0.007159	0.031059	-0.001548	0.002291	-0.011517	0.010492	-0.000532	-0.016245	0.005710	-0.015020	0.010362	-0.007078	-0.010527	-0.007580	-0.003675	-0.003148	-0.008277	0.007308	0.015147	-0.010862	-0.010165	0.000421	0.001947	-0.004579	0.008128	0.001184	0.003253	0.011578	0.005737	0.002027	0.006033	-0.006681	0.015307	-0.004696	-0.007702	-0.001276	-0.008567	-0.002921	-0.009489	-0.002267	-0.004448	0.006313	0.010626	0.001735	0.000951	-0.004250	0.002696	-0.005215	0.006418	-0.000105	-0.008094	0.013335	-0.005051	0.003139
chr21:10779730-10781730	0.394798	0.941459	0.322261	-0.010161	-0.361311	0.262637	-0.353753	-0.138202	-0.151685	-0.259787	-0.323134	0.117057	0.109246	-0.043558	0.049511	0.107336	0.139756	-0.387192	-0.179231	-0.156676	-0.058226	-0.319239	-0.173103	0.419831	0.367269	-0.363261	0.071253	-0.108770	0.270211	0.284202	-0.062933	-0.090922	0.083808	-0.153749	0.150377	-0.269816	0.121132	-0.001241	-0.020022	0.168342	-0.076667	0.114472	-0.141563	-0.027474	0.108224	-0.107650	0.139072	0.310674	-0.008432	0.069248	0.149770	-0.349302	-0.073401	-0.083465	-0.049773	-0.022795	0.211732	-0.030077	-0.022941	-0.119276	-0.140715	0.033851	0.090596	-0.239773	0.005387	-0.044664	0.130501	0.187450	0.037359	0.089980	0.174674	0.023246	0.107806	-0.104824	0.151757	0.039434	-0.343248	0.026389	-0.091049	-0.056436	0.023438	-0.142554	-0.297101	-0.058042	-0.058152	0.033044	0.003186	-0.189172	-0.132062	0.040877	-0.082892	0.019280	0.241711	0.077235	-0.066519	0.109879	-0.147845	-0.051589	0.010764	-0.093226	0.182054	0.139952	0.074863	0.034908	0.022381	-0.038240	0.114988	0.073546	0.033702	0.107885	0.080833	0.079044	0.127507	0.181706	0.000606	-0.050869	-0.075962	0.025418	-0.069542	0.122028	-0.025588	-0.123059	0.078584	0.103657	-0.085868	0.032477	-0.036057	0.108607
chr21:10830530-10832530	-9.768649	-0.960918	-0.115358	2.547149	0.197976	-0.118942	-0.034486	0.019605	0.015842	-0.062438	0.018358	0.004959	0.037598	-0.010977	-0.049076	0.015369	0.010248	-0.022463	0.014380	0.021142	-0.000189	-0.016117	0.040447	-0.003027	0.043976	0.006231	-0.007599	-0.012975	-0.016930	0.023312	-0.008002	0.015860	0.013174	-0.020745	-0.011916	-0.008445	-0.025045	-0.002680	-0.001594	0.007414	0.014652	-0.004067	0.003617	-0.008419	0.014288	0.004668	0.001743	0.009976	-0.005974	-0.007085	0.015955	-0.009490	-0.003973	-0.008723	-0.014842	0.013506	-0.018760	0.006840	-0.010059	-0.003569	-0.002224	-0.003056	0.010427	-0.019455	-0.003561	0.011306	0.013355	-0.005767	0.013721	0.020165	-0.001827	0.001251	0.003692	0.000569	-0.007158	0.031056	-0.001549	0.002293	-0.011519	0.010493	-0.000529	-0.016245	0.005710	-0.015018	0.010366	-0.007087	-0.010532	-0.007577	-0.003672	-0.003144	-0.008273	0.007307	0.015146	-0.010858	-0.010159	0.000424	0.001948	-0.004587	0.008136	0.001178	0.003257	0.011576	0.005733	0.002027	0.006037	-0.006681	0.015313	-0.004691	-0.007696	-0.001285	-0.008565	-0.002921	-0.009487	-0.002264	-0.004453	0.006311	0.010622	0.001734	0.000946	-0.004246	0.002695	-0.005221	0.006425	-0.000102	-0.008093	0.013330	-0.005058	0.003140
chr5:142781608-142783608	0.206310	-0.355072	-0.287185	0.020828	-0.031183	0.077039	-0.008240	0.154560	0.110941	0.107149	0.171020	-0.005258	0.036761	0.073382	-0.108472	0.101988	0.263305	-0.176898	-0.183617	0.028159	-0.175383	0.014325	-0.012721	0.078014	-0.046012	-0.191695	-0.169473	-0.028431	-0.149305	0.062132	0.173034	-0.031715	0.012983	-0.019378	0.113435	0.153123	-0.073100	-0.000978	0.072623	-0.131394	0.027173	-0.062175	-0.065395	-0.051351	-0.084210	-0.085828	0.087835	-0.015595	-0.027682	0.091696	-0.164764	0.066303	-0.119453	0.052595	0.074230	-0.018330	-0.130278	0.003750	0.178914	-0.132590	-0.032234	0.012769	-0.078760	0.004263	-0.062478	0.109427	-0.065916	-0.026049	0.086908	0.089357	0.013343	-0.049210	-0.018887	0.093768	0.043710	-0.046851	-0.107915	-0.033247	0.192761	-0.031072	0.171300	-0.021055	0.025952	-0.002920	-0.003098	0.113170	0.018636	0.121952	0.057654	-0.042060	-0.087113	-0.043584	0.058858	0.208948	0.070833	-0.132777	-0.086794	0.142072	-0.021763	0.023145	-0.112405	-0.030538	0.123017	-0.070089	0.029300	0.021588	-0.195974	0.010571	0.078702	-0.011285	0.173771	0.104575	0.154871	-0.118729	0.101815	-0.014477	0.074478	0.029198	0.223551	-0.037106	-0.100456	-0.301646	0.100643	-0.046133	0.079160	0.052770	0.008563	0.056960
chr5:141228417-141230417	1.049158	2.573638	0.240113	0.320396	0.227335	0.037470	-0.105843	-0.134960	-0.186019	-0.244423	0.135840	-0.013570	-0.161907	-0.168675	0.027524	0.044778	0.477014	0.167157	0.096012	-0.046374	-0.064732	0.245894	-0.123427	-0.081292	0.056713	-0.009304	-0.066603	-0.100185	-0.295924	0.067161	0.106487	-0.243014	0.056561	-0.013262	-0.081961	-0.142165	-0.015614	-0.051380	0.067569	-0.069642	-0.144647	0.036809	0.008163	0.166155	0.122392	0.182152	-0.051051	0.097222	-0.301266	-0.192277	0.139286	0.098145	0.143495	0.070315	-0.248010	-0.016231	0.026685	0.048704	-0.014365	-0.100472	-0.027871	-0.202682	-0.120827	0.111414	0.037111	0.110358	-0.044797	0.068140	-0.044530	0.026345	-0.098987	-0.105905	0.028991	0.129196	-0.105605	-0.062009	0.010084	0.136723	-0.020090	0.021092	-0.039379	-0.099414	0.023998	-0.077163	-0.106265	-0.043378	0.225328	-0.035442	-0.015024	0.120079	-0.068905	0.009367	-0.038290	0.192857	0.130568	0.008303	0.035178	0.080871	0.048934	-0.037613	-0.185023	-0.179833	0.129672	0.079939	-0.066584	-0.058486	0.091997	0.110035	0.091908	-0.027896	-0.121420	0.054127	0.001538	-0.011393	-0.054872	0.186518	0.161923	0.060140	-0.060367	0.196516	-0.053530	-0.050341	0.067253	0.035101	-0.029526	0.012751	-0.097829	0.046768
chr1:156468777-156470777	0.531430	0.087773	-0.098654	0.176956	-0.328209	-0.102278	0.013401	-0.150303	0.251285	0.108939	-0.051487	0.026697	-0.123744	0.217619	-0.073705	0.130426	-0.143101	-0.024484	0.058247	0.177165	0.155836	0.007198	0.035161	-0.221166	-0.084845	-0.018083	0.080333	0.100088	0.127583	0.040759	-0.067476	0.131299	-0.092729	0.114211	0.094022	0.048667	0.148910	-0.393645	0.046919	-0.020754	0.080540	-0.048468	0.007710	-0.218480	-0.147507	-0.090759	-0.286085	0.187175	-0.016863	0.013156	0.096610	0.117578	-0.203962	0.243145	0.098541	-0.076607	0.197887	0.177186	-0.061634	0.124639	0.087426	-0.048252	0.153202	0.086381	-0.076198	0.022278	-0.255214	0.071978	0.203631	0.162148	-0.045633	-0.166164	-0.072910	-0.006146	-0.011845	-0.010522	0.057724	0.102404	-0.061505	-0.092624	0.103247	-0.039018	0.136352	-0.078901	0.042520	0.102181	0.088303	0.151242	-0.142858	-0.041050	-0.008441	0.025703	0.006677	0.109439	-0.023447	0.239826	-0.008905	-0.107417	-0.003267	0.024792	-0.161781	0.041984	0.043818	-0.241376	0.073103	-0.120157	0.027325	0.044698	0.092664	-0.077915	0.132435	-0.061563	-0.045330	0.054167	0.194237	0.125487	0.082840	-0.008842	0.012916	-0.086798	-0.093008	0.081752	0.089912	-0.087904	-0.072885	-0.030588	0.003000	-0.081504
chr1:156559977-156561977	0.223323	-0.410535	-0.086528	-0.131260	-0.200420	-0.059445	0.004268	0.011398	0.090933	0.073405	0.067088	-0.070600	-0.280884	0.158841	-0.027321	0.126583	-0.009197	0.082247	0.038763	0.052864	0.111451	0.060830	0.041557	0.018190	0.102734	-0.030511	0.185698	-0.137674	-0.038452	-0.053017	-0.193081	0.126199	0.005684	0.001566	-0.057025	-0.096587	-0.193521	-0.062046	-0.048731	-0.031332	-0.020093	-0.230770	0.171860	-0.000932	0.076926	0.147021	0.161290	0.146811	0.145756	-0.002128	0.174301	-0.028344	-0.037006	0.225544	-0.135093	0.071206	-0.089582	-0.102610	-0.113552	-0.015418	-0.179810	0.036564	0.113569	-0.028759	-0.073496	0.197995	0.009286	0.065562	0.215501	0.092178	-0.073481	-0.107851	-0.238194	0.013197	0.072177	0.140279	0.100624	-0.052692	0.030165	0.041967	0.006367	-0.001846	-0.100697	0.048008	0.057312	-0.062385	0.020340	0.154622	0.242136	-0.093502	0.063391	0.192020	-0.026850	0.094219	0.093480	0.027919	0.155671	-0.096739	0.004625	0.190410	-0.105057	-0.087202	-0.125211	-0.085699	-0.077697	0.024549	-0.046332	0.037300	-0.189172	0.045404	0.037440	0.144508	0.092104	0.157502	0.020079	-0.072951	0.109922	0.094139	0.082342	-0.096604	0.182693	0.079440	-0.057418	0.178984	-0.035186	0.039652	0.024375	-0.123256
chr1:156645520-156645790	-3.420396	-0.685161	0.152611	-0.671594	-0.221594	0.121754	0.193629	0.278076	-0.034548	-0.211895	0.082248	0.073218	-0.000189	-0.185639	0.102345	0.265170	0.138379	-0.162948	0.288006	-0.240120	-0.275178	-0.126883	-0.033289	0.174491	-0.265688	-0.179543	-0.104820	0.250640	-0.213172	-0.011429	0.128064	0.053275	-0.160885	0.035704	0.025649	0.148228	0.020854	0.063073	0.185571	-0.040331	-0.087205	-0.130470	0.279442	-0.006305	0.119751	0.236965	-0.162667	-0.051751	0.007997	0.191270	0.249023	-0.247974	-0.355262	0.036232	0.288125	0.104821	0.117332	-0.034439	-0.057266	-0.095560	0.112481	0.061484	-0.139426	0.107778	-0.153601	0.193355	-0.055953	-0.072521	0.008546	-0.390123	0.025550	0.107008	0.064452	0.188027	0.031872	-0.073943	-0.180673	0.005765	-0.108218	0.278176	-0.039932	0.041287	0.007217	0.163202	0.201178	-0.058814	0.239886	0.206597	0.145185	-0.034289	-0.079421	0.005286	0.075648	0.017656	-0.190894	0.062690	0.208479	-0.157156	-0.131989	0.017635	0.262288	0.082279	-0.140901	0.029379	-0.070301	-0.048396	-0.150733	-0.091816	0.079501	0.100979	0.157313	-0.085689	-0.034719	0.014726	-0.116506	-0.172423	-0.051289	-0.098604	-0.105776	0.128658	0.279091	-0.080250	0.048240	-0.031779	-0.060818	0.027165	-0.074936	0.045265
chr19:45953361-45955361	0.105580	0.112225	-0.338296	-0.005288	0.095984	-0.003495	0.213971	-0.005093	-0.013811	-0.154518	0.057348	0.197622	-0.246710	0.081147	-0.145704	-0.001970	0.212243	0.165837	0.168723	-0.210385	-0.123457	-0.026228	-0.146874	-0.135937	-0.124330	-0.290658	-0.121077	-0.138401	0.113767	0.154112	-0.008737	-0.111938	0.042065	0.013093	0.031557	0.068880	0.023447	0.000471	-0.020053	0.184870	0.092295	0.186088	0.208480	0.020363	0.170387	-0.059274	-0.194596	0.236729	0.126115	0.000829	-0.092412	0.066602	-0.133674	-0.047649	0.101676	0.056351	0.121119	0.113898	-0.168506	-0.074985	-0.130591	-0.103764	0.024126	-0.090342	-0.293570	0.053770	-0.090230	-0.041082	0.007492	0.049080	0.155371	0.002730	-0.038921	-0.073621	-0.059708	-0.094617	-0.099211	-0.027268	0.202713	-0.276497	0.005288	0.017195	-0.011619	0.091735	0.011012	-0.023482	-0.172698	0.060419	0.190682	-0.062599	-0.251983	0.086789	-0.177223	-0.204874	0.080019	0.098553	-0.035260	0.142373	0.014230	0.010264	0.060868	-0.035872	-0.090017	-0.066924	0.046810	-0.012374	0.141306	-0.065858	0.093070	-0.033700	0.003209	-0.186303	-0.004199	-0.035688	-0.000146	-0.095702	-0.038388	-0.023845	0.019025	-0.003784	-0.101448	0.136545	0.041336	-0.010288	-0.057615	-0.052497	-0.118117	0.004830
chr19:45953761-45955761	0.244769	-0.057636	-0.471555	-0.094332	-0.016188	-0.085581	0.075440	-0.337413	0.085559	-0.138347	-0.126302	0.442864	-0.108269	0.102511	-0.159864	-0.034939	0.132440	0.049882	0.118911	-0.024055	-0.119257	0.014424	-0.140876	-0.128807	0.033115	-0.204528	-0.176583	-0.157638	0.111598	0.118799	0.060197	-0.045970	-0.049064	0.060872	-0.005296	0.034014	-0.027219	-0.240158	-0.039902	0.271910	0.012604	0.302275	0.236173	-0.013602	0.063867	-0.045759	0.063066	0.193001	-0.001647	0.018391	0.006952	0.150145	-0.052158	-0.126374	0.097176	0.079323	0.014681	0.075296	-0.021677	-0.104855	-0.017208	-0.063187	0.021270	-0.038142	-0.246319	-0.026388	-0.080954	-0.109856	0.038955	0.019280	0.200274	0.013157	-0.046873	-0.120556	-0.063555	-0.077559	-0.128814	-0.045276	0.170059	-0.215156	0.045310	-0.034455	-0.047584	-0.006493	-0.101295	-0.039713	-0.078536	-0.045088	0.133345	-0.110063	-0.265333	0.082636	-0.103142	-0.242744	0.095599	0.118301	0.070298	0.124683	0.033249	-0.044114	0.049172	-0.109110	-0.134124	-0.016895	0.024244	-0.017930	0.104929	-0.103105	0.025451	0.011405	-0.036572	-0.205644	0.004959	-0.003594	0.010206	-0.006897	-0.090138	-0.070614	-0.027063	-0.112014	0.009276	0.060172	0.026291	-0.044992	-0.008724	0.078271	0.046563	-0.087976
chr19:45392761-45394761	0.585992	0.660051	0.179405	0.241532	-0.534589	-0.039841	0.192543	-0.187956	0.272054	0.147033	-0.165568	0.050121	0.115858	0.220227	-0.054802	-0.023473	0.051839	0.140641	0.112010	-0.056832	-0.040959	-0.053425	-0.161960	-0.058289	-0.126300	0.010373	-0.240391	-0.118311	-0.096294	0.187292	-0.037578	-0.078922	-0.032063	-0.067481	-0.074198	0.154842	0.130008	-0.215607	-0.038724	0.052981	-0.105681	-0.007615	-0.058534	0.060804	0.018622	0.083993	0.046174	0.150421	0.211328	0.062697	-0.141884	-0.025737	-0.106913	-0.075396	-0.061072	-0.038195	0.223602	0.037001	-0.229788	0.122392	-0.014222	-0.151212	-0.175733	0.028737	0.220569	-0.035706	-0.081004	0.028745	0.044875	0.061007	0.059515	0.090769	0.141421	0.180526	0.027697	0.006008	0.048572	-0.029810	-0.171931	-0.068158	0.017802	0.115237	-0.006148	-0.110917	0.135082	-0.076219	0.066729	-0.039408	0.096815	-0.069976	0.059555	0.026724	-0.128485	0.214078	-0.049013	-0.018150	-0.045491	0.005481	-0.007603	-0.113118	-0.019715	-0.001545	-0.089744	-0.036280	-0.159596	-0.271361	-0.049100	0.116694	-0.001113	0.014454	0.165180	-0.012610	-0.049623	-0.015724	-0.112004	-0.027439	0.062021	-0.078352	0.175269	-0.053121	-0.108659	-0.173953	-0.080049	0.011751	-0.008137	0.018539	0.176439	-0.075654
chr19:45942780-45943010	-3.866316	-0.424132	-0.019652	-0.714513	-0.464923	-0.034477	-0.378162	0.096687	-0.136771	-0.215632	-0.060766	0.147305	0.050735	-0.153186	0.187121	-0.152499	0.143843	0.275506	-0.164175	0.236698	-0.110997	0.266097	0.363120	0.079585	0.079341	-0.123707	-0.001854	0.161418	-0.101435	0.326715	0.069150	-0.089636	0.003054	0.196270	-0.192123	-0.015249	0.010612	-0.086644	0.148999	0.098027	0.303518	0.242130	0.153655	-0.065662	-0.083942	0.177310	0.119413	-0.071694	0.008905	0.262526	0.051568	0.097812	-0.074345	-0.059650	0.066655	0.008596	0.267433	0.138506	0.080784	-0.063028	-0.047623	0.120103	-0.136583	0.206539	-0.328940	-0.030955	0.085483	0.109141	0.163345	0.158897	0.153750	0.094772	-0.178057	-0.499711	-0.056340	-0.055803	-0.111456	0.049269	-0.099382	0.151171	0.315359	-0.112743	0.087834	0.077404	-0.140456	-0.241591	0.038455	0.113154	-0.021280	-0.140396	0.072750	0.145745	0.123848	0.026924	0.042374	0.244248	0.039956	-0.195219	0.051976	0.081366	0.142012	0.278099	-0.046822	-0.133553	0.296043	-0.358220	0.045310	-0.094292	0.091885	-0.135416	-0.072291	0.254024	0.094950	0.073797	0.138694	-0.183233	-0.035071	0.004964	0.140573	-0.120930	0.080343	0.046256	-0.070854	-0.001964	0.205301	0.046751	0.198680	0.040677
chr19:45347961-45349961	-0.183161	-0.381041	-0.722762	-0.123435	-0.099969	0.182713	0.008814	0.194000	-0.140875	-0.028488	-0.191922	0.281723	-0.126893	0.050369	-0.160787	-0.159329	-0.079183	-0.021443	0.148670	-0.085257	0.074144	-0.076558	-0.170226	-0.002817	-0.134947	-0.049519	0.079373	-0.194613	0.026010	-0.080160	0.058042	0.066344	0.060468	0.023837	0.045799	0.026363	0.028280	0.122723	0.096477	-0.030891	0.031103	0.041964	0.299979	0.094223	-0.110402	0.179333	-0.114921	-0.077965	-0.077936	0.004935	-0.099425	-0.250526	-0.060964	0.101899	-0.188061	-0.009235	0.146075	0.153167	-0.000073	-0.012943	0.008769	-0.012350	0.033625	0.171082	0.048627	-0.040034	-0.061882	-0.014838	0.143259	0.099871	-0.032354	0.111060	-0.210413	0.065343	0.049980	0.134322	-0.012098	-0.037978	0.067314	0.080301	0.041052	0.059046	-0.147738	0.113157	0.074628	0.071724	-0.043925	-0.015723	0.060938	0.047223	-0.087588	-0.057080	0.008097	-0.153302	-0.080311	-0.030428	0.098038	0.229759	-0.047544	-0.139688	0.022226	0.118216	0.046266	0.020005	0.119008	-0.040342	-0.056275	-0.191512	0.070236	-0.047498	0.029595	-0.087088	0.003034	-0.015415	0.027928	-0.113393	0.043615	0.123766	0.027336	0.047088	0.061741	-0.113627	-0.066648	0.094745	-0.056736	-0.076862	0.066199	-0.175041
chr19:45811525-45811675	-3.532949	1.489785	-0.026080	-0.500344	-0.009082	-0.216680	0.059466	-0.190076	0.295510	0.744528	0.449141	-0.181984	-0.149897	0.449870	0.021288	0.239519	0.241489	-0.193531	0.370985	0.336567	-0.453621	0.133899	-0.354904	-0.518428	-0.138127	0.208938	-0.198559	0.207516	0.466611	-0.131197	-0.022621	-0.198203	-0.084133	0.038797	-0.266136	-0.364092	-0.118860	0.126867	-0.108048	-0.124315	-0.256858	0.531991	0.279315	-0.157152	0.038040	-0.025339	-0.113405	0.382124	-0.282311	0.357917	0.108523	-0.102516	-0.091215	0.330162	-0.240061	0.035108	0.005197	0.061047	-0.044325	-0.012254	0.023010	0.067602	-0.510596	-0.263576	-0.091160	-0.014882	-0.187291	0.262237	-0.302490	0.001758	0.163030	0.154306	-0.100049	0.065777	0.191845	-0.080177	0.126650	0.145948	-0.037636	0.109168	-0.089563	0.057698	-0.021237	-0.226446	-0.074422	0.168938	-0.139568	-0.205387	0.093283	0.029943	0.062269	-0.216170	0.060221	-0.078826	0.112971	0.199639	-0.101159	0.164174	-0.002518	0.026895	-0.111991	0.002354	-0.023941	0.171397	-0.119105	-0.082538	-0.102147	0.111667	0.088372	-0.047952	-0.072820	0.001984	0.017211	0.000585	-0.048194	-0.132220	0.140259	-0.050140	0.101222	-0.034465	0.204670	0.030861	0.023132	0.000402	0.232619	-0.031005	0.073331	-0.065053
chr6:159518202-159522400	1.047959	1.064004	0.172759	0.309998	0.160859	0.093079	-0.391477	0.294156	-0.147546	0.052757	0.026711	0.201444	-0.028914	0.085539	0.260303	0.006642	-0.201581	-0.031605	-0.026938	0.064111	0.030423	-0.029738	-0.076524	-0.171131	0.156000	0.351207	0.190283	0.295491	0.117176	0.053961	0.082446	0.027607	0.115914	0.041032	0.295150	-0.061471	0.058447	0.092157	-0.012286	-0.160756	0.008006	-0.003068	0.057764	0.196900	-0.048396	-0.047760	-0.110920	0.008906	-0.023851	0.108332	-0.071151	0.007324	-0.222526	-0.121293	0.029624	0.126860	0.081420	-0.199759	-0.006105	0.050127	-0.013857	-0.136987	-0.159276	-0.071841	-0.028542	0.046771	0.064231	-0.176357	0.209027	0.184893	0.031323	-0.075579	0.129768	-0.226236	0.046830	-0.128475	-0.007897	0.171084	0.047264	0.041023	-0.012621	-0.134559	-0.048004	-0.004699	-0.078153	0.044378	0.057469	-0.026386	0.123879	0.080249	0.100297	0.028617	-0.092929	-0.193076	-0.059554	-0.087274	0.054338	0.167629	0.200306	-0.051654	-0.183158	0.072394	-0.038693	-0.086291	-0.028985	0.139419	0.005957	0.073877	0.123486	0.100916	0.106855	0.020838	-0.059097	0.037313	0.044350	-0.054895	0.008184	-0.106578	0.121600	0.152401	0.101222	0.063525	0.098372	-0.176400	0.125804	-0.041495	-0.045781	0.075980
chr6:159523668-159523966	-3.367825	-0.368351	0.438408	-0.646547	-0.041710	-0.098700	-0.003693	0.027459	-0.075540	0.044346	0.067509	0.039852	-0.029412	-0.216085	-0.093399	0.039342	0.093268	0.059813	-0.071672	0.034747	0.111981	-0.006859	-0.088603	0.038886	0.245267	0.156860	0.035740	-0.096001	0.146333	-0.214417	-0.158956	-0.107653	0.222429	0.109310	-0.205545	-0.261159	0.036457	-0.180262	-0.147647	0.125832	-0.229684	0.009842	-0.180368	-0.061451	-0.049327	0.117644	-0.068648	-0.004454	-0.120347	0.123555	0.264620	0.119073	-0.342891	-0.122399	0.156907	-0.341864	0.284099	0.093023	0.018458	0.016878	-0.148032	0.176709	0.109866	0.128883	-0.101221	0.056371	0.017058	0.259602	-0.069750	0.241326	0.035362	0.082070	0.071317	0.379464	-0.076778	-0.111294	-0.259019	0.114639	0.311072	0.025838	-0.006502	-0.152232	-0.053192	0.238504	0.067514	-0.012187	-0.143633	-0.114936	0.028526	-0.001646	-0.091309	-0.105518	-0.022502	0.037418	-0.088742	-0.333409	0.155459	-0.012479	-0.112633	0.061236	-0.322031	-0.021375	0.033471	-0.260834	-0.011555	0.006975	-0.066333	0.160692	-0.126616	-0.065153	-0.080583	0.030046	-0.066033	-0.110032	-0.062880	-0.131971	-0.064047	-0.016595	0.038279	0.256728	0.123499	-0.048561	0.115411	-0.052571	-0.064818	-0.051274	0.002039	0.163757
chr6:159524402-159532000	0.574860	-1.048240	0.035022	0.179800	-0.006243	0.190205	0.066536	0.511314	-0.013202	0.046087	0.161050	-0.061328	-0.082938	-0.038388	-0.003065	0.026121	0.091518	-0.029398	-0.050361	0.139801	-0.069210	-0.075991	0.271040	0.094348	-0.189782	-0.148795	0.041289	0.125921	0.100465	-0.127444	-0.079490	0.023549	0.003751	-0.065803	0.194761	-0.079218	0.039497	-0.048771	-0.060202	0.010135	0.044179	-0.183642	0.121272	0.128772	0.174692	0.113897	-0.091089	0.061013	0.080267	0.033128	-0.029605	-0.021361	-0.016591	-0.208177	0.215659	0.033061	0.059033	-0.075460	0.219069	-0.019066	0.108625	-0.095386	0.011618	-0.018544	0.036102	-0.015891	0.029079	-0.014137	0.078671	-0.002028	0.060051	-0.028937	0.103245	0.038163	-0.203269	0.033633	0.019146	-0.011204	-0.039101	0.048521	-0.057154	-0.082715	-0.151363	-0.013386	-0.009773	-0.053694	-0.020702	-0.095616	0.098632	-0.140891	-0.031104	-0.184856	-0.120137	0.017141	-0.054479	0.132990	0.014058	0.106015	0.033541	0.087209	-0.122557	0.043008	-0.026334	0.035001	-0.112087	0.007139	-0.064050	0.020844	-0.037390	-0.129423	0.005618	-0.006653	0.243660	0.033449	0.052339	0.024512	-0.010768	0.042737	0.091019	0.052188	-0.120978	0.101018	0.008506	-0.002235	0.049955	-0.049534	0.018610	-0.070990
chr6:159534002-159544800	0.417171	-1.260570	-0.023354	0.002801	-0.086305	0.228460	0.212729	0.190523	-0.076590	-0.267804	0.202540	0.049933	-0.151181	-0.109512	0.095624	0.026992	0.056560	-0.051529	-0.134181	0.065509	0.011826	0.045680	-0.059542	-0.019362	0.038877	-0.032660	0.016928	0.039353	-0.134329	0.247630	0.058849	-0.086695	0.047613	-0.121519	-0.135975	-0.006332	0.134755	-0.076652	0.055556	0.036383	0.054367	-0.110545	-0.073193	-0.119673	0.003744	0.091434	-0.040142	0.001055	-0.158609	-0.026625	0.011472	0.036507	0.111856	0.063126	-0.052443	-0.059798	0.094379	0.001284	0.087369	0.031252	0.091159	-0.007966	-0.016233	-0.191020	0.010731	-0.076132	0.113624	0.033075	0.299707	-0.156570	-0.080656	0.061807	-0.003502	-0.022432	-0.051717	-0.279784	0.144451	-0.059702	0.042895	0.009468	0.071643	0.119206	-0.059125	-0.131707	-0.165384	-0.122797	0.021763	-0.158357	0.102877	-0.054103	0.071984	-0.008087	-0.140917	0.030911	-0.122284	0.072975	-0.118134	0.016087	-0.119286	-0.081354	0.116988	-0.040901	-0.037086	0.053541	-0.157630	-0.057435	-0.031380	0.107181	-0.096407	0.216297	-0.049662	0.022071	-0.080989	0.011065	-0.028355	-0.087001	0.096537	-0.201233	-0.021186	0.005730	-0.035761	-0.000946	-0.115169	0.156336	-0.035351	-0.099944	0.009761	-0.113792
chr6:159546202-159549800	0.621709	0.619859	0.191373	0.216044	-0.063155	-0.361560	-0.414632	-0.100320	-0.037516	-0.089989	-0.009086	0.114488	0.000527	-0.143909	-0.261690	0.084731	0.150380	0.161235	-0.053951	-0.050909	0.112527	0.093986	-0.162049	-0.007428	0.138270	0.007138	0.028230	-0.142381	0.033314	-0.051402	-0.076825	-0.157342	0.040428	0.152230	-0.005596	0.192955	-0.223401	0.017655	0.100566	-0.191096	-0.115286	0.068789	-0.065072	-0.045367	-0.319076	0.074815	-0.155082	0.206733	-0.057472	0.128585	-0.243103	-0.052314	-0.038934	-0.066599	0.015955	-0.127644	-0.007291	-0.082345	-0.024584	-0.085045	0.044570	-0.030090	0.003791	-0.076063	0.005341	-0.127972	0.048691	-0.244575	-0.046452	-0.003322	0.011502	-0.125988	0.017833	-0.070665	0.044918	-0.046336	0.034377	-0.062935	0.078508	0.056067	-0.295756	0.107081	0.079962	0.282865	-0.049703	-0.012475	0.060776	-0.010698	-0.021585	0.157506	-0.023620	-0.040018	0.022148	-0.032131	0.005472	0.079974	-0.146154	-0.152213	0.143919	0.013939	-0.089945	-0.055698	0.026998	-0.007546	0.090477	-0.232093	-0.141271	0.157206	-0.142966	0.050651	0.028847	0.103007	-0.034577	-0.038306	0.012598	-0.018897	0.126240	0.012625	0.057496	0.033469	-0.073459	-0.023987	-0.100742	0.215069	0.022396	-0.189687	-0.081249	0.118452
chr6:159551602-159553000	0.447882	1.070714	0.510387	0.186576	0.045155	0.041426	-0.742865	-0.151275	-0.146491	0.165629	0.015184	0.145970	-0.051108	-0.082955	0.233882	0.096978	0.130251	0.108704	-0.105520	-0.016480	-0.081147	0.148161	0.021176	-0.184912	-0.014403	-0.177825	0.127066	0.033581	0.037221	0.139138	-0.168561	-0.017729	0.186417	0.027250	0.179619	-0.071210	-0.003610	0.137277	0.021467	-0.175707	0.074901	-0.023058	-0.073851	0.095084	0.132979	-0.107061	-0.029040	0.055100	-0.048694	0.077196	0.059823	0.100668	0.021581	0.094476	0.012294	0.140415	-0.064472	0.068498	0.024848	0.132943	0.035082	-0.072357	-0.240446	-0.063465	0.094681	0.179879	0.026936	-0.064712	-0.060774	-0.005983	0.007798	-0.041956	0.154434	0.028686	-0.055051	0.072877	-0.206597	0.048145	0.004319	0.081656	-0.084907	-0.109622	-0.119619	-0.071201	-0.071592	-0.086062	0.121390	0.017577	-0.054680	-0.016752	0.039680	0.014510	-0.072144	0.117998	0.184721	-0.129864	-0.044964	0.034472	0.010389	0.012940	-0.259921	-0.162338	-0.102918	0.189865	0.113455	-0.140952	-0.307201	0.050630	0.077332	0.073425	-0.028627	0.156811	0.071026	-0.174504	0.164208	0.069055	0.119984	0.185765	0.088968	0.077023	0.215333	0.057615	0.076262	-0.100052	-0.209736	0.142900	-0.062339	-0.055678
chr6:159556002-159556400	-2.946235	-0.927099	0.492057	-0.459208	-0.622571	0.052005	-0.137732	0.046972	0.002175	-0.186215	-0.010856	-0.054176	0.204267	-0.292426	-0.117460	0.053977	0.017705	-0.003177	0.013020	0.041989	0.190258	-0.221948	0.097179	0.061016	0.091861	-0.214678	0.144248	0.176954	0.357911	-0.105046	0.196313	0.221185	-0.000298	-0.100402	-0.039994	-0.207424	0.258131	0.184074	0.220669	0.065131	0.083776	-0.323152	-0.084907	0.021280	-0.138550	0.026108	0.189477	-0.139284	0.168798	0.097481	0.296619	0.029314	-0.020725	-0.130180	-0.277130	0.141132	0.240255	-0.003028	0.203007	-0.172749	0.057716	-0.036509	-0.223645	-0.049598	0.018653	-0.071064	-0.177194	0.058845	-0.095205	-0.063946	-0.183038	0.045669	0.019631	0.118461	0.034178	-0.092441	0.054316	-0.062605	-0.067909	-0.047955	0.139411	-0.168632	0.100845	-0.189041	-0.146028	0.017594	0.045482	-0.111704	0.170000	0.131454	0.018300	0.010038	0.045090	0.076251	0.014007	-0.042630	0.071642	0.240353	-0.006035	-0.011575	-0.040852	-0.007952	-0.300850	-0.026898	-0.107293	0.216523	-0.090748	-0.128160	-0.061517	0.097090	-0.001194	0.303716	-0.010880	0.176956	0.269571	0.070669	0.127429	0.047327	0.103651	-0.038730	0.003980	0.113621	-0.093990	-0.044379	-0.143495	0.189181	0.163360	0.122399
chr6:159500834-159556753	0.818811	-0.409429	0.155741	0.141124	-0.095649	-0.129861	0.082432	-0.140170	-0.028588	0.037131	0.043595	-0.129948	0.089698	0.098924	-0.042877	0.005029	-0.075100	-0.097671	0.039133	0.145282	0.018830	-0.028101	-0.123493	-0.040233	0.081179	-0.029495	0.128200	0.010133	0.042395	-0.117258	-0.057572	-0.081495	0.140352	-0.021663	0.155831	0.019644	-0.102548	0.200241	0.017340	0.108270	0.134342	0.018335	-0.068997	-0.069631	-0.017914	-0.158396	0.029459	-0.076672	-0.172525	0.125979	-0.070705	-0.069215	-0.133584	-0.145135	-0.103933	-0.301474	0.157183	-0.024355	0.058274	-0.098626	-0.103074	-0.045236	-0.104012	0.057160	0.003119	-0.019211	-0.006434	-0.033568	0.088215	-0.090826	-0.132414	-0.013738	0.134444	-0.016242	0.109043	0.198365	0.049128	-0.362364	-0.170440	0.100730	0.080041	-0.084794	-0.002323	-0.132962	-0.023506	-0.005274	-0.054262	0.059447	-0.119812	-0.034592	0.014648	-0.012213	-0.016356	-0.139977	0.056860	-0.171450	-0.080834	-0.017350	-0.019099	0.104505	-0.018283	-0.005069	0.141965	-0.045152	-0.055413	0.092418	-0.069497	-0.075218	0.223581	-0.129972	-0.010460	-0.115636	-0.028414	-0.145882	-0.087440	-0.150021	0.098436	0.143242	-0.020088	-0.122084	0.016249	0.042438	-0.084716	0.118403	-0.105908	0.010552	-0.057221	-0.025781
chr20:42564802-42573200	0.674555	-0.093666	-0.117461	0.142094	-0.251676	-0.273945	0.178654	-0.211251	0.011065	0.000970	-0.069010	-0.009734	0.060936	-0.094937	-0.093921	-0.051350	-0.085718	-0.081933	0.187398	0.092447	-0.194293	0.043726	0.139077	-0.237299	-0.062287	0.234481	-0.170174	0.057928	0.114489	-0.085607	-0.025073	-0.147155	0.069646	0.031809	0.189995	-0.068008	-0.096238	0.056767	-0.162353	0.223193	-0.118994	-0.066829	-0.067326	0.027985	0.195612	0.057827	0.076747	0.055604	0.148807	-0.062050	-0.087632	0.147982	0.165010	-0.065232	0.165961	0.076533	0.101727	-0.126233	0.101941	0.013668	-0.026024	-0.118831	0.097043	-0.094280	0.084656	0.071789	0.017845	0.012697	-0.041526	-0.168053	0.005159	-0.013505	0.104525	-0.001912	0.108209	0.038630	-0.102555	0.052506	0.081654	-0.034405	-0.030863	0.129349	0.021661	0.048385	-0.019745	0.022936	-0.081247	-0.137819	0.027571	-0.046533	-0.017926	-0.136111	0.040131	0.015162	-0.120476	0.030653	-0.025493	0.133066	0.143358	-0.073919	-0.006198	0.099455	0.093616	-0.054777	0.035295	-0.089229	0.046226	-0.118148	-0.090445	0.128301	0.122057	-0.035532	-0.004237	-0.081468	0.087664	-0.019887	-0.209190	-0.005337	0.056180	-0.022168	-0.030302	-0.105083	0.120377	0.134949	-0.036576	-0.051330	0.019507	0.013953
chr10:54526602-54537800	1.056564	1.469876	0.100723	-0.000628	0.498553	-0.349150	0.240228	0.325514	-0.029561	-0.099032	-0.179553	0.044750	-0.050406	-0.118599	-0.077482	-0.107039	-0.062697	0.030424	-0.195620	-0.145003	-0.230074	0.082958	0.107684	-0.083747	-0.106142	-0.033342	0.091066	-0.002691	-0.062620	-0.026571	-0.016426	-0.093305	-0.012705	-0.035500	-0.206480	-0.225964	-0.035614	-0.077852	0.039117	-0.025748	0.080782	0.028982	0.222054	0.231061	0.060270	-0.016970	0.212148	-0.005558	0.079973	-0.000642	0.144060	0.199115	-0.091948	0.052941	0.147572	0.123413	0.068902	-0.029271	0.015750	-0.080356	0.028186	0.142541	-0.017312	0.025050	0.204675	0.181608	0.217992	-0.038441	0.018301	0.077666	0.102342	0.038733	-0.038601	-0.260436	-0.023481	0.047285	0.081157	-0.078873	0.002792	0.064796	0.089228	-0.082916	0.039601	-0.089102	-0.159059	0.066464	-0.016658	0.020937	-0.043923	-0.129009	0.047461	-0.053226	0.061961	-0.128081	0.141102	-0.051641	-0.074615	-0.006153	-0.064518	-0.009874	0.127950	0.051935	-0.117573	-0.063813	0.019947	-0.020409	-0.056389	-0.079656	0.026412	-0.081808	-0.094083	-0.028198	0.129592	-0.141377	-0.062473	0.022100	-0.058063	-0.068029	-0.022255	-0.003732	0.047366	0.018729	0.043267	0.019225	-0.043611	0.080933	0.035267	0.097110
chr9:134250000-134270000	0.440080	-0.751237	-0.586993	0.090393	-0.060951	0.164467	0.031628	-0.344109	0.165766	0.028313	0.089188	-0.025707	-0.034442	-0.073088	-0.011461	-0.201343	-0.223175	0.206236	-0.084590	0.168991	0.102397	-0.267474	0.046379	0.042002	0.247386	0.088962	-0.131233	0.011962	0.005103	0.056188	0.056276	-0.230770	-0.172259	0.046278	-0.073141	0.040227	-0.051669	-0.025207	-0.090351	-0.034519	0.197691	0.012853	-0.131212	0.065008	-0.190243	-0.103722	-0.122578	0.168819	-0.072671	0.062525	0.154506	-0.081960	-0.022348	-0.042250	-0.079951	0.036522	0.041513	-0.065537	-0.066135	0.153928	0.098679	0.077437	-0.179943	-0.120562	0.025391	0.004140	-0.151084	0.181465	0.044128	0.022721	-0.066763	0.099896	0.027835	-0.102542	-0.086377	-0.138740	-0.087693	-0.067582	0.125369	-0.013352	0.050512	0.044074	-0.103492	-0.107898	-0.175448	-0.019009	0.116321	-0.122397	-0.111792	0.116897	-0.061011	0.054428	0.167200	-0.060976	0.075243	0.019670	-0.051975	0.129488	-0.104066	-0.021396	-0.164360	0.080443	-0.024303	0.006406	0.011842	-0.032067	0.148963	-0.079367	-0.097752	-0.011378	0.055639	-0.122737	-0.011514	-0.177243	0.057246	0.160954	0.066101	0.022044	0.101186	0.034266	-0.097642	0.138782	-0.127246	0.086583	0.116419	0.166943	-0.048733	0.181599
chr9:135460000-135540961	0.397583	-1.033789	-0.276731	-0.073586	-0.217494	-0.158545	0.098812	-0.025471	0.042817	-0.240256	0.068188	0.007138	-0.030160	-0.079529	0.074520	0.016512	-0.119107	0.052683	-0.098191	0.141070	0.055377	-0.113277	-0.094478	-0.019397	-0.062619	0.074578	-0.051814	-0.081688	0.155963	0.076371	0.034915	0.002023	-0.111269	-0.033742	0.261676	0.025598	-0.000491	0.042754	0.175645	-0.059566	0.114239	0.064740	0.009033	-0.023722	-0.220497	-0.209060	0.034930	0.114459	-0.057773	-0.084589	-0.000617	-0.109911	-0.050934	0.058240	-0.116279	-0.050062	0.106612	-0.088448	0.031489	-0.186482	0.102214	0.163383	0.032632	0.114450	0.002485	0.036852	0.061699	-0.073310	0.121818	0.050290	0.077650	-0.044262	-0.114801	0.039327	0.104603	0.005712	0.077475	0.167493	0.101620	-0.080912	0.098867	0.154672	-0.079200	0.006153	0.093039	-0.003886	0.088503	0.036019	0.122645	0.058011	0.117677	0.008430	-0.090338	0.082519	0.048740	-0.086184	-0.037426	-0.113203	0.080965	-0.009974	-0.070214	-0.093501	-0.020686	-0.087640	-0.014628	0.108080	0.111746	0.021690	-0.102694	0.147261	-0.078826	-0.101644	0.008223	0.005876	0.039352	0.171209	0.064544	0.009565	-0.130196	0.014508	0.035353	-0.068590	-0.063705	-0.011795	0.130544	-0.154231	-0.004446	0.052308
chr3:128197802-128206200	0.937409	0.318600	-0.190744	0.018556	0.180284	-0.479661	0.081031	0.175501	0.167580	-0.061882	0.145322	-0.299278	-0.049624	-0.116377	0.075435	0.026854	0.035296	0.100777	0.049482	0.020737	0.189417	-0.004124	-0.051509	0.025932	0.028964	-0.027272	0.165016	0.053941	0.047974	0.239930	0.061730	0.186844	0.136446	-0.037459	0.048284	-0.208622	-0.243482	0.042851	-0.070191	0.089643	-0.138252	0.141793	-0.056631	-0.049349	-0.066539	0.021943	-0.103074	-0.008633	-0.024095	-0.168330	0.078674	0.022758	0.003834	-0.237366	0.190244	0.122011	-0.162600	0.013420	-0.144829	-0.094429	0.136225	-0.036942	0.039117	-0.016284	-0.041724	-0.031861	0.078879	0.176322	0.001216	0.079492	0.117717	-0.210998	0.002337	-0.044215	-0.045268	-0.014244	-0.086123	-0.040127	-0.136200	0.160403	0.175185	-0.101935	-0.078018	0.165137	0.028268	-0.137111	0.049443	0.068477	0.142007	-0.029027	-0.248814	-0.086815	-0.152820	-0.096542	-0.314729	-0.001076	0.003128	-0.007216	0.191824	-0.099335	0.060240	-0.129805	0.105142	0.049543	-0.068554	-0.061033	-0.005316	0.083158	0.236752	0.053812	0.118149	-0.055954	-0.183087	0.067247	-0.067421	-0.009817	0.052082	0.027858	0.062497	0.009813	0.020875	-0.006713	-0.065891	0.101918	0.021202	-0.037413	0.017411	0.119244
chr7:21937202-21939600	0.625022	-0.006405	0.263850	0.037031	-0.260191	-0.085449	0.175684	-0.371337	-0.257465	-0.124036	0.009011	0.197682	-0.071710	0.217166	-0.059915	0.119699	-0.277839	0.176415	0.125816	0.053646	0.097730	-0.020473	-0.141979	0.017507	-0.094162	0.104629	-0.049258	0.045383	-0.017858	-0.016596	-0.049646	0.030568	-0.002248	-0.062356	0.075697	-0.034456	0.154483	-0.025163	-0.111952	-0.056258	-0.128891	-0.000595	0.001504	-0.085524	-0.057375	0.065201	-0.071246	-0.022815	0.156176	-0.124999	-0.013277	0.229211	0.045261	0.076594	-0.030216	0.136519	0.032669	-0.076263	0.061483	0.101112	0.137227	0.116562	-0.202717	0.206612	-0.052002	0.122450	0.105434	-0.149163	0.184780	0.290000	-0.023951	0.077371	0.094395	-0.099365	0.060276	0.005842	0.003272	0.068678	0.144622	-0.046307	-0.179746	-0.049415	-0.043411	0.066864	0.021005	0.068823	-0.055431	0.103833	-0.027635	0.078849	0.037358	0.111319	-0.058280	-0.053229	-0.055470	0.074995	-0.086682	0.108530	-0.085454	-0.138469	-0.024498	0.071831	0.135335	-0.088906	0.106560	-0.042753	-0.021437	0.009189	-0.078055	0.043876	-0.151740	0.030241	0.023642	-0.013726	-0.030687	0.088967	0.075888	-0.046653	0.088957	0.019170	-0.017691	-0.155427	0.033272	0.021416	-0.024260	-0.006269	0.081997	-0.034747
chr22:39539602-39548000	0.483675	-0.010479	-0.451653	0.098934	-0.290607	-0.332814	0.144805	0.194575	0.020606	-0.025490	0.053386	-0.050935	-0.254604	0.043817	0.066544	0.077365	0.103472	0.056933	0.022903	-0.006959	0.088238	-0.005278	-0.021477	0.041584	-0.031817	-0.008998	0.120876	-0.124251	0.025972	0.173002	-0.163588	0.060886	-0.044086	0.119221	-0.016670	0.032031	0.053257	0.185319	0.036966	0.070372	0.015878	0.074729	0.094072	0.076406	-0.106630	-0.139219	-0.059715	-0.071314	-0.053389	-0.057894	-0.021107	0.006465	-0.008275	-0.056173	0.043997	0.006364	-0.079564	0.145965	-0.074489	0.075837	-0.063223	0.011177	-0.055957	0.080109	-0.037582	0.041246	0.133216	-0.232919	-0.071736	-0.076398	0.013671	0.215294	-0.001741	0.001308	0.091260	-0.077832	-0.070200	-0.109978	-0.197677	0.062893	0.047676	-0.016596	-0.143850	-0.132930	0.067204	-0.018971	-0.019387	-0.068847	0.021708	-0.113207	-0.154682	0.012103	-0.139792	-0.063031	0.009814	0.012797	-0.008610	-0.037704	0.059385	-0.009997	-0.102399	-0.081931	-0.137019	0.085152	0.021809	-0.123811	-0.016051	0.052074	-0.148355	-0.001955	0.117193	-0.104468	0.021568	0.084117	-0.109266	-0.058305	0.230700	-0.132896	-0.109858	0.143502	-0.046671	0.003788	-0.033476	0.177342	0.107779	-0.156232	-0.032976	0.001106
chr5:95251002-95284000	0.779102	0.139711	0.222022	0.101991	0.199566	-0.082427	0.246534	0.160000	-0.082655	-0.237640	0.022152	-0.181032	-0.186738	-0.059089	-0.169859	0.028808	-0.104073	-0.133394	0.046545	-0.272025	0.055567	-0.129716	-0.052045	-0.023233	0.062576	-0.057119	-0.079086	0.073128	0.018272	0.171981	-0.111286	0.094287	-0.072666	0.057069	0.117666	-0.003562	0.011300	-0.124763	-0.082367	-0.029779	0.034484	0.080942	0.013902	0.053685	0.101560	-0.051515	0.047920	0.003940	0.030453	-0.121615	-0.136867	0.071087	-0.061420	-0.165633	0.185488	0.012386	-0.005662	0.115431	0.178753	0.276646	-0.064844	-0.097374	-0.115991	-0.019424	-0.260848	-0.000480	0.045513	-0.137694	-0.011421	0.000226	0.123222	0.096314	-0.109341	-0.026718	-0.063292	-0.131499	-0.116114	-0.082138	-0.046399	-0.052266	0.131576	0.090124	0.045570	-0.077937	-0.096150	-0.056781	0.150475	0.035097	-0.075288	0.000466	0.193380	-0.044079	0.007277	-0.045677	-0.072326	-0.067678	0.049379	-0.057494	0.140613	-0.107973	-0.097182	-0.060021	-0.167674	0.053206	-0.215554	-0.142977	0.060783	-0.077266	-0.110771	0.118364	-0.155437	0.123178	-0.166422	0.027608	-0.122999	-0.031069	0.179400	-0.061985	-0.012481	0.088710	-0.053180	-0.094553	0.048807	-0.076187	0.150335	0.068356	-0.022192	-0.067581
chr12:9872202-9876800	0.721736	-0.458249	0.225236	0.025040	0.035965	-0.006768	-0.058744	0.146946	-0.019018	-0.169713	-0.198322	0.100550	0.172352	-0.158677	-0.134349	-0.180961	-0.078812	-0.044228	0.093446	0.081253	0.121392	0.031168	-0.042198	-0.094793	-0.135560	0.329516	0.010525	0.252675	-0.100384	0.073215	0.070308	-0.181929	-0.045796	-0.028360	0.073996	0.108391	-0.066463	0.182878	0.112921	0.158412	-0.011503	-0.002693	0.158761	0.103616	-0.112226	0.123764	0.064747	-0.116034	-0.172409	0.139125	-0.070696	-0.075436	0.181019	0.037733	-0.044860	0.098756	0.057128	-0.074137	0.093146	-0.027398	0.007102	0.019900	0.253479	-0.070039	-0.012215	-0.004430	-0.085594	0.020548	0.092022	0.099159	-0.003369	-0.009400	0.105802	0.015364	0.117572	-0.080656	0.126835	-0.091579	-0.127194	0.073589	-0.004617	0.021387	-0.063752	-0.172731	0.021751	-0.016921	0.085989	0.002344	0.106395	-0.082154	0.067005	-0.168817	0.111959	-0.075922	-0.194982	-0.035984	0.038278	0.093337	-0.019492	-0.261375	-0.060398	-0.166162	-0.086511	0.009942	-0.065519	-0.282749	-0.050439	-0.083246	-0.028291	-0.073065	0.070704	-0.040639	-0.028009	-0.003844	0.116994	-0.006484	-0.158503	-0.020832	-0.073738	-0.032533	-0.048487	0.095217	0.192192	0.115481	-0.010984	-0.068549	-0.027081	0.019386
chr12:58163402-58165600	0.681016	0.155071	0.094430	0.021408	0.239208	-0.000005	0.054730	0.179614	0.025997	-0.098518	-0.048505	-0.042069	0.185922	0.235490	0.148783	0.391798	0.006198	-0.002664	-0.022280	0.143318	0.094782	0.085385	0.083290	0.183558	0.000749	-0.147331	0.097208	-0.006042	-0.001992	0.083199	-0.024748	0.202516	-0.061625	0.013921	-0.106902	-0.115545	-0.032738	0.063621	-0.071100	0.066322	0.202814	0.061376	-0.018337	0.063373	-0.111974	0.015239	-0.053386	-0.234402	-0.133500	-0.141989	0.013576	0.116755	0.317663	-0.135203	0.067632	0.117619	-0.119293	0.039676	-0.126804	-0.005838	-0.095701	0.089564	-0.129909	0.067729	-0.164083	0.087562	-0.203870	-0.189569	0.005179	0.137386	0.196852	0.138558	-0.008274	-0.029297	0.096139	-0.062696	-0.007314	-0.072591	0.046089	-0.097832	-0.099705	-0.035849	0.063808	0.118526	0.020955	0.011217	-0.033384	0.212437	-0.135430	0.146758	0.016931	-0.092384	0.224284	-0.007240	-0.039329	0.066437	0.003760	-0.090189	0.208188	-0.096815	0.000011	-0.195012	0.054775	-0.028829	-0.084226	0.020669	0.240427	0.086186	-0.104814	-0.059173	-0.025192	0.176309	-0.070053	0.106721	-0.018331	0.016263	-0.136042	-0.031951	0.196343	0.001089	-0.114712	-0.118450	0.076308	0.014241	0.140136	-0.062168	0.136025	-0.096391
chr1:93009202-93009400	-3.870938	0.105383	0.228812	-0.808465	-0.103500	-0.087980	-0.033465	-0.110738	-0.081762	0.011508	0.158000	0.166634	0.095041	-0.229749	0.090428	0.019792	0.120153	0.041549	-0.128015	0.193608	0.147086	0.138005	-0.052487	-0.183583	0.062535	-0.063898	-0.093996	0.293238	0.086485	-0.180966	0.133319	-0.010183	0.240380	-0.134018	-0.199298	0.027896	-0.186135	0.067470	-0.043376	0.303036	-0.067933	-0.019405	-0.299976	-0.096091	0.027339	0.050086	-0.169272	-0.014945	0.041501	-0.139137	-0.180709	0.173297	-0.059177	0.236194	0.143051	0.029008	0.059545	0.049254	0.109302	-0.026334	0.260592	0.002128	-0.046511	0.060746	0.042321	-0.068312	0.133189	-0.234478	-0.040334	0.090913	0.167647	0.054830	-0.198870	-0.260952	-0.099233	0.058417	0.207631	-0.070144	-0.092675	0.162498	-0.096752	-0.116212	-0.202054	0.024909	-0.025512	0.141728	-0.055683	-0.079921	0.042116	-0.164796	0.257555	0.007432	-0.077260	0.016317	-0.154275	-0.392120	-0.150837	-0.031125	0.178256	0.072800	-0.166901	0.231727	0.087324	0.001452	-0.077093	-0.128657	-0.084652	-0.004152	-0.307019	0.014364	-0.087886	-0.086036	-0.199681	-0.192604	0.031036	0.127324	-0.030303	0.065653	-0.143837	0.031699	0.018839	0.030671	-0.069167	-0.211182	0.031635	0.074742	0.031314	0.107896
chr12:58132402-58138400	0.885790	-0.908067	0.119711	-0.103461	0.004364	-0.117227	-0.059372	-0.040139	-0.144878	0.019143	-0.033983	0.135388	0.123170	-0.117515	0.015166	0.088668	-0.035041	-0.061897	0.030640	0.004446	-0.083223	-0.123483	0.235357	0.032224	0.057598	-0.093903	-0.142199	-0.140246	0.090285	0.105735	-0.155848	-0.103627	-0.011181	-0.045143	-0.000486	-0.019148	0.031415	0.105177	0.156009	-0.092597	0.197125	0.040644	0.010419	0.048339	0.011818	0.168608	-0.110047	0.112929	0.117872	-0.018625	-0.010928	0.023976	0.197082	-0.027048	-0.007916	-0.032054	-0.082716	0.071730	0.134311	-0.057642	0.141149	-0.197238	0.057393	-0.102384	-0.112221	0.021747	0.070801	0.333320	-0.017286	-0.021307	0.081064	0.044735	0.171365	0.039586	-0.097949	0.006388	-0.065746	-0.050884	0.004954	-0.006454	-0.029136	0.127589	0.143973	0.050058	0.164753	0.018108	0.126877	-0.006488	0.037395	0.073645	-0.112242	0.146348	0.057771	0.021426	-0.043053	-0.178416	-0.086832	-0.136131	-0.125747	0.048098	0.162318	0.019738	-0.029343	0.056936	0.074806	-0.052470	0.052877	0.010877	0.092684	-0.239340	0.029685	-0.057111	0.147472	-0.307425	-0.041334	0.055535	-0.032245	0.119380	-0.092404	0.023790	0.143252	0.024346	-0.007393	0.017913	-0.008428	0.245188	0.050871	0.052753
chr17:37910411-37959400	1.006339	0.352692	0.273070	0.151319	-0.041713	-0.141577	0.307280	-0.038081	0.090332	-0.140393	0.319887	0.042817	-0.063226	0.127759	-0.082807	-0.005233	-0.123761	0.083517	-0.055310	0.220619	0.109526	0.003224	-0.126656	0.008101	0.015076	-0.003593	0.097585	-0.146678	-0.093994	0.034279	-0.082601	-0.198374	-0.248373	0.022388	0.018137	0.045514	-0.028280	-0.020557	0.104360	0.022440	-0.111655	0.056156	-0.018190	0.036564	0.120361	0.055449	-0.085135	0.003459	-0.174678	0.099653	0.087750	-0.004718	-0.139445	-0.144643	-0.124281	0.067483	0.111805	-0.133413	0.036461	0.043276	0.205314	0.130585	-0.086754	-0.006780	-0.032828	0.006390	-0.084672	0.025711	-0.081042	-0.097410	-0.031923	-0.007443	0.108549	-0.251839	0.078547	-0.080285	-0.069900	0.112405	-0.002150	-0.057254	0.067686	-0.068560	-0.161727	0.014059	0.044106	0.001650	0.115657	0.074684	-0.119481	-0.064779	-0.099848	0.053550	0.145547	0.044915	0.083582	-0.131873	0.089492	0.021137	0.055046	0.119924	-0.032019	0.005329	0.095524	0.100363	-0.004891	0.127696	-0.006116	0.059791	0.037859	-0.234589	-0.011871	0.090723	0.014359	0.008337	-0.068169	0.102520	0.070648	0.012328	-0.057095	-0.001760	-0.082682	0.070180	-0.055027	-0.032049	-0.048045	0.013506	-0.018921	-0.128756
chr1:117095802-117109400	0.571678	-1.138394	0.044619	0.012007	-0.099020	-0.283923	-0.129177	-0.086103	0.175205	-0.007107	-0.049681	-0.025268	0.010762	0.087096	0.006074	0.063788	0.119246	-0.127063	-0.023667	-0.006818	0.232490	0.073331	0.045311	-0.010081	0.227320	0.047785	-0.039170	0.082335	-0.064065	-0.034799	-0.089733	-0.021888	-0.080822	-0.074280	-0.170076	0.011131	0.025643	0.115628	-0.057845	-0.115212	0.026628	-0.005159	-0.082589	0.068506	0.002720	0.012026	-0.011261	0.022160	-0.033825	-0.007718	-0.085779	-0.045010	-0.067419	0.168817	0.000013	0.039407	0.160572	0.032672	0.213999	-0.213626	0.080684	0.031900	-0.068141	0.141626	0.046650	0.010439	0.036451	-0.049042	0.004371	-0.297481	0.204187	0.074929	0.002686	0.055833	-0.013941	-0.036045	-0.111780	-0.097510	0.023421	0.067192	0.052744	-0.078958	-0.074198	-0.049665	0.131766	0.052193	0.040330	-0.064284	-0.240994	0.080891	0.029262	0.088688	-0.006958	0.164775	0.095833	0.075349	-0.206784	-0.045113	0.007835	-0.001568	-0.098141	-0.113663	-0.170285	0.032579	0.085278	-0.021123	-0.101563	-0.158818	0.141873	-0.008981	-0.124807	-0.152261	0.189246	-0.047167	0.065587	0.008132	-0.050140	0.041135	-0.000842	-0.143086	0.034299	0.136932	0.033160	0.029453	0.069482	-0.044074	0.029967	-0.111791
chr12:6420402-6449200	1.131221	0.891229	-0.159853	0.160962	-0.052982	-0.466622	-0.002834	0.072978	0.164554	0.277733	0.022489	-0.257703	0.083228	-0.270563	0.007755	0.229946	0.054712	-0.117008	0.129224	-0.174549	0.139569	-0.156542	0.120313	-0.029763	-0.012419	-0.058790	0.117613	-0.210389	0.104397	-0.034060	-0.038062	-0.042512	0.054827	-0.169861	-0.019509	-0.094733	-0.115220	-0.105428	0.152226	0.004111	-0.003122	-0.043975	-0.001807	0.055032	0.077486	-0.113597	-0.218618	-0.068490	0.078104	-0.185762	0.021072	-0.117834	0.033583	-0.154130	0.087759	0.015334	0.146275	0.101604	-0.062423	-0.146222	-0.036690	0.049394	0.137162	0.153385	0.016709	0.143665	0.138406	-0.014310	0.144948	0.112171	0.033393	0.090082	0.090794	-0.012011	-0.186906	-0.104987	0.004895	-0.044189	0.120070	-0.058798	0.005080	0.136521	-0.018270	-0.022127	-0.148467	0.100910	-0.050716	-0.195313	0.024895	-0.035972	0.000598	0.013639	0.064209	-0.134311	0.136841	0.253816	-0.061187	0.011147	-0.023389	0.022589	0.077121	0.061281	0.090147	0.264629	-0.053742	-0.124861	-0.021614	0.034197	-0.051306	0.099493	0.005040	0.128902	-0.022869	0.021367	-0.002436	-0.232713	0.027308	0.004152	-0.049010	-0.015306	-0.049180	0.059463	0.059413	0.160162	0.172434	-0.056863	0.121244	-0.062563
chr14:75986202-76011400	1.058110	0.911149	-0.253993	0.141383	0.166974	-0.305284	-0.021551	0.123887	0.004052	-0.129961	0.064839	-0.225160	0.060163	-0.124863	0.105178	0.014153	0.232399	0.131605	0.079149	-0.201259	-0.222602	0.019834	0.005340	-0.044586	0.109186	-0.320356	0.041729	-0.055783	0.081858	0.017143	-0.035094	0.111522	-0.080718	0.127654	0.024582	-0.045175	0.133786	0.121475	0.095616	-0.058021	0.012782	-0.179345	-0.087661	-0.237088	0.072437	-0.068108	0.002635	0.001626	-0.008125	-0.055137	0.032006	0.151478	-0.145504	0.178788	0.091967	0.176834	0.064107	0.105205	-0.057429	0.238560	-0.035770	0.043650	0.030233	-0.069797	-0.080220	-0.048935	0.123650	-0.192101	-0.238388	0.034238	-0.022251	0.069633	-0.084690	0.102373	0.215997	0.045616	0.062411	0.178016	-0.159970	-0.159598	0.098370	0.047074	-0.059448	0.002880	-0.064821	0.196226	0.012901	-0.027580	-0.009875	0.141417	0.016763	0.061958	0.198148	-0.071204	-0.022578	0.100562	0.139196	0.052585	-0.002458	0.119580	-0.145637	0.134152	-0.152545	-0.040465	-0.056309	0.075289	0.026176	0.021357	0.094625	0.007851	0.040824	-0.078722	-0.108236	-0.165787	-0.173224	0.010412	-0.164484	0.145768	0.094800	0.099345	0.186547	-0.094228	0.015514	0.143184	0.041675	-0.100733	0.066389	-0.061800
chr5:158759002-158761200	0.351276	-0.940784	0.141702	-0.075239	0.174294	-0.062491	0.097687	-0.016159	-0.079023	-0.040034	-0.025095	-0.327215	-0.085451	-0.154637	0.137684	-0.041150	-0.025989	0.023409	0.019072	-0.015482	-0.028598	0.009236	-0.072061	-0.000860	0.078471	-0.030346	-0.046212	-0.112636	-0.028629	0.015913	-0.208952	-0.023038	-0.163375	-0.008353	0.046950	-0.039219	-0.130352	-0.092587	0.073412	0.195040	0.044894	-0.105645	-0.004862	-0.009157	-0.038312	0.040923	0.020023	-0.168906	0.059294	0.181311	0.015780	-0.124999	-0.054687	0.154753	-0.004420	-0.172492	0.025016	0.017226	-0.031992	0.067367	-0.194798	0.108464	0.046753	-0.057680	0.001497	-0.036800	0.009697	-0.077824	0.009404	0.107455	0.010965	-0.184540	0.124259	-0.164846	-0.151031	-0.069432	0.007443	0.007711	0.070926	-0.002228	-0.050585	0.127336	-0.110346	0.000304	-0.052927	-0.021695	0.047626	-0.079750	-0.038337	0.011754	-0.002803	0.119725	-0.120995	0.110659	0.070977	0.079022	0.126815	0.011611	0.064852	0.080676	0.079706	-0.153937	-0.041808	-0.010983	-0.120025	0.040002	0.076300	0.044241	0.353954	0.021055	0.129244	-0.056604	-0.174829	0.165633	0.032695	0.107669	-0.118638	0.015198	-0.039721	0.002736	0.071348	-0.072189	0.132433	0.101264	-0.041096	0.022733	0.065088	0.123565
chr3:121791947-121797400	0.806248	-0.099908	0.195130	0.049862	0.223562	-0.326462	0.073742	-0.233179	0.026932	-0.049061	0.117865	0.182407	-0.105527	-0.091774	-0.114530	0.082168	-0.148746	-0.044931	0.083523	-0.068322	0.000902	-0.063334	0.052866	-0.207457	0.079824	0.097759	-0.253525	0.234101	-0.123917	-0.189984	0.076717	-0.040753	-0.077568	0.131333	-0.058028	0.059084	-0.046910	-0.139353	-0.129048	0.041932	-0.089124	0.043598	-0.101055	0.114429	-0.106077	-0.339762	0.085453	0.165257	0.044702	-0.081465	0.210320	-0.139353	-0.017205	0.042253	0.119188	-0.111090	0.030615	-0.143302	-0.049735	0.138388	0.055997	0.002201	0.149933	-0.119904	0.062262	0.060056	-0.048272	0.091159	-0.058699	0.087666	0.005427	0.034170	0.204999	0.023059	0.000999	-0.163717	-0.153600	0.029949	0.145985	-0.131033	0.005674	0.039794	-0.131056	-0.064231	-0.024267	-0.000016	-0.105571	0.069647	-0.105745	-0.035749	0.002016	-0.010270	-0.019329	-0.031557	-0.131088	-0.131867	0.016674	0.040795	0.170375	0.069123	-0.157064	-0.140187	-0.051116	-0.085741	0.086070	-0.091956	0.262858	-0.127595	0.009261	0.012147	-0.013738	0.072759	0.043515	0.014188	-0.073065	0.081414	-0.121539	0.174011	0.122817	0.048187	0.272155	-0.018486	0.080858	0.063527	-0.014648	-0.079400	0.050243	0.000032
chr14:69236402-69258800	0.544263	-0.112857	-0.157937	-0.033186	-0.005403	-0.176951	-0.108419	0.278668	-0.039603	-0.111401	0.049619	0.210151	-0.014377	0.198027	0.138730	-0.084064	-0.056720	-0.021841	-0.106477	-0.005847	0.088925	-0.110084	-0.122349	0.073334	-0.024068	0.117389	-0.035853	-0.145046	-0.010085	0.135703	0.074930	-0.071628	0.170260	-0.007464	0.229632	0.014289	0.006452	0.155169	0.086898	-0.080973	0.044393	0.061118	0.154539	-0.042749	0.055447	0.056991	0.086081	-0.243917	-0.186174	0.031656	-0.038400	-0.185242	0.122958	-0.095529	-0.051507	-0.012241	-0.097020	-0.001049	-0.024325	0.206877	0.048506	0.045869	0.156387	-0.155767	0.111909	-0.097639	0.136063	-0.043782	-0.032060	-0.162549	0.064595	-0.132426	-0.059780	0.032317	-0.048382	0.015146	0.017442	-0.034731	-0.116641	-0.028731	-0.028241	-0.011041	0.082525	-0.029771	0.067070	0.010302	0.122072	0.013416	0.171504	0.061399	-0.063170	-0.142591	0.031968	-0.102642	-0.024300	-0.047888	0.158780	0.111869	0.012475	-0.080010	0.054538	0.057162	0.041800	-0.067702	0.011017	-0.121920	0.070300	-0.059791	0.068453	0.096161	-0.091861	-0.084436	-0.092754	0.010145	-0.008692	-0.111542	-0.049523	0.004032	0.003598	0.033919	0.177587	-0.004566	-0.020146	0.007235	0.002069	0.002047	0.039295	0.165167
chr2:68643202-68648400	0.558544	-0.192211	-0.646694	0.069600	0.292099	0.008839	-0.171789	-0.148083	-0.033269	-0.178113	-0.013913	-0.070104	-0.273691	-0.085423	0.223312	-0.012494	0.176146	0.016412	-0.066916	-0.011652	-0.149034	0.115204	-0.086821	-0.121064	0.095339	-0.048369	-0.206146	-0.160170	0.058867	-0.026694	-0.307725	0.043558	0.165436	-0.087877	0.077562	0.046415	0.005256	0.160278	0.081769	0.165062	-0.031262	0.068396	0.034626	0.089983	0.026971	0.040443	0.068942	-0.191702	-0.084477	0.063810	-0.049891	-0.079172	0.022672	-0.041611	-0.001065	-0.072932	-0.098129	-0.065009	0.100316	0.076852	0.026276	0.042090	-0.067361	-0.007890	0.007807	-0.009050	-0.144955	0.007398	-0.115304	0.113300	0.063315	0.010055	-0.048660	0.035963	0.062851	0.048227	0.081193	-0.052390	0.297642	-0.083217	-0.135539	-0.130336	-0.140512	0.036991	-0.058176	-0.031355	0.091597	-0.009858	0.041684	0.161404	0.129796	0.069363	0.068399	0.087780	-0.089917	-0.208231	0.053408	-0.146741	0.129059	0.004140	0.015619	-0.085308	-0.069658	-0.108900	0.130859	0.087485	0.136980	-0.227533	0.013130	0.056346	0.034456	-0.066939	-0.098024	0.125318	0.014819	0.088704	0.155215	0.042802	-0.054571	0.113575	-0.066910	0.087707	0.010941	0.096009	0.049015	-0.040242	0.010879	0.019088
chr19:10515339-10521200	0.551544	-0.177619	-0.476286	0.113297	-0.309638	0.180383	0.363293	0.009915	0.171435	-0.185903	0.094804	0.188952	-0.014890	0.197963	-0.105238	0.038991	-0.205010	0.205376	0.234833	0.031162	-0.122455	-0.040897	0.160284	-0.111549	-0.030007	0.055939	0.016822	-0.005774	0.108536	0.023043	-0.129991	-0.029906	-0.159448	0.085945	0.210140	-0.095682	0.172907	0.044826	0.025345	-0.028838	-0.106839	0.049358	0.013487	-0.079605	0.037604	0.188962	-0.015885	-0.130438	0.140421	-0.141160	0.084659	0.186592	-0.146348	0.027126	-0.074679	-0.380852	0.239180	0.199825	-0.039039	-0.003223	-0.427356	0.096058	-0.095493	-0.001144	-0.118595	0.081114	-0.002110	-0.009532	0.060100	-0.099144	-0.196272	-0.078811	0.000946	-0.027012	0.086306	-0.048768	0.017727	-0.239964	-0.003575	0.161720	-0.133927	0.128668	-0.178353	-0.092125	0.120332	-0.202180	-0.055919	0.050959	-0.028361	0.005856	-0.185379	-0.079771	-0.095710	0.036438	-0.042043	-0.085354	-0.158069	0.090809	-0.102369	0.121437	-0.005542	-0.008237	-0.091569	-0.095755	0.205346	0.092400	0.095399	-0.024798	-0.092268	0.024929	0.020903	0.136317	0.025223	-0.052867	0.039700	0.128781	-0.039544	0.051212	-0.117034	0.007165	-0.021143	-0.094334	-0.077811	0.036943	-0.221358	0.035154	0.022953	-0.039470
chr17:40504602-40508200	0.734002	-0.037335	-0.077387	0.002538	-0.064566	-0.005880	0.050955	0.333780	0.037107	0.079742	0.116587	0.030698	0.104917	0.066455	-0.115919	-0.013463	0.071836	-0.107799	-0.064945	0.120483	0.049512	0.090766	0.017776	0.176801	-0.012714	-0.013322	-0.126799	0.122371	0.011906	0.105800	0.211076	-0.229006	-0.002842	0.063806	-0.112764	0.045238	-0.143121	-0.203707	0.046536	0.107187	0.052391	-0.082256	-0.151609	0.015372	-0.029658	-0.078646	0.131528	0.018140	-0.017549	0.003584	0.031268	-0.063858	0.193174	0.122318	-0.013107	0.012184	0.183940	0.037209	-0.025357	0.162115	0.025595	0.263775	-0.037453	0.065765	0.007058	-0.046599	-0.154152	-0.123610	-0.102673	0.010578	0.110137	-0.026604	0.017463	0.034722	-0.063039	-0.027693	0.151432	-0.183191	-0.065897	-0.053026	0.107923	-0.056417	-0.031040	0.021857	-0.135715	-0.046154	0.042859	-0.088606	0.126851	0.152204	-0.144705	-0.052130	-0.088868	0.046668	0.022014	0.076833	0.005758	0.140339	-0.110120	0.056256	0.035524	-0.062206	0.143389	-0.003001	-0.109794	0.115627	0.071720	-0.056842	0.148184	-0.048177	-0.147765	-0.063424	-0.093429	-0.046349	-0.091756	-0.072941	-0.106684	-0.044280	-0.035431	0.016034	0.008539	0.072189	0.126136	0.028819	-0.007362	-0.037018	-0.050585	-0.058831
chr16:11440602-11455000	0.654646	-0.176584	-0.248651	0.124652	-0.092753	-0.304524	0.218815	0.281911	-0.082301	-0.099366	-0.009979	-0.223130	0.121789	0.068085	-0.070522	0.064291	0.182844	0.159713	-0.058770	0.012931	-0.017392	0.006796	-0.093204	-0.035342	-0.003191	-0.117965	0.011404	-0.180202	-0.128799	0.181117	-0.028446	-0.098743	-0.041503	0.132893	-0.121322	-0.108117	0.179560	-0.105110	0.091880	-0.069702	-0.030583	0.243618	0.101753	-0.108728	0.171297	-0.121467	-0.036195	0.028982	0.033831	0.036292	0.018407	0.148637	-0.050616	0.085930	0.044354	0.146552	0.113568	-0.249697	0.027294	-0.033641	-0.007841	0.158397	-0.256781	-0.139945	-0.058509	0.050332	0.053473	0.147405	0.104309	0.179701	-0.002115	0.091298	-0.084592	0.030522	-0.050629	0.074895	0.173621	0.107983	-0.014001	-0.009969	-0.038759	-0.037510	0.024994	0.043803	-0.088519	0.123852	-0.025544	0.035080	-0.155456	-0.073961	-0.000188	0.084674	-0.039664	-0.026341	-0.062454	-0.138082	0.009528	0.006356	-0.096922	0.118488	0.016762	0.008165	-0.127402	0.157625	-0.089497	0.080405	0.112290	-0.033655	0.008332	0.104975	0.000488	-0.182351	0.009131	-0.048895	0.056910	0.066168	-0.076432	-0.070062	-0.079476	-0.021329	0.030317	-0.121775	0.027804	-0.089230	-0.036868	-0.023887	0.016849	0.100053
chr2:175626602-175632200	0.820664	0.259938	0.092125	0.093930	0.214814	-0.231246	0.063982	0.265560	-0.095081	-0.206120	-0.350175	-0.073315	0.024015	-0.118077	0.078079	-0.089446	0.200270	0.182090	0.037917	0.188859	-0.072580	0.145656	0.084705	0.001176	-0.017288	0.022214	0.092242	0.197499	0.150863	0.024127	-0.042459	-0.049186	-0.131932	0.091867	0.013744	0.104593	-0.210282	-0.248469	-0.241364	-0.084170	0.170853	0.116097	-0.090593	-0.045091	-0.122079	0.052163	-0.056076	0.023032	0.045909	-0.103064	-0.023069	0.072823	-0.094609	-0.132960	0.121263	-0.094515	-0.060436	-0.155344	-0.096403	0.174027	0.031169	-0.193591	-0.099680	0.130443	-0.086021	-0.040063	-0.027738	0.062780	0.056336	-0.099343	0.164525	-0.006893	0.003473	-0.017420	-0.188582	-0.009827	-0.017372	0.117485	0.079603	-0.176791	0.198294	-0.108716	-0.158182	-0.065700	-0.189849	-0.235109	-0.149935	-0.027363	-0.102641	-0.020452	0.082128	0.019968	-0.018056	-0.089230	0.000321	0.172869	0.123227	-0.000843	-0.092509	0.125426	-0.030484	0.084502	-0.103106	-0.024835	-0.005308	0.056235	0.123408	0.096681	0.051538	0.049609	0.004044	0.042297	-0.164671	-0.047654	0.011636	0.053563	0.226425	-0.005663	-0.010290	-0.131036	0.024905	0.216113	0.105593	0.026282	-0.102161	-0.026227	-0.011588	-0.123191
chr1:94374309-94376309	0.276401	1.990592	-0.017754	0.248562	0.100389	0.194820	-0.167088	0.027827	-0.021819	0.091109	-0.087007	0.160765	-0.037668	-0.138376	0.091993	-0.129245	-0.192795	0.128668	0.131085	-0.131678	0.093016	0.140913	0.167250	0.180906	0.066975	0.030622	0.045145	0.125088	0.214966	-0.030676	0.097871	0.115023	0.288918	-0.073849	-0.209461	0.131479	-0.113340	-0.000041	-0.203179	-0.099618	0.051990	0.007735	-0.002390	-0.045411	-0.310772	0.087942	-0.200618	-0.221618	-0.208960	0.000792	0.046035	-0.079546	-0.122295	0.176079	-0.064120	-0.047158	-0.012832	0.019868	0.015317	-0.068413	0.133402	-0.013154	-0.022775	-0.069879	-0.342349	-0.062655	0.066947	0.057744	0.112318	-0.023437	-0.177605	-0.003415	-0.060315	-0.052257	-0.218320	0.165595	0.137451	-0.137680	0.015726	-0.098267	-0.019077	0.167536	0.216778	0.165730	-0.071743	-0.009106	0.162758	0.061200	-0.033687	0.107782	-0.230371	-0.047493	-0.085826	0.152369	0.193430	-0.131677	-0.096267	0.110293	0.021753	-0.110462	0.219483	-0.074498	-0.025222	0.067732	-0.116842	-0.246414	0.023019	-0.019351	0.011285	-0.016323	-0.156068	-0.095508	0.062573	-0.016542	-0.076230	-0.018905	0.161813	-0.144039	0.031576	0.195729	-0.009833	-0.008447	-0.271443	-0.050284	0.024219	-0.023609	-0.085964	-0.142186
chr9:136535633-136537633	0.039567	0.044714	-0.438766	-0.062538	-0.240035	0.262188	0.000443	-0.208442	-0.204986	-0.091188	-0.136368	-0.061455	0.132465	0.028627	0.074082	-0.109109	0.161162	0.006703	-0.064802	-0.096064	0.063310	-0.103414	-0.046150	0.030244	0.022952	0.090985	-0.233959	0.002298	0.027285	-0.071069	0.066725	-0.114548	-0.009909	0.085666	0.049436	0.038217	-0.250386	-0.161169	0.083505	-0.176415	0.073876	-0.057555	0.060766	0.037325	0.144603	-0.138566	0.071583	-0.031580	0.109011	0.048104	0.026741	-0.090162	0.118253	0.140410	-0.132828	0.028828	-0.071848	0.166861	-0.035505	0.011621	0.042764	0.051654	-0.111281	0.039853	-0.054722	-0.001610	-0.172209	-0.099354	-0.124042	0.025945	0.122219	-0.169752	-0.013981	-0.135069	0.077143	0.178820	0.092219	-0.092269	-0.073746	0.137671	0.173075	-0.052325	0.018896	0.006971	0.153614	0.004500	-0.111738	0.026225	0.068124	0.082948	0.022647	0.037242	0.123157	-0.051504	0.023928	-0.121050	0.077763	0.070456	-0.060224	-0.057773	-0.018806	0.053792	0.122658	-0.178184	-0.026592	0.024336	0.036095	-0.126942	-0.029373	0.059855	0.002816	0.225924	-0.080341	0.204978	0.078765	-0.066044	0.073847	0.046983	0.090067	-0.117312	-0.121803	-0.149175	0.177103	0.006294	0.068471	-0.112721	-0.115080	0.012463
chr5:1310402-1340200	0.829114	0.426964	-0.107268	0.136102	-0.245879	0.134200	0.196643	-0.079801	-0.166531	-0.105175	0.039044	0.072934	0.118112	0.007622	0.163132	-0.315749	0.164770	-0.057193	-0.248611	0.100351	-0.053926	-0.201979	0.061396	0.188578	0.067969	0.009533	0.015103	-0.083063	0.014871	-0.127178	0.024856	-0.047998	0.105740	-0.136644	0.276210	-0.001649	-0.022396	-0.072663	0.052717	0.010389	0.096625	0.002729	-0.100720	-0.124552	0.068171	0.070298	-0.153435	0.077591	0.043182	0.012609	0.035162	-0.030028	0.075948	-0.041612	0.061477	-0.042511	0.104502	0.242053	-0.042652	0.158368	-0.056167	-0.153131	-0.010376	-0.277211	-0.014025	0.097728	-0.111154	0.022957	0.040869	-0.130159	-0.246942	0.154393	-0.210872	-0.077988	0.060620	0.302757	-0.233798	-0.029590	-0.022286	-0.107220	-0.105244	-0.066632	0.063064	0.026788	0.160961	-0.130002	0.069752	0.080872	0.041946	-0.046031	-0.068734	0.026216	-0.010902	0.026189	0.214918	0.144042	-0.001650	-0.015340	-0.087573	0.168816	-0.010937	0.034244	-0.041971	-0.022764	-0.011862	0.111812	-0.088939	-0.064788	-0.107512	0.032997	-0.028583	-0.091784	0.035222	0.053324	-0.157381	-0.082874	0.094313	0.019176	0.004247	-0.015857	0.021920	-0.036871	-0.018376	0.019778	0.038478	-0.048111	0.019823	-0.063433
chr5:1340202-1344600	0.781479	-0.153918	-0.455186	-0.007941	0.084914	-0.080447	0.048904	-0.210798	0.067763	0.118565	0.005086	-0.226473	0.128190	-0.303552	-0.049004	-0.156740	-0.058485	-0.021822	0.024386	0.193635	0.123525	-0.037771	-0.245268	-0.077088	-0.037763	0.061030	0.004499	-0.154815	0.237124	0.087445	0.151788	-0.017866	-0.115593	0.063586	-0.139010	0.022028	-0.272908	0.066964	-0.081761	0.107951	0.047792	-0.054257	0.107332	-0.011723	-0.332562	-0.089437	-0.074682	0.057340	0.041857	-0.079450	0.033638	0.024412	0.043459	-0.005298	-0.012212	-0.088850	-0.037543	-0.024211	0.063225	-0.197586	0.115322	0.061473	-0.022595	0.028337	-0.002890	0.166867	-0.057913	-0.030705	0.087885	-0.029428	-0.121418	0.048995	-0.106990	0.100564	0.121376	-0.024369	0.010878	0.211940	-0.123169	-0.014545	-0.126658	0.031794	0.103973	-0.088068	0.082690	-0.086768	0.025397	-0.168846	0.050227	-0.101572	-0.032071	0.135534	0.094558	-0.089096	-0.081125	0.077196	0.067131	0.059741	0.044065	0.115609	-0.161341	-0.021519	0.173478	-0.037003	-0.033790	0.066443	0.007916	0.091135	0.010906	-0.045931	-0.083381	0.085211	0.139636	-0.014985	-0.032717	-0.095262	-0.143262	0.050603	0.115310	0.165612	-0.048361	0.120572	0.010661	0.041890	-0.084181	0.004822	-0.009841	-0.258258
chr5:1344602-1345400	-1.243775	1.461964	-0.981397	-0.109330	0.120241	0.136165	0.079836	-0.050191	0.094569	-0.225195	0.144912	0.088767	0.043110	-0.346705	-0.054053	-0.039179	-0.019054	-0.033490	0.357476	-0.088730	0.017310	-0.025715	-0.277901	-0.202896	-0.168550	-0.087811	-0.342353	0.144852	-0.063673	0.106118	-0.029273	-0.140859	0.221268	-0.170917	0.161380	0.225538	0.155510	0.190288	0.015841	-0.250005	0.033219	-0.092553	0.105988	0.300429	0.075156	0.104927	-0.022418	0.091937	0.078683	0.088355	-0.200289	0.187251	0.106167	0.242979	-0.087091	0.117480	-0.376937	0.086686	0.252171	0.071989	-0.198437	0.214848	0.149839	0.174913	-0.081426	0.044097	0.022148	0.212644	-0.049551	-0.104149	0.044707	-0.090070	-0.068083	0.003568	-0.162816	-0.206766	-0.012994	0.041949	0.112780	0.107867	-0.100239	0.029973	0.118244	0.162558	0.037868	0.044275	-0.254851	-0.090044	0.074509	0.072845	-0.159269	-0.121389	-0.027939	0.064012	-0.005341	-0.104952	0.348699	-0.142844	0.049526	0.219927	-0.065480	0.176772	-0.047540	0.195691	-0.002999	0.136236	-0.083483	-0.066645	0.193862	-0.152146	0.127103	-0.036702	0.069800	0.056367	0.065614	-0.109997	0.045066	-0.384095	0.140712	-0.000102	0.038062	-0.065124	-0.149949	-0.005809	-0.142321	-0.051230	0.026366	-0.100454
chr11:8249002-8257600	0.619001	0.631498	-0.362694	0.093562	0.384724	-0.209863	0.055036	0.199050	-0.153898	-0.116776	-0.176754	-0.028799	0.050835	-0.012126	0.006582	-0.039709	-0.059669	-0.131080	-0.120847	-0.021214	0.216498	0.048038	0.179256	0.031205	0.087931	0.178716	-0.096011	-0.051804	0.232132	-0.068161	0.007332	-0.091925	-0.000395	0.040066	-0.108093	0.208739	-0.034230	0.151376	0.048726	0.155168	-0.144221	-0.067612	0.048503	0.045284	-0.001774	-0.064607	0.148383	0.004020	0.101263	0.042559	-0.011759	0.058230	0.063176	-0.094489	0.007010	-0.019172	-0.169700	-0.057460	0.116177	-0.156920	0.054856	-0.145399	-0.081844	0.008092	-0.015090	0.034549	0.179658	0.030521	0.106811	-0.016143	0.128055	-0.157583	-0.073570	0.001514	-0.074541	0.004146	-0.002050	0.091815	-0.054782	0.062619	0.039363	-0.034497	0.067267	0.094599	0.188497	-0.011457	0.036041	-0.055856	-0.003920	-0.025138	-0.109919	-0.050049	-0.144168	-0.088180	-0.037621	-0.056685	0.079513	-0.037706	-0.074042	0.131618	0.215805	0.004069	-0.081198	-0.099075	0.139178	-0.097615	0.027283	-0.055578	-0.103454	-0.001157	0.111778	0.009992	-0.054021	0.130860	0.176442	-0.051590	-0.056825	0.127731	-0.107481	0.135015	-0.158679	-0.027722	0.015656	-0.201265	-0.018485	0.025177	-0.130210	-0.070720
chr14:29999405-30001405	0.259491	-1.044056	0.157666	0.033642	0.082631	0.058536	-0.115634	-0.126132	-0.067921	0.022084	0.008947	0.036295	-0.005709	-0.028549	-0.096761	0.160562	0.135011	-0.182067	0.047439	0.098496	-0.211255	0.177343	-0.028046	-0.219867	-0.048943	-0.158000	0.124005	0.100508	-0.384719	0.228277	0.102601	-0.025116	-0.133705	-0.053451	0.088429	-0.184590	-0.119704	-0.072398	0.050058	-0.129004	-0.054147	0.055289	0.094770	0.021585	0.016909	-0.115613	0.176115	-0.212129	-0.195371	0.080625	-0.146068	0.028000	-0.058388	0.209848	-0.201480	0.063996	0.037526	0.100256	-0.086270	0.161834	-0.123284	0.063272	0.138017	0.118155	0.122256	-0.051975	0.200985	-0.001729	-0.014424	0.079574	-0.004056	0.094344	0.063287	-0.027256	0.093425	-0.174782	0.022457	-0.058584	-0.061592	0.114554	-0.087070	-0.136084	0.039600	-0.033595	0.076875	-0.026957	0.024670	0.150934	0.049361	-0.036033	-0.035245	0.003226	0.083265	-0.009457	-0.196580	-0.082168	-0.161409	-0.012973	-0.037940	0.004034	-0.062212	0.209889	0.190531	0.103808	-0.013844	-0.053553	0.100631	0.028281	0.028130	0.077198	0.088379	-0.102238	-0.027452	0.105981	0.030985	0.058399	0.037381	-0.067490	0.034035	-0.194879	0.029500	0.132411	0.154575	-0.174478	0.057126	0.160672	0.065977	-0.032260
chr11:73694402-73696200	0.434523	0.781292	0.248479	0.029734	-0.212540	-0.179615	0.183977	-0.608144	0.233616	0.171630	0.307043	-0.040487	0.098260	0.031280	-0.013837	-0.033623	0.168224	-0.101224	-0.039626	-0.026511	0.168112	-0.019268	-0.123051	0.137761	0.127969	0.078614	0.003464	-0.039060	-0.043662	-0.032379	-0.021721	0.007477	0.293255	0.106078	0.184713	-0.065512	-0.210704	-0.100845	-0.034464	0.155577	0.041482	0.411160	0.091953	0.160417	0.061582	0.244182	0.084371	0.173390	0.098516	-0.051548	0.002568	0.151891	0.053637	-0.060675	-0.015456	-0.017843	0.008851	-0.131873	-0.047046	0.076870	0.037277	-0.063809	-0.116717	0.073507	-0.016054	-0.080253	0.157659	-0.113643	0.220810	-0.057638	-0.046382	0.175379	0.095767	-0.152066	0.019196	0.124205	0.230867	0.148457	-0.018280	0.103473	-0.036279	0.001680	0.038107	-0.095556	0.008326	0.041154	-0.008682	0.023997	0.093129	-0.013977	-0.022845	0.109001	0.114933	-0.035240	-0.062325	-0.151792	0.039597	0.078167	0.106050	-0.063054	0.089140	0.130708	-0.067293	-0.047547	-0.151155	0.145015	0.001318	0.040884	-0.058854	0.243430	0.011928	-0.041840	-0.126034	0.108159	0.027428	-0.020065	-0.034248	-0.039990	0.051700	0.003387	-0.156898	-0.085423	0.030394	-0.113258	-0.068577	-0.027637	0.139301	-0.085784
chr16:53799602-53801200	0.425288	0.068609	0.528579	0.123044	-0.116502	0.106818	-0.464986	-0.063771	-0.038808	0.182802	0.087238	0.035964	-0.005273	-0.158971	0.151722	0.142410	0.035365	0.044345	0.064325	0.137031	0.114090	0.024137	0.190409	-0.118324	-0.034888	0.045262	0.017316	0.020408	0.207346	0.281680	0.265482	0.165889	-0.106671	0.080834	0.036207	0.182550	-0.033432	-0.116707	-0.073822	-0.172216	-0.301879	-0.194977	-0.093501	0.117269	0.435038	-0.053574	-0.148010	-0.124082	0.078223	0.029175	-0.100194	-0.116813	-0.106134	0.074278	-0.167320	0.188840	0.017333	0.110679	-0.004129	0.273223	0.142098	-0.012259	0.053506	0.076639	0.201020	0.189278	0.041719	-0.019484	0.095152	-0.043880	-0.100860	-0.220424	0.062828	-0.072250	0.106894	-0.206041	0.048576	-0.126923	-0.087630	0.119331	0.272670	-0.109091	-0.019203	0.156415	-0.047160	-0.024375	0.030115	0.290907	-0.113319	0.026847	-0.002009	0.003024	0.003478	-0.046109	0.148956	-0.154677	-0.116620	0.144734	-0.137309	0.123664	0.048497	0.082466	0.184805	-0.029935	-0.070650	-0.095000	0.243533	0.143794	-0.097652	-0.113145	-0.133141	0.066359	-0.063254	-0.046961	0.037401	-0.081163	0.072610	-0.040615	0.103964	-0.113542	0.087427	0.152147	-0.004043	0.124090	0.065498	0.032347	-0.075784	-0.045647
chr19:51772802-51774802	0.484456	-0.086811	0.110896	-0.010352	-0.270158	-0.043063	-0.225051	0.110305	-0.093938	0.164160	-0.096355	0.077700	0.165107	0.039270	-0.060730	-0.124357	0.117341	0.176852	0.003112	-0.091114	0.070537	0.158111	-0.159613	-0.085003	0.167619	0.046799	0.113943	0.088292	-0.005418	0.007625	0.047274	-0.165843	0.004829	0.093177	-0.208346	0.195691	-0.011208	-0.020241	0.262952	-0.099981	-0.236466	-0.303023	0.050198	-0.005105	0.210832	0.128697	-0.021034	-0.124721	0.133756	-0.152925	-0.105117	-0.076780	0.139645	-0.224962	-0.227499	0.265353	-0.083879	0.079175	0.105627	-0.150718	0.098411	0.003458	-0.117602	0.226425	-0.003315	0.051597	-0.001420	0.106956	0.029800	-0.017978	-0.122914	0.019472	-0.079693	-0.124914	-0.009223	-0.003710	0.177104	0.036154	0.017409	-0.076128	-0.031865	0.063921	-0.157644	-0.234553	0.026824	-0.028768	-0.086366	0.083632	0.100973	-0.161406	0.039044	0.009974	-0.073181	0.132935	0.047202	-0.145609	-0.037359	-0.163711	-0.066806	0.048450	-0.163692	0.078492	-0.079677	-0.004645	0.294585	-0.045073	0.056750	0.025981	-0.058946	0.174061	-0.181682	0.002104	-0.057372	-0.114057	-0.037248	0.015934	-0.002936	-0.228048	0.046172	0.060041	0.139319	-0.095228	0.187229	0.118087	-0.108422	0.141518	0.066821	0.135264
chr16:53829465-53831465	0.324729	-1.276600	-0.084125	0.036816	0.190986	0.154242	-0.111054	-0.344717	0.059593	0.062992	0.043259	0.008751	0.089535	-0.199173	0.036868	-0.022468	0.044507	-0.126116	-0.043401	-0.022075	-0.266382	0.049202	0.033882	0.062086	0.034927	-0.030994	-0.235321	-0.074625	0.063881	-0.146966	-0.010679	-0.002203	-0.018128	0.154688	-0.022540	0.012949	0.038171	-0.031342	-0.224990	-0.130186	-0.017538	-0.233648	-0.063274	0.283221	-0.131914	-0.119397	-0.204305	-0.031719	-0.118786	-0.011477	-0.106507	0.006815	0.056174	-0.130096	0.122574	0.127153	0.025952	0.202179	-0.034665	-0.141434	-0.043190	-0.039719	0.015618	-0.075585	-0.274358	-0.023013	0.020740	0.075030	-0.054849	0.053009	-0.073899	-0.082888	0.081931	0.149177	0.158374	-0.096523	0.029767	0.070000	-0.118803	0.065688	0.017373	0.031122	-0.106406	0.076815	0.043531	-0.030437	0.003592	-0.170421	-0.202969	0.018953	-0.051270	0.010057	-0.035435	-0.108535	-0.218327	-0.048713	-0.228202	0.163612	0.016175	0.015794	0.025367	-0.078258	-0.075702	-0.133283	-0.065290	0.208233	-0.098740	-0.074973	0.212787	-0.025443	0.022614	-0.150677	0.036139	0.048241	-0.101118	0.164527	0.059600	0.032647	-0.051220	-0.058121	-0.203474	0.103523	0.062821	-0.034993	-0.042314	0.110088	0.169114	-0.078320
chr17:28563402-28564400	-0.417216	0.806930	-0.095256	0.131914	0.176146	0.140872	0.192655	-0.277189	-0.033888	0.042286	-0.235892	-0.058126	-0.007580	-0.032288	0.105025	0.032699	0.112615	-0.123217	-0.092161	-0.083273	0.077198	0.039172	0.044651	0.108627	-0.030401	0.292426	-0.127468	-0.012359	-0.233552	0.040220	-0.091395	0.123780	-0.119319	-0.019298	-0.046178	-0.006655	0.116114	0.021552	0.086166	0.019157	-0.061432	-0.151708	0.082140	-0.069458	0.121737	-0.035268	-0.021859	-0.062077	-0.032060	-0.009225	0.065118	0.061405	-0.020744	-0.108248	-0.188091	0.144048	-0.146065	0.201825	-0.068588	0.087831	-0.061089	0.083720	0.063328	-0.116045	-0.251318	0.019408	-0.278062	-0.090746	0.096715	-0.003976	0.067432	0.206427	-0.328971	-0.136172	-0.042185	0.110967	-0.183224	-0.275399	0.059075	-0.083141	0.000450	-0.156746	-0.037260	0.128640	0.110632	0.155197	0.012738	0.066507	0.007269	0.009597	0.137521	0.072420	0.068595	-0.242044	0.058707	-0.076146	-0.183629	0.162922	0.028403	0.120151	-0.041793	-0.135565	0.002569	0.027282	-0.006920	-0.065945	-0.217166	0.308416	-0.035275	0.080192	0.003793	-0.096248	-0.036666	0.069281	0.187117	-0.150210	0.026495	-0.056073	-0.121609	0.180158	0.050182	0.017754	0.019644	0.075080	0.158435	-0.157392	0.056534	0.061967
chr7:117255202-117258200	0.420553	-1.253540	0.079962	-0.229424	-0.077715	-0.055484	0.007178	0.133027	-0.065262	-0.296309	-0.064921	-0.102829	-0.196438	0.032660	-0.006341	-0.078720	-0.101730	0.120057	-0.235670	0.017520	0.123567	0.157514	0.062378	-0.063847	-0.084273	0.081325	0.052201	0.092363	0.025893	0.117880	-0.155719	0.073182	0.124670	0.105274	0.075759	-0.001068	0.187061	-0.228336	0.027417	0.152958	-0.070416	0.093028	0.037058	0.132279	0.048096	0.103094	0.069752	0.019942	-0.129024	-0.072868	0.090063	-0.105336	-0.063018	0.070521	0.157365	0.004199	-0.143658	0.024992	-0.013873	-0.191029	-0.082782	0.039456	0.084327	0.111450	0.216998	0.089785	0.068725	0.068471	0.060082	-0.102943	-0.152575	-0.160061	0.052734	-0.034851	-0.068601	0.050684	-0.097696	0.029179	-0.045979	0.111506	-0.014319	-0.081084	0.045253	-0.016951	0.000878	0.093845	0.011333	-0.014286	-0.042100	-0.018157	0.125270	0.039454	-0.023972	-0.055199	0.013390	0.082656	-0.028517	0.060358	0.032938	0.002869	-0.008056	-0.046913	0.007306	0.064298	-0.198432	0.120813	-0.169679	-0.037199	0.035193	0.073231	-0.143837	0.079253	-0.045380	-0.154049	-0.007365	0.034863	0.084347	0.115209	-0.028948	0.041960	-0.093099	0.075719	0.074797	0.119511	0.081476	-0.032071	-0.058802	0.074410
chr15:32991002-32994400	0.802415	-1.335350	0.401443	0.141573	0.219929	0.227095	0.206449	0.025065	-0.133708	-0.093668	-0.169715	-0.090606	-0.047178	-0.058511	0.116227	-0.192848	-0.094699	0.129420	0.157744	0.073281	-0.072762	0.111547	0.031973	-0.182913	0.113794	-0.255094	-0.008814	0.117565	-0.077053	-0.095451	-0.048523	0.060494	0.205572	-0.021888	-0.006780	-0.161404	-0.200943	0.000807	-0.021394	-0.000357	-0.001680	0.064508	-0.124702	-0.040475	0.189498	0.114625	0.163140	0.131272	0.064800	0.103880	-0.073264	-0.061390	0.074418	0.084751	-0.041314	-0.043304	-0.083904	0.056522	-0.104469	0.121530	-0.045645	0.012304	-0.110734	0.142371	0.052355	-0.144089	-0.164525	-0.035513	0.186040	-0.171969	-0.105022	-0.225209	0.128933	0.046305	-0.156037	-0.034517	-0.139454	0.084973	-0.077034	0.079808	-0.069623	-0.056283	0.023987	0.043233	0.165766	0.171747	-0.235506	0.125494	0.087202	0.074121	0.039963	0.005460	0.040788	0.004374	-0.018719	-0.049300	0.083788	0.089506	-0.037824	0.050091	-0.094091	0.089349	0.012031	-0.141779	0.029288	-0.038687	-0.005158	0.001637	-0.162993	0.144797	-0.142800	-0.190019	-0.002834	0.018540	0.015902	0.047539	-0.034326	0.103464	-0.140251	0.034180	-0.187041	-0.014334	-0.161797	-0.036398	-0.033369	0.094556	-0.039407	-0.081795
chr19:41367602-41372400	0.756563	0.246803	0.041553	0.097376	-0.638523	-0.205125	-0.017465	0.009412	0.198532	0.073425	0.023687	-0.125074	-0.143903	-0.026742	0.020339	0.114354	-0.152947	-0.009842	0.024454	0.060452	-0.085753	-0.035756	0.027669	0.052472	0.150156	-0.100635	0.013002	-0.099547	0.021835	-0.040103	0.026407	-0.112958	-0.074606	0.029581	-0.150018	0.093169	0.146648	0.018740	-0.039911	-0.084287	-0.024062	-0.114496	0.146768	0.077532	0.234731	-0.039308	-0.119449	0.121785	-0.061816	-0.097538	0.106739	-0.001121	0.111861	0.096280	0.086729	0.072185	-0.132730	0.144999	0.014551	-0.072435	0.068259	-0.076522	-0.080353	0.026800	-0.134903	0.108366	-0.064802	0.019441	0.026114	0.038876	-0.142941	-0.164565	0.117259	-0.146259	0.020127	0.097095	-0.005917	-0.106505	-0.023752	-0.178069	0.011604	0.050797	0.112449	0.011080	-0.049037	-0.023853	0.096571	-0.132646	0.000106	-0.062840	0.023004	-0.109976	0.140962	-0.043398	-0.125843	0.037500	0.190591	-0.021572	0.053741	0.167964	0.066801	0.020578	0.037698	-0.010475	0.176745	0.018377	0.027438	-0.045427	-0.045537	-0.005143	0.276228	-0.126236	-0.021011	-0.179449	0.006719	-0.157193	0.122517	0.085067	-0.086859	-0.140525	0.186693	0.029641	0.120574	0.014545	-0.074972	0.166521	0.091151	-0.049423
chr10:23507305-23509305	0.724223	1.057039	0.312502	0.095935	-0.338551	0.125902	-1.181410	-0.033292	-0.403677	-0.322836	0.775958	-0.607812	0.087238	0.268463	-0.053792	-0.344090	-0.161237	0.031712	0.090377	-0.031973	0.005752	0.013873	-0.038790	0.014767	-0.101622	0.165363	-0.074625	0.003345	-0.099100	0.028603	-0.144887	0.108198	0.035548	0.082874	-0.070367	0.025121	0.061780	0.089002	-0.014900	0.049421	0.076730	-0.009025	0.083667	0.008683	-0.002991	0.041015	0.048742	0.061899	0.035517	0.045220	0.021134	-0.060985	-0.003586	-0.016047	0.081439	0.023375	-0.051527	0.054423	0.008451	-0.064220	-0.036211	0.060622	0.018612	-0.011700	-0.047701	-0.099111	-0.016524	0.008984	-0.021666	0.027335	0.019899	0.146990	0.013112	0.062830	-0.090183	-0.028090	0.036595	-0.016777	0.044092	-0.036260	-0.057210	0.007983	-0.009699	0.034973	0.019777	0.012198	-0.030280	0.043992	0.033415	0.019270	-0.052833	0.019309	0.022368	0.017918	-0.052477	-0.010103	0.017436	0.007832	0.054470	0.075322	-0.023193	-0.028109	0.021428	-0.082884	0.012377	-0.049091	0.022305	0.022960	0.020590	-0.099430	-0.021374	-0.042945	-0.027432	0.046777	-0.045663	0.007213	0.012794	0.038940	-0.004528	0.065990	-0.021314	0.011663	-0.017031	0.027914	-0.067576	0.031738	-0.029814	0.064994
chr10:23507365-23509365	0.679795	0.943260	0.297187	0.116158	-0.326959	0.069366	-1.234594	-0.049570	-0.461862	-0.354886	0.848860	-0.677856	0.127562	0.273980	-0.028801	-0.349620	-0.145033	-0.001940	0.145201	-0.036041	-0.005210	-0.000251	-0.041719	0.049120	-0.077227	0.149436	-0.059058	0.012733	-0.077542	0.025551	-0.185756	0.092156	0.020594	0.044100	-0.041623	-0.008360	0.034639	0.084979	0.040398	0.051236	0.065159	0.060099	0.052095	0.030551	0.023611	0.026601	0.044844	0.015336	-0.003086	0.068601	0.045892	-0.004449	-0.010456	-0.008921	0.086169	0.062124	-0.041468	-0.025839	-0.021982	-0.032985	-0.044766	0.015633	0.015130	-0.006014	-0.012360	-0.120204	-0.060971	0.003555	0.007556	-0.028448	-0.020440	0.121206	-0.010968	-0.018276	-0.021420	-0.085657	-0.019864	0.010141	0.048038	-0.053499	0.038109	-0.031410	0.037004	0.056275	0.041786	-0.004539	-0.004622	0.057235	-0.029294	0.006744	-0.039384	0.041642	0.024452	0.006999	-0.078820	0.020484	-0.001444	0.029577	-0.029968	0.025173	0.006562	0.018512	0.052273	-0.049086	0.055098	-0.001831	-0.015900	-0.031480	-0.001759	-0.044227	0.023197	-0.025963	0.010724	0.021286	-0.042220	-0.006602	0.025085	0.011542	0.000545	-0.016777	-0.054013	0.010982	0.001944	0.070962	-0.025558	-0.001340	-0.005557	0.000522
chr10:23507437-23509437	0.631056	1.083855	0.259320	0.139783	-0.258803	0.102270	-1.257856	-0.018902	-0.468059	-0.351971	0.829614	-0.623642	0.128114	0.302364	-0.075804	-0.288943	-0.136674	0.019838	0.168577	-0.042357	0.013038	0.039028	-0.030369	0.065216	-0.127767	0.113455	-0.078714	-0.002984	-0.074995	0.002225	-0.227288	0.138443	-0.005916	0.024973	-0.025875	-0.027371	0.070256	0.056761	0.059350	0.043511	0.098315	0.040145	0.025452	0.012214	-0.014130	0.045382	0.052444	-0.057413	0.055514	0.058573	0.032482	0.036258	0.060270	-0.030415	0.031533	0.050458	-0.079534	-0.045171	-0.081470	0.006842	-0.052378	0.026202	0.048494	-0.014085	0.014877	-0.109327	-0.038474	-0.016410	0.024959	-0.011296	-0.046288	0.071616	-0.036070	-0.012036	-0.048420	-0.037141	-0.065236	-0.023991	0.069930	-0.026017	0.009698	-0.052110	0.024955	0.031151	0.000388	0.010617	-0.019610	0.006062	-0.048880	-0.057900	-0.009137	0.027956	-0.011816	0.037931	-0.030304	0.007779	-0.066310	0.033326	-0.029619	-0.003248	0.035910	-0.002139	0.057133	0.004900	0.034489	0.007696	-0.062034	-0.052292	-0.004467	-0.035577	0.024546	-0.074789	-0.024120	0.043431	-0.038667	-0.040637	-0.041745	-0.015118	-0.008003	-0.036986	-0.019726	0.012622	0.018619	0.053295	-0.000154	0.009619	-0.001134	0.004159
chr6:74596274-74597932	0.034544	-0.361947	0.257432	-0.201898	0.186098	0.112565	0.221996	-0.028342	0.036849	-0.026256	-0.162105	-0.186988	-0.169153	-0.059804	0.147965	0.186043	-0.046213	0.067794	-0.039036	-0.121999	-0.049246	-0.101422	-0.121802	-0.028720	-0.005533	-0.002700	-0.115145	0.011173	-0.258035	-0.281394	0.067413	-0.003636	0.312181	-0.215957	0.026766	-0.062434	-0.264843	-0.129744	-0.118251	-0.066681	0.053427	-0.047650	-0.119459	-0.134155	-0.013261	0.047203	-0.077896	0.059856	0.192847	0.012971	0.032645	0.275104	0.207113	-0.046710	-0.071797	0.090278	-0.000728	0.075275	0.052546	-0.099637	0.129291	-0.143932	0.042798	-0.045387	0.053097	0.000951	0.056756	0.113977	0.185700	0.041868	-0.165241	0.071528	0.130440	-0.066452	-0.040645	-0.104842	0.022106	-0.030986	0.021212	-0.226388	-0.012951	0.035923	0.244626	0.064787	-0.057939	0.022216	0.019769	-0.023835	-0.126771	0.222901	-0.089518	-0.128370	-0.068650	0.087848	0.130084	0.060182	0.000509	0.042743	-0.071028	0.038219	0.129488	0.106086	0.045273	0.008892	-0.063222	-0.011481	-0.004489	-0.107331	-0.118212	0.129344	-0.041398	-0.097923	-0.146354	0.137722	-0.027865	-0.200684	0.136607	0.025463	0.232888	0.096635	-0.022702	0.017557	-0.099178	-0.036062	0.054722	0.002475	-0.098152	0.025415
chr13:73925602-73926000	-1.683695	0.114417	0.443728	-0.356525	-0.230229	0.105245	0.085649	-0.236952	-0.267860	-0.115600	0.065584	-0.006859	0.203584	-0.202769	-0.031741	0.121777	0.074557	-0.075619	-0.041221	-0.130436	-0.248444	0.254874	0.164786	-0.093899	0.144136	-0.239846	0.303637	0.205459	-0.154131	0.221586	0.013648	0.193743	-0.210906	0.385131	0.308028	0.017605	-0.100224	-0.152413	0.262353	0.309998	-0.133041	0.117006	0.163125	0.005699	0.141283	-0.236665	-0.318404	-0.098314	-0.064446	-0.170813	0.002826	0.014725	0.047524	-0.341120	0.161517	-0.086878	0.168043	0.215259	-0.152380	-0.008926	0.099366	-0.198310	-0.118830	0.062477	0.310026	0.328829	-0.018183	-0.082574	0.128155	0.146350	0.115053	-0.149085	-0.024307	0.075152	-0.134077	-0.085339	0.103455	0.145230	0.184194	-0.023630	-0.028813	0.112523	0.029817	-0.005329	0.162228	0.193935	0.007923	-0.034353	0.015464	0.068271	-0.236553	-0.056319	0.004576	0.093479	-0.093251	-0.123058	-0.040777	-0.148407	-0.260269	0.069366	0.115022	0.087633	-0.103275	-0.094355	0.120847	0.114449	-0.029903	0.161503	0.007407	-0.096277	-0.088336	0.031282	-0.045729	0.267608	0.016244	-0.046683	0.029062	-0.149286	-0.020156	-0.206161	0.050785	0.182874	-0.321624	-0.297756	-0.098334	-0.039830	0.058763	0.004418
chr18:45433802-45447600	0.825025	1.116508	0.051349	0.031500	0.469064	-0.365505	0.277140	-0.053147	-0.058255	-0.132073	-0.171077	0.066026	-0.080391	0.012286	0.037301	0.224189	0.049759	0.071662	0.113693	0.061115	0.045672	-0.155035	0.101690	0.017570	-0.027415	-0.203739	0.148167	0.059528	0.070479	0.001456	0.041176	0.074342	0.003515	0.087132	-0.009409	0.003110	-0.075881	0.162783	-0.025422	0.003080	-0.039186	-0.024573	0.039167	0.102236	0.070187	-0.028310	0.020785	-0.048394	-0.052204	0.050901	-0.082583	0.131308	-0.008049	-0.078501	0.036647	0.081736	-0.039612	0.024394	-0.060105	-0.021873	-0.028872	-0.030047	-0.113542	-0.025555	0.197476	0.007230	-0.002871	0.001013	-0.026803	-0.040061	0.151773	0.118511	-0.028014	-0.143963	-0.089735	0.138824	-0.120930	0.106935	0.066980	-0.026539	0.134784	0.051789	-0.199742	-0.024060	0.135308	0.070328	0.057183	-0.114036	-0.117027	0.094185	-0.037218	0.031247	0.079277	-0.005864	-0.079587	-0.051616	0.080661	-0.006594	0.159642	0.115913	0.120017	0.116920	-0.036702	0.190013	-0.007851	-0.024828	-0.152171	0.065457	-0.063357	0.056140	0.107011	0.173406	0.106538	-0.083961	-0.080582	0.088413	0.004656	-0.014507	-0.095108	-0.008387	-0.119111	0.041999	0.001317	0.063126	-0.046550	-0.073202	-0.036049	0.121083
chr20:56942402-56943200	-0.381184	0.541805	0.256780	-0.026183	-0.406344	0.541666	0.240001	-0.181007	0.010142	-0.017396	-0.224387	0.347489	0.110869	0.158716	0.035576	-0.140302	0.075923	0.011124	0.083606	0.314605	-0.068489	-0.078936	-0.022813	-0.076288	-0.128123	0.105002	0.108237	-0.019121	0.093821	0.035478	-0.056337	0.172014	-0.127318	0.079669	0.280455	0.085581	-0.040715	-0.023515	-0.127953	-0.087109	-0.092257	-0.161583	-0.196770	-0.441600	-0.137665	-0.029148	0.027785	-0.046206	-0.065427	-0.027317	0.066309	-0.129107	-0.096565	-0.045366	0.032099	0.118146	0.025659	-0.018232	-0.224126	0.044426	0.105433	0.094791	0.115761	0.138433	-0.006533	0.340633	-0.110653	0.385100	-0.069111	0.205110	-0.125081	0.156463	-0.082992	-0.158293	0.044550	-0.181412	-0.034005	0.027013	-0.007148	0.167296	-0.062267	-0.249529	0.206984	-0.242661	-0.096522	0.056753	-0.257292	-0.085133	-0.097656	0.060184	-0.051843	-0.093227	0.093989	0.090668	-0.116430	0.013424	0.127391	0.215554	-0.112786	0.033924	0.137571	0.018501	-0.079079	-0.039279	-0.001321	-0.015995	0.018736	-0.152195	-0.005017	0.165252	0.070217	-0.047540	0.191623	-0.055794	0.108679	0.119529	-0.132421	-0.130650	-0.035204	-0.117501	0.106368	-0.064707	0.053457	0.049405	0.019444	0.349805	-0.027186	0.133506
chr7:6511002-6522600	0.874447	0.986752	-0.421314	0.194903	-0.256491	-0.219939	-0.011392	0.137896	0.102596	0.225979	0.013922	-0.037878	0.061251	0.078292	-0.125759	0.382783	0.194045	0.008514	-0.050149	0.040241	0.055132	-0.083505	-0.011963	-0.026565	-0.148637	-0.136042	-0.174473	-0.022535	0.085764	0.095191	0.003899	-0.168741	0.093292	-0.000197	-0.022780	-0.074776	0.114356	0.006646	0.068851	-0.033701	-0.144599	-0.043485	0.017375	-0.061776	0.011940	0.114617	-0.310225	-0.032015	-0.089564	-0.012675	-0.014961	-0.115335	0.008528	0.122294	-0.049142	-0.031185	-0.101654	-0.014910	-0.034840	-0.157863	-0.067986	0.054915	-0.007254	-0.067002	0.089098	-0.071477	0.109948	-0.072982	0.072525	0.289559	0.118775	0.098014	-0.022315	0.012906	-0.198372	0.134041	0.158797	0.014398	0.118522	0.011875	-0.036607	-0.041615	-0.036087	-0.066755	0.120368	-0.205052	-0.062436	-0.088018	0.117295	0.044112	-0.024210	-0.123977	0.036125	0.037184	-0.100976	0.176675	0.007324	-0.043563	-0.185904	0.200228	0.106053	-0.016505	0.268793	-0.066189	0.147486	0.110480	-0.085390	-0.084187	-0.054370	0.027471	0.064895	0.080167	-0.088321	0.040144	0.036835	-0.068845	0.010795	-0.071575	0.116208	0.019924	-0.166349	-0.020688	0.022702	0.181537	-0.003017	-0.049995	0.099549	0.052032
chr5:147211002-147213600	0.725122	-0.290468	0.307754	-0.046617	0.211305	0.016778	0.072504	-0.060551	0.094321	-0.270315	0.135025	-0.080674	-0.186760	-0.182547	0.007271	-0.077952	-0.195302	-0.130027	-0.102044	0.131608	0.037852	-0.100481	-0.165884	-0.186458	-0.036529	0.025040	-0.164513	-0.082682	-0.007822	-0.127948	0.076462	0.010353	-0.045879	-0.122099	0.068211	-0.144336	-0.020209	-0.073790	-0.033994	-0.020303	0.035710	0.077192	0.159049	-0.057410	-0.060790	-0.232065	0.029779	0.000810	0.086018	0.216760	-0.112013	0.012123	0.014872	-0.120885	0.038999	0.132740	0.132203	0.161978	-0.019341	-0.025849	-0.010765	-0.082746	0.009970	-0.090753	-0.046793	0.074324	0.075030	0.117038	0.017685	0.080920	0.022721	-0.124149	-0.070084	-0.014588	-0.184088	-0.092067	-0.014863	0.158078	0.224113	0.130840	-0.086701	0.185422	0.043569	0.060779	0.013840	-0.166157	0.129659	-0.103358	-0.134858	0.041499	-0.160001	0.094814	-0.167159	0.049704	-0.113941	-0.173892	-0.147608	-0.100032	0.052125	0.024130	0.102361	-0.190169	-0.025596	-0.044942	-0.053125	-0.005832	0.044499	0.126695	-0.091702	-0.167273	-0.019230	0.085000	0.020491	0.004658	0.105217	0.027453	-0.058197	-0.053128	0.003615	-0.011487	-0.033759	0.130298	0.067363	-0.107262	-0.069713	0.058252	-0.054090	0.052417
chr9:100556802-100557800	-0.303572	0.085676	0.418605	0.037616	0.006908	0.443440	-0.160917	0.341393	0.132939	0.544231	-0.091568	-0.171642	0.185422	0.095434	0.003964	0.020571	-0.238835	-0.067430	0.236313	-0.038880	-0.045595	-0.093581	0.049092	-0.041921	-0.247450	-0.155699	-0.085214	-0.053181	0.237380	-0.067135	-0.063634	-0.307937	-0.018527	0.123417	0.080925	0.136860	-0.200283	-0.023383	0.042017	0.247410	0.073309	0.342331	0.274041	-0.219719	0.118371	-0.008592	0.071565	-0.243350	-0.272719	-0.158429	0.145925	-0.046331	0.012108	-0.149335	-0.070321	0.063923	0.052178	0.128448	-0.270788	-0.044312	-0.100449	0.100469	-0.044551	0.227435	-0.109253	-0.083456	0.036899	0.114717	0.046333	-0.013253	0.130792	0.091170	0.008085	0.047786	0.089094	-0.062365	-0.024213	-0.229997	-0.064842	-0.275984	-0.210341	0.180201	0.149507	-0.087016	0.184474	0.133697	0.078316	-0.111606	0.126003	0.009328	-0.033495	-0.029796	0.159299	-0.074017	0.091697	-0.027547	0.050820	0.010901	-0.034937	-0.180714	-0.091034	-0.048575	-0.138934	0.040411	0.038726	0.029730	-0.185674	0.195043	0.154740	0.043022	-0.194796	0.030772	-0.099664	0.120408	0.160033	-0.097815	-0.002749	0.016889	0.000108	0.192650	-0.002990	0.100821	-0.051030	0.050536	-0.071928	-0.137762	-0.096912	0.074006
chr9:100551602-100552200	-1.171719	-0.475808	0.479272	-0.259531	0.154222	0.386296	-0.125564	-0.090826	-0.264978	-0.280583	-0.038564	0.067541	-0.239148	0.265597	0.102449	0.277795	0.192935	-0.152653	-0.042493	0.125158	-0.066115	-0.184960	-0.045636	0.129602	-0.031330	-0.268625	-0.056834	-0.049936	-0.007270	0.061376	0.211159	0.114963	-0.190036	-0.002122	-0.092961	0.249133	0.000861	0.004521	-0.110791	-0.057216	-0.075993	0.122978	0.103441	0.066824	-0.049859	0.115794	0.369480	0.090738	-0.029745	-0.112055	0.045777	0.126594	-0.263645	-0.108709	-0.067432	-0.131063	-0.203799	0.195075	0.052172	0.126997	0.188608	-0.074724	0.195946	0.197767	0.048460	0.137631	0.058641	0.181613	-0.016508	0.066155	0.071688	0.067899	0.041738	-0.030660	0.067517	-0.188813	0.065650	0.006065	0.003172	0.048619	0.075413	-0.123333	0.098198	0.140174	0.044946	0.012264	0.056176	-0.026646	0.005233	0.004466	0.190407	0.214427	0.011927	-0.022004	0.109285	-0.021231	0.070174	0.116314	-0.038028	-0.113346	0.048484	-0.199039	0.036713	-0.005275	-0.207242	0.140987	-0.098091	0.204470	-0.131431	-0.083436	0.127313	0.016537	0.004956	0.108079	-0.076736	-0.016337	-0.129304	0.093103	-0.016940	-0.145723	-0.092285	-0.080713	-0.108830	0.115298	-0.036783	0.224562	0.098622	-0.010038
chr9:100554802-100556800	0.102207	-1.623756	0.306288	-0.068246	-0.030639	-0.020180	-0.021652	0.133226	-0.122445	0.118452	-0.113889	0.056166	-0.279134	0.044891	0.194934	0.089410	-0.048593	0.007143	0.198102	-0.086414	0.203638	0.019258	-0.135768	0.085406	0.049770	0.158663	0.118531	-0.126765	0.080109	0.208307	-0.032770	-0.004311	0.059288	-0.058304	-0.022411	-0.026157	0.070854	-0.087839	-0.290459	-0.131422	0.118905	0.019725	-0.069063	0.072569	0.064105	-0.008906	0.013433	-0.221288	-0.073776	0.069281	0.125594	0.061510	0.005552	-0.079759	-0.039484	-0.186952	0.051440	-0.159823	0.084036	0.085074	0.170592	0.078314	0.025917	0.042619	0.066123	-0.007597	0.005106	0.039696	-0.021515	0.032955	0.138113	-0.081522	-0.024200	0.135434	0.058629	-0.210343	-0.009306	0.056857	-0.048610	0.145384	0.164601	-0.009428	0.044062	-0.201228	0.154433	0.044612	0.058935	0.182498	-0.007033	-0.138343	-0.081527	-0.169543	-0.117427	-0.214874	0.028920	-0.094286	-0.192225	-0.047233	0.019385	0.097262	-0.004786	-0.065023	0.026150	0.024064	0.125828	-0.025959	0.090619	0.109485	0.014207	-0.091298	0.016191	0.114486	-0.021720	0.056334	-0.060198	0.034842	0.026607	0.195362	0.080260	-0.161744	-0.034702	-0.041919	0.159906	0.056191	-0.123456	-0.020570	-0.019258	-0.009917
chr4:90672602-90676200	0.928526	0.399323	0.150584	0.011273	0.377416	-0.322069	0.001902	-0.205541	-0.091613	-0.075785	0.123814	0.201353	0.080237	-0.103384	-0.185487	0.001691	-0.094886	0.048309	-0.043549	-0.090083	0.117048	0.011222	-0.146066	-0.011733	0.008548	0.013192	-0.015712	-0.056447	0.017404	0.039957	0.038885	-0.061495	0.100378	-0.146235	0.083061	0.011575	-0.211778	0.108936	0.057306	-0.027031	0.017334	0.215443	0.165933	0.058785	-0.058299	-0.297138	0.236168	-0.028858	-0.023686	-0.018018	0.160080	0.099403	0.062444	0.038925	-0.057212	-0.125024	-0.007341	-0.100596	0.048818	0.001013	-0.005684	-0.116959	0.057546	-0.083719	-0.030416	-0.089274	-0.049431	0.023982	0.014965	-0.103162	-0.104761	-0.019030	-0.151430	-0.061957	-0.049537	-0.009120	-0.018286	0.076912	-0.192291	0.160668	-0.119024	-0.039933	-0.047735	-0.130124	0.123906	0.042574	0.197375	-0.043869	0.003337	-0.048527	0.083760	0.089272	0.029495	-0.005383	-0.030655	0.042815	-0.155007	-0.173247	-0.104553	0.013437	-0.074907	0.013213	0.052332	-0.020713	0.138678	0.046473	-0.035021	-0.135177	0.071070	-0.035730	-0.049373	-0.099710	-0.060887	-0.008851	-0.023961	-0.020778	0.126569	-0.113288	0.009227	0.196758	0.031235	0.161211	0.160883	-0.058481	-0.064665	0.031958	0.240429	0.016022
chr7:107300201-107302201	0.438414	0.020261	0.433252	-0.055034	-0.271657	0.074384	0.135038	-0.138849	-0.170143	-0.149653	0.020939	0.116514	-0.068455	-0.031922	0.025161	-0.100469	-0.108297	0.220078	0.080764	-0.085735	-0.109284	-0.022680	-0.014606	0.025518	0.154411	-0.043261	0.018317	-0.045183	-0.043593	0.060757	0.124869	0.077318	0.045719	-0.120576	0.076562	-0.308640	-0.103339	-0.208700	0.007471	0.184643	0.075002	0.097904	-0.202897	-0.076723	0.123707	-0.104871	0.284536	0.019829	-0.033217	-0.061503	-0.031906	-0.121533	0.259373	-0.048849	0.027418	-0.019859	0.014972	0.020262	-0.052768	-0.009130	-0.042681	-0.160399	-0.054809	0.146762	0.151151	0.038687	0.155743	-0.109845	0.039535	0.066260	-0.040271	0.006989	-0.151093	0.022668	0.147564	-0.184431	0.136930	0.043395	0.058528	0.007541	0.059252	-0.081484	0.019698	0.090482	0.171642	0.103914	-0.006594	-0.015406	-0.080837	0.190394	-0.003760	0.069152	-0.115085	-0.016673	-0.119364	-0.073697	0.002484	-0.051860	0.066734	-0.057168	0.194300	0.044079	-0.088434	0.078494	0.176874	0.007092	0.132296	0.005952	0.164488	-0.258209	-0.017030	-0.049493	0.017729	-0.166357	-0.016585	0.120696	-0.111841	0.018271	0.038145	0.138648	0.157977	-0.120922	0.063693	-0.117430	0.045194	0.109866	0.102473	-0.055825
chr2:113586802-113594400	0.467258	-0.395324	-0.151900	-0.044800	-0.038905	-0.097675	0.116980	0.184691	0.131096	-0.088976	0.050510	-0.128551	0.029197	-0.182789	-0.067506	0.014381	0.036301	-0.082418	-0.000536	0.081827	-0.202382	-0.020440	-0.070901	0.067701	0.058753	-0.012702	0.104442	0.089466	-0.001661	-0.011501	0.016184	-0.000251	0.043107	0.131342	0.167336	0.051051	-0.008494	0.206493	0.023209	0.038815	0.083821	-0.144157	0.114944	-0.036189	0.038815	-0.068903	0.069580	0.105672	-0.060510	0.120461	-0.086178	0.017050	0.142082	-0.119265	0.048081	-0.064928	-0.024731	0.108089	-0.068580	-0.049613	-0.112518	0.174036	-0.134507	-0.247596	0.069009	0.063572	-0.013032	0.104021	0.123393	-0.054527	-0.111143	0.011658	0.031248	-0.049304	0.046668	-0.126697	0.045200	0.118058	0.015842	-0.081514	0.076044	-0.094639	0.089930	-0.044958	-0.064786	0.021837	0.011380	-0.120135	0.207913	-0.053212	-0.044650	0.009464	0.057133	-0.020383	-0.035651	0.021389	0.007624	0.039172	-0.046307	0.090086	0.063022	-0.107887	0.019923	0.095424	0.040197	-0.001611	0.136817	-0.053061	-0.099160	0.066926	-0.105354	0.055793	-0.069635	-0.041616	0.032462	-0.064336	0.014633	-0.050663	-0.185168	0.052584	0.001694	-0.127607	0.011195	-0.082759	-0.153153	0.130183	-0.010867	0.092463
chr2:113536602-113543000	0.629139	-0.626611	0.254482	0.009440	-0.011855	-0.087649	-0.122625	0.023722	-0.098574	-0.030340	0.019390	-0.015078	-0.067747	0.179788	0.220806	0.043182	0.107832	-0.026955	-0.080071	-0.112493	-0.054607	0.058139	0.039389	0.055538	-0.118779	-0.064788	0.010652	0.034549	-0.047689	-0.081431	0.111954	-0.028409	0.029264	-0.045321	-0.016601	0.027074	0.083892	0.081901	-0.087841	0.158455	0.075011	0.055071	-0.028662	0.159282	-0.207514	-0.042331	-0.004366	-0.065492	-0.085384	-0.178450	0.006571	0.000570	0.010433	0.113725	0.054786	0.120798	0.112407	-0.086827	-0.112273	0.096791	0.027281	-0.019074	0.118987	0.005570	-0.147779	-0.113336	0.052377	0.086799	-0.141408	0.003623	-0.067106	0.022021	-0.056582	-0.115370	0.116539	0.039522	0.065768	0.051549	0.189729	0.117157	0.090022	-0.044189	0.086717	0.022960	-0.090401	-0.027517	0.107618	0.011535	-0.111784	0.077658	0.072783	0.004856	0.187285	-0.263120	0.003875	0.033710	0.042186	-0.177839	0.114135	-0.045358	-0.037830	0.104503	-0.127422	0.109707	0.002986	-0.146815	0.150333	0.074013	0.098638	0.087778	0.145286	-0.062147	0.014660	0.029851	-0.060071	0.203063	0.071689	-0.090664	-0.064344	0.083228	0.001455	0.133475	-0.177624	-0.042635	-0.192034	-0.095992	-0.068636	-0.141597
chr21:40274002-40306000	0.647706	-0.875688	0.168934	0.026978	0.048922	0.060944	0.179287	0.233686	0.002013	0.052407	0.266807	-0.126643	0.040761	-0.002950	-0.129145	-0.045782	0.089041	0.028658	-0.220904	-0.057635	0.146650	0.085265	0.053498	-0.069440	0.057239	0.077059	0.056652	-0.096298	-0.205510	-0.109256	-0.031720	-0.004482	-0.110690	-0.053027	0.051758	-0.005919	0.120231	0.027050	0.137161	-0.046009	0.029705	-0.152151	-0.025962	0.325712	-0.089795	0.003508	-0.147914	-0.068380	0.080781	0.081153	-0.028056	0.351852	0.079547	0.107843	-0.008719	0.108886	0.203748	0.022392	0.115361	0.095435	-0.043225	-0.079980	-0.113303	-0.042923	0.116771	0.201345	0.159250	0.023560	-0.024544	0.132937	-0.184389	0.181419	0.078171	0.032740	-0.099494	-0.006235	0.075155	-0.049206	0.039051	0.026495	-0.021884	0.044423	-0.017389	0.067312	0.098876	0.139183	-0.000686	-0.107493	0.056240	-0.038860	0.075631	0.116208	-0.039595	-0.014260	0.015820	0.134293	0.011352	0.069450	0.022696	0.211132	0.051990	0.028790	0.136057	0.051980	0.033519	-0.042377	-0.064966	0.036528	0.002439	-0.043008	-0.009770	0.030643	0.042867	0.094767	0.040530	-0.105161	0.065407	-0.018081	0.072634	0.074259	0.103162	0.073940	-0.083961	-0.020985	0.063316	-0.004496	-0.013110	-0.019652
chr17:68675303-68677303	0.371067	-0.925204	-0.047314	-0.118799	0.007700	-0.032707	0.094382	0.163534	0.120534	-0.163102	0.140520	-0.168827	0.129490	0.085674	0.109343	-0.117490	-0.089358	-0.020678	-0.119164	0.216350	-0.093701	-0.004403	-0.024377	-0.258880	0.093123	-0.069678	0.256605	-0.078018	-0.099414	0.211962	-0.212345	0.027560	0.016034	-0.064271	0.014211	0.125006	-0.163395	-0.150881	-0.006594	0.005070	0.030078	-0.138199	-0.065749	0.148230	0.085733	-0.001712	-0.025703	0.013582	0.252324	-0.107852	-0.151102	0.101726	0.008215	-0.105736	-0.138460	0.011572	-0.065723	0.187805	-0.074989	0.258746	0.202615	0.065568	-0.003922	-0.182911	-0.085808	0.070635	0.041873	0.045610	-0.088717	0.080889	-0.089623	-0.025578	-0.212432	0.141444	0.094503	0.055492	-0.001359	0.117777	0.042810	-0.002898	0.012009	-0.246254	0.059877	0.220956	0.060765	-0.084571	-0.023048	0.255204	-0.010752	-0.095456	-0.020360	0.104999	0.048080	-0.063240	0.059998	-0.019249	0.088179	-0.194185	-0.041445	0.065820	-0.033497	-0.192663	0.013408	-0.088472	-0.017365	0.015605	-0.123050	0.133626	0.046885	-0.068256	0.148731	0.030823	0.113443	0.017080	0.048550	-0.113657	0.029464	-0.095045	0.152956	0.214353	-0.000439	-0.126863	0.151397	0.090468	-0.002378	-0.104925	-0.056642	0.013766
chr17:68697977-68699977	0.576071	-0.256442	-0.259490	0.029648	0.098295	0.173499	-0.036107	-0.242388	0.113776	0.101038	-0.089849	-0.257494	-0.029245	-0.137841	-0.180165	0.241986	-0.042783	0.087366	0.120463	-0.048681	-0.086675	0.080444	-0.029379	0.171662	0.005671	0.015013	-0.039705	0.227158	-0.095506	-0.130752	0.095840	0.138291	0.131924	0.008880	0.094505	-0.010576	0.047126	-0.003574	-0.033470	-0.112385	-0.135359	0.155789	0.037092	0.105135	0.263844	-0.139980	-0.020495	-0.273939	-0.033110	-0.235533	0.028635	-0.052078	-0.175502	0.094912	-0.089172	0.029614	0.092944	-0.103501	-0.018608	-0.068244	-0.004721	-0.043822	-0.052441	-0.093951	0.017520	0.070571	-0.059295	-0.208622	-0.056269	0.035210	0.038743	0.069918	0.072534	0.063521	-0.122267	0.025171	-0.170885	0.231298	-0.070614	-0.127091	0.031440	0.090689	0.058905	0.011466	0.094517	-0.205355	0.002094	-0.127400	0.169590	0.047425	0.088638	0.072161	0.009053	-0.003518	-0.174138	-0.073184	0.052396	0.016359	0.075119	-0.045613	0.109089	-0.126709	-0.025474	-0.187962	-0.090805	-0.014299	0.003320	0.002246	-0.081002	0.014309	0.112706	-0.079428	-0.115245	0.059304	-0.108141	0.157998	0.074532	0.094857	-0.086815	-0.208048	-0.063135	-0.097030	0.014045	-0.045019	0.096223	0.009386	0.096313	0.006681
chr17:68734530-68736530	0.592986	0.294236	-0.028883	-0.114543	0.290248	-0.013550	0.038468	-0.227205	-0.101028	0.195922	-0.121598	-0.143050	0.250970	-0.141492	0.107771	0.000065	0.014108	0.008997	0.039070	-0.055394	-0.153197	0.001961	-0.115733	0.001367	0.055006	0.101718	-0.188916	-0.155834	-0.096073	0.009890	0.022472	-0.011875	-0.066530	0.034060	-0.046435	-0.015907	0.050554	-0.177892	-0.017877	-0.122165	0.204418	0.051258	-0.128958	0.008878	-0.041369	-0.015872	0.040343	0.065058	-0.146388	-0.109168	0.039166	-0.098387	-0.096774	0.084884	0.110492	0.197615	0.030732	-0.032225	-0.189654	-0.096856	-0.221346	0.181138	-0.008708	0.025715	0.011562	0.112506	-0.108179	-0.058403	0.089142	-0.043718	-0.058644	-0.069498	-0.102238	-0.012162	-0.047778	0.093960	-0.157289	0.188096	-0.133720	0.134757	-0.117108	-0.130791	-0.060132	0.062460	-0.021109	0.067946	-0.092075	0.042957	0.151595	-0.093759	0.028895	0.157446	0.137800	0.037180	-0.199107	-0.011252	-0.135812	-0.167398	0.052662	-0.162829	-0.058255	0.109752	0.012102	0.035981	0.012948	-0.042047	0.028144	-0.137186	0.049319	-0.183956	-0.079244	0.018159	-0.080874	-0.025067	-0.051336	0.028685	0.158055	-0.044008	-0.093507	-0.009859	0.050837	-0.044830	-0.012640	0.161814	0.085534	0.130388	-0.170044	0.015472
chr17:68746322-68748322	0.418582	-0.509426	0.379174	0.003682	-0.060396	-0.032273	0.126618	-0.027417	-0.010060	-0.071068	-0.019260	0.030700	0.368264	0.081770	0.043015	-0.021671	0.004489	0.031596	-0.076975	-0.211728	0.108657	-0.006404	-0.185694	-0.007116	0.150050	0.074018	-0.060153	0.055727	-0.183826	-0.064967	0.016336	0.026075	0.114567	0.119503	0.246007	0.092875	-0.076986	-0.190004	-0.080434	-0.020350	-0.029962	0.052254	-0.032014	0.140374	0.167591	0.087053	0.017423	0.130745	0.005367	-0.080601	0.134421	0.145545	0.134777	0.067314	-0.172778	-0.178789	0.014738	-0.043180	0.081891	-0.064122	-0.099574	0.075003	-0.040442	-0.129377	-0.010107	-0.042661	-0.023768	0.086040	-0.149674	-0.159908	-0.323037	0.022388	0.147812	-0.060356	-0.023536	-0.150785	-0.044292	0.044291	-0.042575	-0.034002	-0.165912	-0.163848	-0.028939	0.053529	-0.169269	-0.051769	0.001542	0.004936	-0.018562	-0.148889	0.045981	0.140910	0.231139	-0.024653	0.062757	0.252014	0.078383	0.005427	0.004867	-0.068300	0.085123	0.125170	-0.134542	0.069940	-0.030172	-0.033482	0.129979	0.041286	0.115713	-0.095417	0.049056	0.073039	0.062493	-0.239780	0.071004	-0.093427	0.040725	0.122941	0.130299	-0.016234	0.102847	0.029517	-0.015377	-0.120299	0.080699	-0.107445	-0.051786	0.065701
chr17:68771750-68773750	0.738491	-0.093077	-0.049679	0.056172	-0.016899	0.187416	0.008537	-0.074916	-0.053597	0.023918	-0.032156	0.162010	0.209708	-0.092502	0.015651	0.206060	-0.016071	0.011169	0.259098	0.098537	-0.185488	-0.117962	-0.023536	0.169820	0.217729	-0.074411	-0.019007	0.177273	0.091090	-0.285052	0.122413	0.031310	0.040243	-0.279899	-0.211423	-0.197156	-0.046783	-0.042809	-0.083269	0.115146	-0.116998	0.113648	0.050845	0.103439	0.118703	0.015870	0.019206	-0.275831	-0.137365	0.120167	0.017203	-0.267188	-0.062577	0.062360	0.167405	-0.188211	0.124994	-0.011206	0.006533	-0.152065	-0.069198	-0.020659	-0.221002	-0.053745	0.266771	-0.082211	-0.097750	-0.174380	0.001766	0.058140	0.033374	0.148064	-0.066655	-0.062975	0.112274	0.089978	-0.007712	-0.102559	0.115565	-0.011025	0.045543	0.073105	0.087379	-0.073904	0.023446	-0.294774	0.081423	-0.017499	-0.031600	-0.019247	0.256006	-0.051195	0.107241	-0.040084	-0.087128	-0.091558	0.000012	-0.130040	-0.135704	0.117780	0.107127	-0.139053	0.040751	-0.057642	-0.203005	0.040023	-0.116679	0.045386	-0.054060	0.141719	-0.157567	0.005159	0.214855	-0.045143	-0.050512	-0.179286	-0.008412	0.079422	0.048072	0.061636	0.034332	0.040341	-0.014147	0.019023	-0.147105	-0.018138	-0.225892	-0.128217
chr17:69705602-69706600	-0.560626	-0.148460	0.174931	-0.195810	0.165955	0.206149	-0.343213	0.019238	-0.199455	0.011872	-0.017719	0.147796	-0.022927	0.105730	0.095222	0.036369	-0.095805	0.171091	0.089840	-0.086446	-0.191105	-0.158589	0.048595	-0.038159	0.032287	-0.110048	0.011481	0.005375	-0.053398	-0.242511	0.230223	-0.155235	-0.007703	-0.040720	0.002112	0.202730	0.114967	-0.176047	-0.085428	-0.031585	-0.074313	-0.055907	0.066601	0.023434	-0.031396	0.021062	0.194491	-0.041561	-0.071552	-0.250295	-0.045494	-0.212616	-0.038009	-0.125708	-0.056740	0.074471	-0.010735	-0.114139	-0.025860	0.019689	0.271166	-0.096194	0.065775	-0.093176	-0.173548	-0.025686	0.052768	0.124561	0.049241	0.025484	-0.048646	0.081499	-0.216298	-0.006935	-0.143281	-0.105775	-0.046079	0.144009	-0.215125	0.125589	-0.063248	0.102913	-0.112349	0.022992	-0.067837	0.068261	0.051934	0.028852	-0.060753	-0.008484	-0.318231	-0.104180	0.109186	-0.063665	-0.116054	0.030398	0.037733	-0.014654	-0.092478	0.085515	-0.097446	-0.076741	0.039702	0.143389	0.083792	-0.095838	-0.056776	0.002798	-0.143698	-0.156274	-0.200361	-0.180309	0.129941	-0.053486	-0.037347	-0.117230	0.016777	0.140331	-0.120107	0.077704	0.094196	0.027845	0.000104	0.004957	0.173239	-0.133835	0.074340	0.050242
chr10:127505002-127508800	0.900661	-0.690251	0.013791	0.000268	0.198308	0.099909	0.158177	0.142103	0.135588	-0.109555	-0.077868	-0.059292	-0.030818	0.098634	-0.002386	-0.191174	-0.012288	-0.211618	0.136397	0.014990	0.054389	-0.185755	0.032712	-0.136367	-0.048721	-0.209928	-0.048429	-0.018780	0.115616	-0.093124	0.042601	0.047268	0.154290	-0.038983	-0.192635	-0.282270	0.157222	0.143156	-0.045122	0.056751	0.047937	0.024068	-0.143086	-0.142520	-0.113896	0.061693	-0.142787	-0.141574	-0.003166	-0.139760	-0.110107	0.077500	-0.094971	-0.070706	0.014348	0.249873	0.168492	-0.138520	-0.105357	0.050967	0.022518	0.027017	0.009989	-0.169596	-0.248095	-0.200737	-0.017763	-0.038817	0.045653	0.130947	0.042898	0.047038	0.217402	-0.028831	-0.148571	0.158769	0.227046	-0.113238	-0.114260	-0.031051	0.118048	-0.215258	-0.186370	-0.103121	-0.154169	0.028643	-0.047022	0.111926	0.180944	0.120893	0.070023	-0.052378	-0.011251	-0.148729	0.132144	-0.026548	0.083453	0.083636	0.161494	0.004437	-0.131940	-0.146984	-0.074156	-0.162553	0.076507	0.133344	0.160459	-0.016969	0.093616	-0.031737	0.160699	0.025262	0.116809	0.049024	0.109383	0.090265	-0.093149	-0.021793	0.057049	0.056812	-0.035798	-0.015819	-0.112188	-0.150204	0.036183	-0.064638	-0.081611	0.144385
chr11:118947402-118955800	1.152819	0.344721	0.082969	0.235576	-0.395189	0.059845	-0.271267	0.244782	0.012092	0.035715	0.012321	-0.091016	-0.020119	0.002504	0.257425	-0.113409	-0.083281	0.059787	-0.013620	0.143247	0.030917	0.020505	0.060750	-0.170095	0.198035	-0.172870	-0.100109	0.042334	0.053779	-0.078221	0.215982	-0.128838	0.121800	0.000128	-0.230194	0.026629	-0.043744	-0.118500	-0.054897	-0.138767	0.029342	-0.099771	-0.024769	-0.140062	-0.041746	0.069214	-0.070909	0.088197	-0.331124	-0.201768	-0.080355	-0.005996	0.129468	-0.014004	0.002116	-0.229893	0.059081	0.026530	0.047879	-0.133854	-0.063213	-0.130840	-0.025448	0.014906	0.053121	0.129565	-0.003533	-0.285004	-0.103923	0.159966	0.025438	0.076689	0.202216	0.153489	0.078610	0.015195	0.216201	0.100325	0.011889	0.019190	-0.008512	0.016840	-0.171561	0.023766	0.061821	0.135318	-0.105810	0.053241	0.027419	0.010384	0.137546	0.028133	-0.144689	0.071955	-0.040226	0.078007	-0.025005	-0.123258	-0.108881	0.144888	0.016594	-0.129056	0.192516	-0.019356	-0.093441	0.020370	-0.074525	0.031712	0.012002	-0.027900	-0.021790	-0.078695	0.062773	-0.072562	-0.019289	-0.130757	-0.068133	-0.082887	0.087644	-0.144699	-0.047755	0.053617	0.086311	-0.191223	0.006343	-0.010162	0.154538	-0.057421
chr1:105934-107935	0.486648	0.541520	0.196825	0.172388	0.086659	0.087673	0.101510	0.001082	0.042258	-0.049413	0.030594	-0.082583	-0.216569	-0.019286	0.129514	0.138609	0.022023	-0.039220	-0.249016	-0.099620	0.083950	-0.038203	-0.119547	-0.043549	-0.128959	-0.037218	0.154664	0.180887	-0.215065	0.032927	-0.005629	0.191312	0.162046	-0.125440	0.002971	-0.200803	-0.064933	0.095024	-0.119238	0.120517	0.081109	-0.144046	0.040280	0.023417	0.296940	-0.117107	-0.067022	0.029724	-0.077636	0.062891	-0.181222	0.103081	0.001931	-0.124233	-0.132398	0.134409	-0.159916	-0.068768	-0.027723	-0.341949	0.159242	-0.010604	0.007014	-0.046711	0.087884	0.080711	-0.015894	0.006937	0.163251	0.021077	-0.148251	0.201179	0.097782	0.009205	0.064925	-0.169314	-0.067254	-0.012332	-0.033780	-0.050326	0.106281	-0.024243	0.098074	-0.076302	0.010478	0.061849	-0.052372	-0.021700	-0.130713	0.003247	-0.092915	-0.025837	0.046320	0.040294	-0.059816	-0.047991	-0.096872	0.067041	0.008200	-0.056038	-0.021174	0.088519	0.044829	0.056999	0.150689	0.025125	-0.002436	0.085516	0.040810	-0.067790	0.019644	0.071049	-0.014078	-0.169898	-0.062686	-0.068662	0.064064	0.143955	0.136382	-0.094362	-0.003539	0.076043	0.043785	-0.082803	0.065001	-0.053494	-0.002362	-0.120420
chr14:60973449-60975449	0.389766	-0.779624	0.174664	-0.020888	0.144022	-0.140147	-0.088342	-0.610628	0.078541	0.036770	-0.108860	0.142369	-0.100484	-0.007324	0.344162	0.182302	-0.199787	0.093708	0.121395	-0.137525	-0.120380	-0.167664	0.080401	0.061999	-0.231923	0.392000	0.121432	0.308858	-0.020053	0.126323	0.082765	-0.135348	-0.154534	-0.211675	-0.304551	0.077771	-0.060442	-0.108533	0.390880	-0.000231	0.264506	0.210483	0.008960	-0.187266	0.178650	0.316828	0.047438	0.015370	0.123066	-0.066379	0.011059	-0.091097	0.036635	-0.082924	-0.116135	-0.201081	0.141509	-0.178965	0.024658	0.271913	-0.241094	-0.037905	0.044033	-0.016954	-0.148977	0.024217	0.024065	-0.093510	-0.009756	-0.217557	-0.156092	-0.072084	-0.231650	0.019605	0.179564	0.080563	0.145702	0.247666	-0.201791	-0.131055	-0.030206	-0.090690	0.063190	0.084547	0.169224	0.007471	0.008762	-0.114428	0.049185	0.011595	-0.038574	-0.032228	0.007118	-0.102720	-0.129489	-0.194689	0.008844	-0.099303	0.162022	-0.040989	-0.022128	-0.002219	0.090819	-0.034487	-0.009859	0.049645	-0.039343	0.083490	0.043958	-0.066866	-0.056344	0.040680	0.037836	-0.043261	-0.106521	-0.000981	0.077123	-0.103067	0.029753	0.022670	0.091502	-0.164178	-0.041403	0.069563	-0.105484	0.170006	-0.185672	0.040329
chr14:60973427-60975430	0.570492	-0.053654	0.156067	0.014128	0.280738	-0.129734	0.036533	-0.472460	0.074148	-0.000546	-0.090239	0.111812	-0.136902	-0.001845	0.342268	0.169372	-0.191707	0.098156	0.115093	-0.144113	-0.090905	-0.147205	0.120256	0.053612	-0.244525	0.393102	0.140426	0.301227	-0.029901	0.151482	0.079649	-0.108304	-0.172728	-0.190819	-0.303840	0.057349	-0.050632	-0.109539	0.397579	0.019691	0.274161	0.201010	-0.002197	-0.189421	0.167101	0.356898	0.059138	0.033792	0.084967	-0.044985	0.017501	-0.099083	0.016806	-0.109153	-0.129465	-0.213784	0.144567	-0.158740	-0.000187	0.275553	-0.225963	-0.066024	0.034234	-0.006070	-0.133668	0.039147	0.055990	-0.091218	0.005824	-0.218117	-0.123242	-0.069276	-0.229812	0.024878	0.208973	0.100864	0.152180	0.216434	-0.221858	-0.100672	-0.030854	-0.092906	0.051783	0.111301	0.134178	0.030132	0.039190	-0.096171	0.051549	0.027103	-0.093368	-0.006904	0.002490	-0.081029	-0.115178	-0.176745	-0.005054	-0.121104	0.156618	-0.040535	-0.018374	0.010060	0.158437	-0.007101	0.024135	0.035910	-0.056470	0.092636	0.047645	-0.085130	-0.001905	0.031681	0.036955	-0.052464	-0.108287	-0.017978	0.058498	-0.094804	0.042218	0.018105	0.070302	-0.167811	-0.031270	0.054642	-0.113769	0.188796	-0.207618	0.049189
chr9:21974127-21976127	0.350694	0.143993	-0.437658	-0.115461	0.282349	-0.032346	0.001919	-0.280715	0.206624	-0.010363	-0.160333	-0.096018	0.193830	-0.251669	0.120585	-0.102447	0.075255	-0.145453	0.261628	0.176954	-0.079419	-0.014919	0.030567	-0.210880	-0.042129	0.103847	-0.307977	0.067194	0.187693	0.216999	-0.027925	0.033026	-0.052825	-0.085127	0.140192	-0.030244	0.048727	-0.115154	-0.077626	-0.149099	0.034739	-0.085851	0.385973	-0.144494	-0.084422	0.023894	-0.033113	-0.176319	-0.045316	-0.137287	0.082511	-0.166625	0.021909	0.069485	0.167308	0.157675	-0.215515	0.089148	0.049763	-0.305157	0.059617	0.010571	0.032093	0.141928	0.048609	-0.067770	-0.051286	-0.255263	-0.105449	-0.123513	0.160807	0.034723	-0.101184	-0.033387	0.049170	0.002992	-0.214032	0.003718	0.192989	-0.089538	0.033507	0.013607	-0.112989	0.092860	-0.111236	0.034924	-0.026593	0.087675	0.038776	0.147776	0.168103	-0.108096	-0.012029	0.043225	0.005869	-0.073358	-0.039705	0.015315	-0.059968	0.039813	-0.034448	-0.062035	-0.046150	0.022740	0.088174	-0.104852	0.037512	0.246002	-0.115638	-0.001567	0.015615	-0.079983	-0.023143	-0.053994	-0.183813	0.095121	0.087563	0.161329	0.042586	-0.050120	0.021862	0.015374	0.000926	0.059032	-0.066999	0.109149	0.036860	-0.094704
chr11:35439976-35441976	0.369928	-0.623826	0.348396	-0.113079	0.436801	0.221066	0.175890	0.323625	-0.004378	0.009073	0.224860	-0.113578	0.164060	-0.103611	-0.044306	-0.112915	-0.085046	-0.201318	-0.053249	-0.003208	-0.049793	0.004778	-0.001871	-0.173010	0.000481	-0.233729	0.221285	-0.176902	0.018430	0.073741	-0.043656	0.006580	0.040205	0.051565	0.074081	-0.050144	0.159134	0.045578	-0.056232	-0.193253	0.054670	-0.015025	-0.008848	-0.040459	0.081096	0.072825	-0.139692	0.034602	-0.091833	0.098500	0.156349	0.043360	-0.054964	-0.127594	0.013653	0.014679	0.175963	0.095730	0.214005	0.016896	-0.067069	-0.153770	-0.037265	0.013780	0.046732	-0.097030	-0.234822	0.056769	0.132429	-0.011526	-0.053091	-0.025255	0.195820	0.213725	-0.107390	-0.010876	-0.122021	0.039514	-0.027661	0.001929	-0.086008	-0.058503	0.008770	-0.063904	0.041367	0.075995	-0.020846	-0.020152	-0.023766	0.073909	0.061662	-0.011621	-0.048212	-0.075066	-0.045520	0.097161	-0.039433	-0.065721	0.016068	-0.115529	-0.075324	0.077279	-0.029515	-0.035054	-0.109299	-0.031973	-0.137743	-0.081807	0.054946	0.242251	-0.213016	-0.119825	-0.303459	0.000257	-0.059910	0.089420	0.095480	-0.082600	-0.037611	0.011364	0.047504	0.117952	-0.148572	-0.051474	0.123916	0.090591	-0.099894	-0.127293
chr10:51548496-51550496	0.371671	-0.665240	0.254034	-0.019388	0.378049	0.085774	0.032442	-0.033609	0.109676	0.212188	0.071619	0.000669	0.063728	0.025263	-0.050705	0.178346	-0.004611	-0.043974	0.159538	0.019483	0.092533	0.241524	-0.047762	0.178595	-0.027112	0.128608	-0.077830	0.051611	-0.021232	-0.024321	0.153204	0.069059	0.045069	0.173936	-0.112323	0.020485	0.133543	0.259143	-0.195649	-0.108003	0.053703	-0.001209	-0.072814	-0.019441	0.015944	0.038115	-0.018647	-0.062304	0.024178	0.110117	-0.121939	0.040170	-0.112467	0.107335	-0.067160	0.064858	-0.087581	-0.020646	-0.008291	0.044399	-0.112651	0.009951	0.050663	-0.069569	0.172198	-0.138078	-0.112183	0.078937	-0.008786	-0.135121	0.053689	0.027807	0.016302	0.144793	-0.033355	-0.073010	-0.051679	0.068940	-0.228800	0.087119	-0.014881	-0.242013	-0.125627	0.208273	-0.020899	-0.142462	0.144521	-0.093903	-0.207085	0.055370	-0.066291	-0.087154	-0.005382	-0.046573	0.043436	-0.061724	0.261134	-0.017929	-0.045457	0.324891	-0.014566	0.038246	-0.079731	-0.118622	0.070659	0.142305	0.063190	-0.064170	-0.131296	-0.021814	-0.122250	-0.112184	-0.154224	-0.031334	0.045269	0.065287	0.019934	-0.104790	-0.052522	0.039313	0.093011	-0.038949	0.061454	0.226757	0.030308	-0.080113	0.152418	-0.185394
chr15:54202002-54203000	-0.059388	0.790953	0.514205	0.137934	-0.457091	0.848621	0.286582	-0.212572	-0.140474	-0.264782	-0.147430	0.111674	0.040172	0.039256	-0.071272	-0.010136	-0.148373	-0.123443	0.056071	-0.028036	0.005316	-0.099844	0.041928	-0.117606	0.398056	0.231280	-0.202106	-0.047105	0.235505	-0.053195	0.089142	0.270040	-0.105961	0.146992	0.133748	-0.146311	0.130235	0.214883	0.030059	-0.200156	-0.104222	0.015336	-0.246099	0.005069	0.248635	-0.043266	-0.162235	0.110158	0.106096	0.170480	-0.093184	-0.078815	0.175079	0.185551	-0.070481	0.003136	0.091200	-0.224833	-0.258861	0.019522	-0.111064	0.126309	-0.069858	0.112500	-0.070566	-0.127578	-0.034038	-0.237968	0.213189	-0.090798	-0.026889	0.238394	0.260234	-0.061288	-0.105538	-0.034569	0.127251	0.252381	-0.202705	0.067780	-0.023034	0.081303	-0.115808	-0.132254	-0.106975	0.296071	0.197986	0.138852	-0.047711	-0.260948	-0.042568	0.052128	0.073572	-0.070670	-0.155750	-0.085115	0.187606	-0.137915	-0.022294	-0.202320	0.068349	-0.034582	-0.064712	-0.052473	0.096704	0.270418	-0.052832	-0.073807	0.113068	-0.010531	-0.009821	-0.050493	0.009731	-0.072627	-0.013695	-0.139430	-0.060458	-0.109529	-0.055823	0.063476	0.014751	-0.080974	-0.049829	-0.039064	-0.120654	0.006630	0.083247	-0.153316
chr15:54203002-54203600	-0.891051	1.591986	0.439754	0.249948	-0.008582	0.711499	0.059847	-0.191108	-0.081382	-0.112339	-0.176013	0.146553	0.403166	-0.159165	-0.157415	-0.134864	0.164650	0.309953	0.078676	0.110752	0.278057	-0.001594	-0.271920	-0.140976	0.109924	-0.074802	-0.028681	-0.147913	0.125172	0.011300	-0.005852	-0.170600	-0.228254	0.258764	0.056684	0.016662	0.198753	0.080872	0.318958	0.000543	-0.022016	-0.114937	-0.164534	0.190009	0.043383	0.031396	0.183478	-0.065362	0.001684	-0.205440	-0.097249	0.310219	0.071466	0.116725	0.224166	0.077362	0.010200	-0.109231	-0.213182	-0.137617	-0.092796	0.206857	-0.081096	-0.051425	0.114824	-0.269454	0.012166	0.145171	0.207750	-0.070576	0.009135	-0.161604	-0.026295	-0.050972	0.069132	-0.036197	0.056241	-0.038655	-0.022508	-0.125812	0.027994	0.243052	0.069857	-0.044040	0.066369	0.261774	0.057665	0.199721	-0.164959	0.041162	-0.007965	0.097729	-0.298411	0.014359	-0.176886	-0.045479	0.018392	0.092512	0.349853	-0.105991	0.021848	0.088854	-0.159140	-0.184638	-0.053383	-0.094191	-0.237748	0.079073	0.254613	0.030289	0.069095	-0.108951	0.050951	-0.024304	-0.080022	-0.072877	0.182489	-0.106108	0.076822	0.165437	0.152999	0.068087	0.131781	0.183129	0.109553	0.087225	-0.125585	0.038230
chr8:127888002-127892000	0.730632	-0.364695	-0.354921	0.053661	-0.154557	-0.236037	0.061421	0.299106	0.110737	0.024633	0.018595	-0.171179	0.020020	-0.087275	0.007374	-0.066039	0.119079	-0.130082	-0.185150	-0.330408	-0.110311	0.197457	0.125505	0.067234	0.076043	0.024861	0.125618	-0.138867	0.046720	0.105174	0.102798	-0.081675	-0.010496	-0.049977	-0.067546	-0.014143	-0.019130	0.034232	0.179161	-0.014002	-0.000810	-0.054930	-0.120175	-0.093208	0.067427	0.022124	-0.000801	0.064150	-0.009468	0.163674	-0.234809	0.010912	-0.020283	0.138832	-0.074954	0.140352	-0.080981	0.013164	-0.124661	-0.166004	0.019350	-0.090842	0.212086	0.061093	-0.002371	-0.056301	0.041607	0.057499	-0.089337	0.150215	0.127479	0.210494	-0.074171	0.053891	0.120811	0.055815	0.215662	-0.074511	-0.028874	0.081915	-0.018048	0.041909	0.143158	0.065511	-0.166849	-0.117658	-0.040489	0.003090	-0.081366	0.060043	-0.000590	-0.006391	0.098984	-0.008497	0.149056	-0.057694	-0.139856	0.109591	-0.038724	-0.227769	-0.020330	-0.070700	0.029876	-0.061732	-0.005991	-0.094514	0.045821	0.101018	0.041408	0.142529	0.060370	-0.021316	0.100020	-0.140783	-0.167652	-0.142811	-0.029355	-0.181934	-0.018810	0.066268	0.027747	0.090614	-0.047456	0.024321	-0.030174	-0.028717	0.056048	-0.067135
chr8:128653265-128655265	0.396490	-0.093410	0.172519	-0.151306	0.095286	-0.174531	0.075823	0.009873	0.057178	-0.065902	0.129010	-0.105028	0.147417	-0.113826	0.185130	0.049135	0.115247	-0.307417	-0.132922	0.141349	0.114114	-0.279488	-0.048723	-0.161624	-0.007019	-0.095135	0.005632	0.108622	-0.091995	0.032245	-0.021021	-0.044192	0.253236	0.128443	0.117857	0.075432	-0.130185	0.008612	-0.013669	-0.026057	0.020797	-0.206451	-0.060066	-0.104883	-0.208101	0.036528	-0.004789	0.078560	-0.053918	-0.062753	0.133530	0.073828	-0.090244	-0.049961	-0.015582	0.064831	-0.146441	0.022697	-0.061812	0.041703	-0.056932	0.087750	-0.236435	0.007041	-0.101290	-0.002609	0.220702	-0.167227	-0.030833	-0.168796	0.013331	0.113907	-0.064168	-0.007852	-0.115078	-0.017787	0.066708	0.176796	0.037003	0.105051	0.118298	-0.011598	-0.100622	-0.167407	0.087036	0.205156	-0.024474	0.064613	-0.056893	-0.046051	0.007377	-0.127634	0.036235	-0.047463	-0.155474	-0.001721	-0.002888	-0.162153	0.060222	-0.043764	0.051784	0.158806	-0.079553	0.159500	-0.033727	-0.030295	0.003061	-0.011014	-0.082359	0.082614	0.023604	0.076071	0.118602	0.157299	0.035528	-0.165131	0.017894	-0.122383	-0.051108	0.097960	0.001795	0.104794	0.077353	0.175018	-0.022773	0.045095	-0.182694	-0.041784
chr8:129105383-129107383	0.109434	-0.703226	0.008952	0.030453	-0.004141	-0.098019	0.283831	0.269876	0.172617	0.049629	0.090724	0.093506	0.078631	0.118616	-0.110468	0.021070	0.006752	-0.171178	-0.050850	-0.079179	-0.084734	0.044575	0.128665	0.055954	-0.122546	-0.126353	0.015152	0.057400	-0.090749	-0.014019	-0.312020	-0.126219	0.014381	-0.095580	-0.070541	0.077853	0.025348	-0.000503	-0.127508	0.149165	-0.101005	-0.031752	0.039226	0.051415	0.027015	-0.105472	-0.034986	-0.141146	-0.109613	0.190529	0.130435	-0.047634	-0.176658	0.210138	-0.150966	-0.042099	0.050316	-0.093719	0.157265	0.016784	0.180048	0.040079	-0.062047	0.077863	-0.103998	-0.080746	0.033022	-0.124785	-0.036198	0.014379	-0.241184	0.060823	0.159001	0.053569	-0.058554	0.104496	-0.029099	0.016856	-0.114126	-0.095592	0.041905	0.047568	0.108233	-0.001759	-0.247284	0.080669	-0.042953	-0.007679	-0.030988	0.059959	-0.040842	0.076513	-0.123639	0.003428	0.041947	-0.043160	0.050235	0.094650	0.000317	0.088413	0.151911	0.053479	0.071813	0.057872	-0.032864	0.084554	-0.015924	0.192229	-0.113134	0.222825	0.015130	0.022638	-0.141778	-0.058817	-0.047435	-0.169040	0.003858	-0.157153	-0.039049	0.077700	-0.176989	0.073468	0.107622	-0.121950	-0.065068	0.032829	0.036548	0.102444
chr8:129977038-129979038	0.740168	1.346288	-0.231679	0.225165	0.073482	-0.285984	-0.007676	-0.156887	0.029244	0.193422	0.059169	-0.053364	-0.141625	0.004870	-0.032181	-0.101573	0.130831	0.143217	-0.018774	-0.104420	-0.057705	-0.086421	0.047763	-0.088850	-0.085489	-0.113407	0.065953	0.060783	0.146834	-0.101871	0.094978	0.149586	-0.238699	0.017597	0.085109	0.235845	0.023590	-0.040694	0.138964	0.234765	0.011642	-0.083615	0.238275	-0.059886	0.133674	-0.002585	0.141189	-0.004718	0.104951	-0.154075	0.110655	-0.021037	-0.063277	0.038247	-0.143975	0.024046	-0.051608	0.070890	0.073782	0.265207	0.010509	0.034884	-0.106860	-0.000742	0.050068	-0.061035	-0.118632	-0.047264	0.091297	0.040580	0.014486	-0.036907	0.225831	0.299754	0.200753	0.008424	0.125107	-0.090675	-0.085336	-0.018682	0.194833	-0.053749	0.052390	0.204437	-0.057973	0.160383	0.050746	-0.288202	-0.042101	-0.128159	0.215673	0.010234	-0.004195	0.024056	-0.131548	0.122313	-0.095974	0.074308	0.046775	-0.022359	0.226569	0.155866	0.001548	-0.040535	0.176568	-0.035007	0.021628	-0.136632	-0.184574	-0.047977	-0.072324	0.017765	-0.037720	-0.198031	-0.198943	0.135344	0.053550	0.006875	0.102822	-0.042587	0.032968	0.013889	0.145942	-0.200264	-0.138676	-0.035904	0.020832	0.029250
chrX:45297055-45299055	0.406788	0.461428	0.282779	0.031315	0.076839	-0.016445	-0.044045	0.048113	0.128771	-0.058367	0.015741	0.016942	-0.112138	-0.210361	0.011602	-0.165351	0.118780	0.086531	-0.088670	-0.188853	0.078706	-0.107490	0.164712	-0.019893	0.072846	0.008721	-0.164846	0.054629	0.025053	0.229687	0.173804	0.011350	0.110582	0.094494	-0.069255	0.062762	-0.113857	-0.035812	0.072437	-0.128414	-0.126038	0.042022	0.046176	-0.231760	0.015770	-0.056644	0.119041	0.148257	-0.039879	-0.092232	0.006253	0.139769	-0.081312	0.124502	0.014350	-0.047303	0.023453	-0.220477	-0.005644	0.049331	-0.088246	-0.000706	0.022992	0.226795	-0.053205	-0.033667	-0.022808	0.012323	0.008146	0.105570	0.072862	0.068911	-0.122628	0.052657	0.066814	0.145287	-0.099732	-0.093859	-0.092851	-0.040686	-0.024086	0.140074	0.198269	-0.206068	-0.136455	-0.110559	0.214166	0.018502	-0.099110	0.053725	-0.107035	0.192973	0.047925	0.010730	-0.014262	0.108800	0.057555	-0.168263	-0.064436	0.133086	0.050659	0.115138	0.138359	-0.009473	0.031168	0.102848	0.070478	0.100666	0.025396	0.013973	0.098717	0.015761	0.181144	0.050644	0.007983	0.141971	0.108220	0.030107	0.065920	-0.004885	-0.078952	-0.050774	0.009449	0.091191	-0.052423	-0.156502	0.000156	-0.079626
chr8:128010402-128012400	0.359891	-1.048085	0.087808	0.038701	-0.050005	0.080819	0.022402	-0.006277	-0.221354	0.075715	-0.091552	-0.006746	-0.077721	0.133293	0.017302	0.002360	0.123272	-0.121451	0.024023	-0.168978	0.029036	0.052319	-0.103491	0.074536	-0.126184	0.024841	0.051642	0.141128	0.004126	-0.107948	-0.251223	-0.143259	0.038696	0.010271	0.105426	-0.203185	-0.053775	0.069070	0.123093	-0.035890	0.013884	0.049369	0.055615	0.111752	0.140238	0.059028	0.247552	0.008579	-0.135531	0.043805	-0.143675	0.092726	0.064604	-0.231509	0.001067	-0.066306	-0.034437	0.069408	0.109526	0.102618	0.074278	0.153845	-0.063261	0.008204	-0.016504	0.063031	-0.075634	-0.086256	-0.112438	0.164473	0.118887	0.115499	-0.191992	0.039739	0.148215	-0.010477	0.032588	-0.059905	0.002575	0.040841	-0.172082	0.072705	-0.118884	-0.105414	-0.093846	0.089058	-0.058595	0.076511	-0.042216	0.123278	-0.031212	-0.024357	-0.044307	-0.006767	0.037650	0.203212	0.153413	-0.116085	0.042817	-0.093624	-0.022672	-0.082492	0.243862	-0.166420	0.052529	-0.096930	0.058036	0.147612	0.015754	0.118918	-0.044662	-0.026970	-0.004450	-0.077745	0.112657	0.058727	0.079054	0.066548	-0.092387	-0.113693	-0.067178	0.035031	0.097323	-0.052943	0.007083	0.102873	-0.156362	-0.058628
chr8:128531137-128533137	0.561642	0.129026	0.155175	0.062627	0.128794	0.091589	0.140489	-0.011286	-0.094248	-0.214477	-0.202238	0.186354	-0.136382	0.055627	-0.013659	0.191026	-0.112989	-0.164021	0.326126	-0.382545	-0.201593	-0.146347	-0.044878	-0.254004	-0.032536	-0.040710	-0.174322	-0.268515	-0.004059	-0.192138	0.145793	0.112846	0.108822	0.251149	0.137307	0.145805	0.206309	0.014811	-0.167866	-0.199023	0.151894	0.123498	0.044766	-0.255035	-0.098305	-0.017394	-0.078598	-0.193990	0.113262	0.059241	0.101943	0.379804	0.041877	-0.116781	-0.058564	0.141604	0.063411	-0.036759	0.085987	-0.046835	0.053524	0.130474	0.008037	-0.073848	0.020740	-0.002536	-0.051300	0.038751	0.147137	-0.306817	-0.006972	-0.138070	0.014095	0.088227	0.210746	0.145625	-0.005330	0.015839	-0.053280	-0.042077	-0.012595	-0.062312	-0.008734	0.209590	0.023388	-0.019038	0.015474	0.033037	-0.043812	-0.119289	0.034327	0.005302	0.206582	-0.002136	-0.037605	-0.056558	-0.075265	0.030796	-0.127377	0.066689	-0.100480	0.122466	0.078335	-0.095114	-0.091513	-0.173464	0.001501	0.018504	-0.002768	0.020849	0.080127	-0.007294	0.091580	0.137089	-0.005677	-0.156941	-0.101535	0.028087	0.111520	-0.083947	-0.087131	0.099800	0.041078	0.045048	-0.013503	0.049380	0.053971	-0.074444
chr8:128092002-128094200	0.236845	0.106067	-0.105195	0.081573	-0.134525	-0.060032	0.157384	0.046985	0.145348	0.076624	-0.097444	-0.231215	-0.162803	-0.001912	-0.018884	0.019280	-0.099784	0.150950	0.167521	-0.070001	-0.064805	-0.052476	0.078317	0.126429	0.183717	0.117556	0.017993	0.149577	-0.009854	-0.192500	-0.008291	-0.015731	0.223119	-0.009457	0.061414	-0.051250	0.097727	0.053706	-0.067575	-0.131810	0.036675	-0.001328	-0.015448	-0.037137	-0.135730	0.054118	-0.081996	0.034541	-0.012832	-0.097137	0.117366	0.234059	0.041439	0.142150	0.112178	-0.111585	-0.055868	0.099114	-0.012306	-0.165879	-0.102410	-0.097383	0.029136	-0.022795	-0.061356	-0.038473	0.019943	-0.161062	0.007161	0.184324	0.169628	-0.027839	0.021326	0.118311	0.037488	-0.008942	-0.022618	0.018528	-0.122249	-0.042525	0.035160	0.087138	0.108243	0.089340	0.006168	-0.059893	0.079586	-0.007800	-0.085197	-0.091351	-0.054866	0.003945	-0.140585	0.052071	-0.040268	0.012940	0.090299	-0.130521	0.101845	-0.009965	-0.185378	0.063610	0.107409	0.151760	0.015214	0.016269	-0.079755	-0.014621	0.208146	0.104756	0.011251	-0.048029	0.063914	0.076380	0.099163	0.123736	0.118969	-0.025711	-0.066707	-0.020532	0.124036	0.022509	0.118748	-0.003746	-0.102579	-0.022918	0.020822	-0.018029
chr7:27975402-27976600	-0.355089	0.268470	0.063686	-0.092471	0.039481	0.178764	0.121422	-0.162477	0.058421	0.055888	0.104152	0.117914	0.215594	0.067989	0.223936	-0.048678	-0.149187	0.058284	0.061513	-0.139563	0.034001	0.190069	0.049230	0.076596	-0.096220	-0.251260	-0.082853	0.144594	-0.113726	0.329653	-0.021219	0.151138	-0.041536	0.201208	0.068453	0.121738	0.034049	-0.208128	-0.134827	-0.015894	-0.038106	0.011071	0.080033	-0.078819	-0.035533	0.092698	-0.012033	-0.056570	0.130315	-0.096928	-0.104235	-0.011342	0.062294	0.264723	-0.083960	0.013874	0.060077	-0.048015	0.262460	-0.067138	0.035797	0.011354	-0.021702	-0.062230	0.160083	0.065341	0.020724	0.082578	-0.064109	-0.027911	-0.142484	-0.062729	0.141573	-0.031574	0.016266	0.042407	0.077060	-0.225798	-0.136462	-0.022059	-0.099577	0.031252	0.135432	-0.069040	-0.024240	0.031974	-0.082370	-0.008859	-0.005224	0.041622	-0.019212	-0.052174	-0.151362	0.073713	0.024072	-0.122667	0.212870	0.018723	0.203058	0.100354	0.086722	-0.016099	0.230644	-0.133449	0.188297	-0.073988	0.183434	-0.100094	0.002672	0.110059	-0.073001	-0.029665	0.122868	0.004236	-0.167489	-0.251778	0.019686	0.043400	-0.038161	-0.083529	-0.071530	0.056228	0.005777	0.033622	0.191636	-0.162596	-0.240413	-0.139508
chr2:85767202-85783400	0.098364	-1.016664	-0.548416	-0.156538	-0.071295	-0.068194	-0.173684	-0.090104	-0.127858	0.093097	-0.149600	0.162878	-0.106561	0.033943	-0.073958	-0.081294	0.087827	0.158057	0.006445	-0.155996	-0.067020	0.113932	0.035016	-0.022833	-0.041243	0.049312	0.051075	0.022490	0.235328	0.101904	-0.060314	-0.086671	0.051996	-0.049632	-0.123817	0.081140	0.063659	0.002236	-0.155580	0.168979	-0.017673	0.005970	0.093469	0.070185	0.116024	0.042672	-0.120006	-0.006451	0.059962	0.034687	-0.076889	-0.123482	-0.063788	-0.043970	0.080034	0.093985	-0.070580	0.098670	-0.093007	0.083852	-0.019357	0.125904	-0.098016	-0.024369	0.082665	0.053081	-0.000240	0.029514	0.006529	-0.055156	0.037166	-0.010152	-0.193070	-0.130123	-0.153563	-0.012383	0.054582	0.105679	0.072636	-0.103144	-0.025127	0.096303	0.024668	-0.090064	-0.098454	0.041736	-0.113007	0.121119	-0.171151	0.038679	-0.191566	0.053953	-0.089873	0.023290	-0.033449	-0.066641	-0.074728	0.056579	0.171633	0.094757	0.102113	-0.078340	0.036970	-0.080899	-0.031677	0.166483	-0.097127	0.005705	-0.068747	0.120276	-0.126519	0.116014	-0.177382	0.057135	-0.076167	-0.029884	-0.078390	-0.089040	0.089279	0.110790	-0.161329	-0.031285	-0.077060	0.038146	-0.027436	-0.033297	0.137084	0.008557
chr6:42927461-42929461	0.300288	0.158535	-0.315750	0.059945	-0.245084	-0.160068	0.039663	-0.110044	0.213242	0.306579	0.168602	-0.167699	-0.359316	-0.099671	-0.075417	-0.033158	0.031135	-0.225308	0.164235	-0.188873	0.003048	-0.056871	-0.032732	-0.116037	-0.085865	0.102174	0.040656	0.085486	0.042712	0.092220	-0.008125	0.080551	0.314896	0.108705	0.050005	-0.066950	0.026199	-0.074804	-0.023758	0.153781	-0.078037	0.169590	-0.030260	-0.041631	-0.194368	0.113449	-0.016098	-0.256216	-0.113967	0.032748	0.069828	-0.105011	0.019167	-0.024575	-0.216584	0.053551	0.003242	0.232975	0.245405	0.046046	-0.030052	-0.117632	-0.362541	-0.142934	-0.238390	-0.141402	0.169053	0.213693	0.025491	0.098459	0.072676	0.020192	-0.014909	-0.161158	0.032581	-0.124186	0.249327	-0.233929	-0.072375	-0.208581	0.110260	-0.010348	-0.120226	-0.111946	0.030871	0.134745	0.035431	-0.007921	0.110000	-0.033291	0.169873	0.067453	-0.027632	-0.012613	0.004280	-0.042883	0.218051	-0.145797	-0.125791	-0.012881	0.156642	0.055459	0.025271	-0.094122	-0.057491	0.015155	-0.000711	0.014077	-0.028247	0.131907	0.013892	-0.117286	0.078593	0.002847	0.162836	0.016998	0.022754	-0.034412	-0.115586	0.023246	-0.075337	0.060271	-0.000586	0.271066	-0.138867	0.062651	0.040425	0.134073
chr8:128530689-128532689	0.169692	-0.758341	0.196563	0.027004	0.043227	-0.125771	-0.066658	-0.059756	-0.139466	-0.060975	-0.139309	0.125046	-0.198500	0.170191	-0.062197	0.123259	-0.214899	-0.199085	0.332449	-0.344499	-0.256805	-0.071404	-0.024439	-0.203970	0.048232	-0.033071	-0.154624	-0.357527	0.055423	-0.280232	0.075332	-0.047749	-0.070828	0.109578	0.076345	0.221094	0.199720	-0.029876	-0.243278	-0.074093	0.014174	0.241494	-0.074892	-0.121864	-0.100292	0.077182	-0.066072	-0.224477	0.045004	0.129540	-0.034212	0.280413	0.252885	-0.035301	-0.055321	0.081691	0.024196	-0.164115	0.034821	-0.107802	0.160937	0.206073	0.003966	-0.038354	0.025014	0.055953	0.000554	0.004143	0.061021	-0.346681	0.110625	-0.125462	-0.001590	-0.047148	0.138185	0.106324	0.099696	0.014391	-0.189095	-0.079194	-0.121881	-0.055980	0.022063	0.212144	-0.055599	-0.043228	0.167310	0.049617	-0.181415	-0.026462	0.114765	0.100862	0.034377	0.137002	0.012952	0.013257	-0.050862	0.011532	-0.252583	0.125394	0.007788	-0.000199	0.099688	-0.026989	-0.055277	-0.186733	-0.047819	-0.094287	-0.064904	-0.053673	0.031029	0.024258	0.035346	0.043814	0.105670	-0.063973	-0.095539	-0.021531	0.078343	-0.163077	-0.096196	0.134245	0.202653	-0.000682	0.112321	-0.061157	0.046004	0.146140
chr8:128530873-128532873	0.068999	-0.992441	0.266884	0.044739	-0.044477	-0.117168	-0.019940	-0.083347	-0.102815	-0.110507	-0.146786	0.137839	-0.163930	0.061683	0.016300	0.139431	-0.239016	-0.266713	0.374396	-0.399088	-0.287259	-0.047868	-0.074409	-0.123234	0.081961	-0.049075	-0.203310	-0.350092	0.094049	-0.311944	0.091767	0.090617	-0.044447	0.189340	0.142056	0.172359	0.264111	-0.018945	-0.194505	-0.156782	-0.036107	0.213763	-0.011078	-0.151510	-0.100875	0.032582	-0.092845	-0.217435	0.142705	0.115686	0.068691	0.327238	0.150261	-0.067344	-0.021435	0.117485	-0.043107	-0.177218	0.026201	-0.054836	0.179958	0.206803	-0.034085	-0.030261	-0.001253	-0.065120	-0.002891	-0.103916	0.043142	-0.301362	-0.032239	-0.225361	0.042760	-0.012682	0.108247	0.198447	-0.056630	-0.021950	-0.179898	-0.063514	-0.095550	-0.008375	0.008095	0.140932	-0.042401	-0.099720	0.065614	0.090301	-0.108482	-0.059001	0.062154	0.039809	0.105084	0.051905	-0.014004	-0.025300	-0.065476	-0.032130	-0.196840	0.104198	-0.073757	0.025389	0.057760	-0.081058	-0.016859	-0.170235	-0.095635	-0.036363	0.000917	-0.100971	-0.005249	-0.002991	0.058399	0.013511	0.023291	-0.055075	-0.054015	-0.052517	0.073072	-0.089271	-0.081575	0.142884	0.128413	-0.015266	0.005833	-0.020122	0.003418	0.077059
chr8:127923659-127925659	0.698718	0.603497	0.005305	0.110260	-0.116613	-0.125490	-0.178526	-0.175451	0.186278	0.332192	0.147901	-0.064179	0.056064	-0.111072	-0.138420	0.209623	-0.136433	0.308380	-0.140188	0.007432	0.140971	0.068240	0.101438	-0.069391	-0.113256	0.040220	-0.061651	0.069329	0.105689	0.048103	0.137763	0.206438	-0.010489	-0.026411	0.000299	0.176396	0.128468	-0.010983	-0.148311	-0.118325	-0.167892	-0.044483	-0.157961	-0.106359	0.101057	0.052194	0.009149	-0.064263	0.092826	0.101726	0.217085	0.068263	0.156628	-0.046634	-0.088270	-0.166289	-0.040128	0.010610	0.006833	-0.209797	-0.121657	0.021499	0.013013	0.141635	-0.005381	0.026585	-0.053564	-0.031429	-0.093843	-0.150981	-0.023327	0.095424	0.057564	0.023559	-0.122144	0.094699	-0.041990	0.014758	0.005211	-0.062401	0.039237	-0.047340	0.009318	0.124751	-0.015602	0.002494	-0.157955	-0.071089	0.074708	0.043749	-0.070261	0.079018	0.035094	-0.094655	-0.031405	0.054368	-0.136160	0.182324	0.051112	-0.071004	-0.110681	-0.056083	-0.089677	-0.083222	0.042030	0.064117	-0.170880	-0.097424	0.047835	0.014308	0.047550	-0.266533	0.003077	0.083624	-0.039916	-0.150619	0.047622	-0.025864	-0.101069	0.019161	-0.167153	-0.048964	0.050938	0.066211	0.011487	0.075807	0.049212	0.009032
chr8:128094202-128096000	0.381722	-0.936893	-0.157967	0.140707	-0.182620	0.114475	-0.310647	-0.093496	0.138352	0.143776	-0.085291	-0.021443	-0.007296	-0.111806	-0.009728	-0.024403	0.197984	0.094493	-0.018081	-0.059139	0.095164	0.131326	0.000105	-0.039984	-0.224402	0.044445	0.023778	0.048337	0.007916	0.142292	-0.059724	-0.130069	0.012774	0.128387	-0.029926	0.133118	0.022759	-0.256162	0.129951	0.039599	0.156412	-0.013098	-0.146626	-0.024288	-0.113614	-0.212756	-0.083329	-0.033972	0.024172	-0.086608	-0.057322	0.042083	0.005158	0.097080	-0.003863	0.122490	0.048076	-0.024067	-0.033528	-0.214663	0.072860	-0.229610	-0.372318	-0.003827	-0.047020	-0.019060	-0.167142	-0.011262	0.102612	0.109194	0.182929	0.126981	0.037469	0.125393	0.203055	-0.029780	0.211023	0.080269	-0.158230	0.140733	-0.110664	0.089880	0.049550	0.086342	-0.070266	-0.006637	-0.089303	0.030718	-0.091477	0.257121	-0.021873	-0.157156	-0.131223	-0.067959	0.135731	0.125354	-0.038595	-0.028734	-0.045332	-0.174915	-0.000342	0.198620	-0.072799	-0.018716	-0.070828	0.112241	-0.007101	0.105262	0.014771	-0.106463	0.025546	-0.000192	-0.051522	-0.115975	0.069561	-0.007589	-0.096049	0.001126	-0.124649	-0.143043	0.191602	-0.132287	0.070816	-0.024777	-0.063977	-0.087621	-0.013009	0.114365
chr2:20879202-20882600	0.789023	0.190022	-0.188488	0.182028	0.034091	0.052195	-0.084306	0.087828	-0.112303	-0.157998	-0.213351	0.046799	0.075266	-0.086926	0.078224	0.068148	-0.126284	0.163133	0.135955	-0.139630	0.014475	0.037350	-0.173632	0.080913	-0.143532	0.093866	-0.021943	0.046828	0.021337	-0.233132	-0.046333	-0.167729	-0.001732	0.001702	0.090598	0.226718	0.018493	-0.286941	0.116691	-0.018805	-0.049944	0.057446	-0.014868	0.228694	0.032129	0.135971	0.116025	-0.051467	0.114185	0.044823	-0.052190	-0.148885	-0.059037	-0.028861	-0.093869	-0.163034	0.010853	0.142503	-0.122956	0.119786	0.210940	0.253589	0.064381	-0.116159	-0.121354	-0.092098	-0.120520	0.014986	-0.148432	0.213756	0.110139	-0.120377	0.222367	-0.055930	-0.073796	0.093943	0.056500	0.190143	0.026107	0.025126	-0.279889	0.065039	-0.154225	-0.252530	-0.046012	0.073324	-0.049681	0.077260	-0.058790	-0.069355	0.277140	-0.169093	0.086243	-0.045228	0.037226	0.226002	-0.124445	-0.205340	0.208879	-0.115895	-0.122538	0.205269	0.048655	-0.117206	-0.000073	0.014879	-0.088467	-0.039552	0.003964	-0.090907	0.061057	0.012132	0.108435	-0.051828	0.054754	0.034819	0.036928	0.066536	-0.084242	0.009002	0.015426	0.250182	-0.196753	0.026390	0.005869	-0.026422	0.095930	-0.068882
chr2:85760002-85765239	0.516248	-0.022381	-0.321381	-0.146007	0.045806	-0.156173	0.055777	0.115234	-0.008880	-0.221071	-0.210870	-0.067255	-0.164310	-0.053890	-0.141571	-0.121878	0.061100	0.043696	-0.039088	0.046870	0.024534	0.078839	0.080562	0.005578	-0.049248	-0.132242	0.286511	-0.132891	0.221138	0.072073	0.076875	0.057269	-0.096265	-0.133552	-0.044421	0.107337	0.034353	-0.052789	0.059604	0.027386	-0.005663	-0.155621	-0.060453	-0.088571	0.101832	0.084196	0.030493	-0.085135	0.290219	0.078953	-0.214745	-0.080794	0.029824	-0.038406	0.022101	-0.135816	-0.003645	-0.021402	-0.043016	0.108924	-0.037512	-0.149434	0.029540	0.128653	-0.056009	-0.144964	0.179366	0.017628	-0.113597	-0.026943	0.028798	-0.108316	0.139749	0.028816	-0.037295	0.200968	0.037272	0.103103	-0.162883	-0.107210	-0.217402	-0.073222	-0.280043	-0.119781	-0.037824	-0.076193	0.006989	0.000570	0.013046	0.120894	0.022877	0.038003	0.075169	-0.099795	-0.066972	-0.017976	-0.032093	-0.159403	-0.137675	0.142900	-0.167543	-0.014124	0.029222	-0.087569	0.061632	0.088962	-0.155165	-0.010468	-0.069598	0.240529	0.039758	-0.135007	0.044519	-0.000471	0.032980	0.085580	0.064296	0.069638	0.089905	0.024820	0.009178	0.263454	0.048184	0.016063	-0.092296	-0.128083	0.021075	0.101715
chr8:128484202-128486200	0.425675	-0.608605	0.176227	-0.053071	-0.104349	-0.227377	0.049797	-0.009556	0.104270	-0.006992	-0.012774	0.002701	0.284982	0.014429	-0.182991	0.175270	-0.121473	0.053155	-0.218891	-0.110050	-0.250812	0.128043	-0.001941	-0.020228	0.179221	-0.117243	0.029008	0.122285	-0.141017	-0.056273	-0.110031	-0.080201	0.068456	-0.031482	0.120548	-0.067873	-0.053224	-0.067131	0.126124	-0.071669	-0.109032	0.006352	0.064082	0.113207	0.131045	0.106291	0.158276	-0.169033	0.024018	0.090971	0.047437	-0.036387	0.135339	-0.043537	-0.160665	0.134080	0.053888	0.020291	0.066457	0.086778	0.231232	0.005588	0.027786	-0.131702	0.024891	-0.081745	-0.069868	-0.049612	-0.176548	0.011816	0.003480	-0.089830	0.018459	-0.066675	0.082361	0.012718	-0.206021	-0.042510	-0.020472	-0.123546	-0.031249	-0.040113	-0.123873	-0.110736	0.000041	0.190189	-0.064808	-0.014844	0.317147	-0.024170	-0.015989	0.203142	-0.041251	-0.074181	0.104150	0.063190	0.006302	-0.033268	0.026100	0.162143	-0.001714	0.015149	0.126760	-0.152838	-0.001290	0.031361	-0.065301	0.050343	0.075366	0.093256	-0.127234	-0.081189	-0.069700	0.116662	-0.050989	0.072256	0.035855	-0.006639	0.039270	-0.053251	-0.016986	-0.019444	-0.033145	-0.023301	0.051218	0.153815	0.079128	-0.092330
chr8:128123126-128125126	0.388284	-0.381305	-0.113844	-0.088589	0.107881	0.255442	0.198510	0.018541	0.166299	-0.002303	0.061259	-0.099646	0.117735	-0.080959	-0.109025	0.042478	0.022820	0.098933	-0.020838	-0.057981	-0.058752	-0.225196	0.257780	-0.073561	0.220858	0.055056	-0.081516	-0.048021	-0.028818	0.046694	0.050055	0.072511	-0.370996	0.027704	0.187832	-0.058066	0.074589	0.198036	-0.017310	0.040422	-0.018365	-0.075592	-0.107215	-0.008517	0.081644	0.256916	0.063567	0.238242	-0.034410	-0.183137	-0.136516	-0.010105	-0.216840	0.222287	0.035726	0.065820	-0.083164	0.227065	-0.078901	0.122990	0.167261	0.022578	0.112752	0.047622	0.084618	-0.110587	0.135147	0.232011	-0.076545	-0.032901	-0.144538	0.133410	0.041037	0.102705	0.078089	-0.013441	0.042982	0.138843	0.046718	-0.010423	0.037920	0.016756	-0.038649	-0.024088	-0.027079	-0.043216	-0.108087	0.130385	-0.142011	-0.106361	-0.144566	-0.246531	-0.169266	-0.070443	-0.055994	0.227967	0.177947	-0.029782	0.106133	-0.104239	0.061593	-0.152357	-0.080050	-0.147445	-0.142469	-0.023780	-0.094210	0.116195	-0.023207	0.086957	0.056975	0.094303	0.271481	0.023611	0.036514	0.116325	-0.006331	-0.079540	-0.045803	-0.159158	-0.032288	0.134463	-0.023656	0.054389	-0.003930	-0.089479	0.136206	0.150833
chr8:128123916-128125916	0.284757	-0.437644	-0.231531	-0.130125	0.137916	-0.093557	-0.116509	-0.343396	0.063148	-0.041970	0.016357	-0.134830	0.089700	0.050650	-0.040722	0.089533	0.000289	0.024550	-0.081073	0.031363	-0.096554	-0.096835	0.356183	-0.062261	0.263514	0.133619	-0.049389	0.016916	0.052892	-0.042939	0.072917	0.067842	-0.401553	0.106210	0.116026	0.041264	0.011244	0.091056	0.138772	0.196272	-0.002807	-0.093232	-0.091914	0.091304	-0.155341	0.207592	0.087441	0.042683	0.016487	-0.019799	-0.063075	-0.091771	-0.105646	0.134603	0.079251	0.063824	-0.127628	0.250592	0.098337	0.060411	0.055257	0.134800	0.046975	0.033493	0.043470	-0.035914	0.053163	0.074423	-0.089103	-0.027641	-0.028904	0.088180	0.025390	0.168773	0.206812	-0.064031	0.130693	0.156226	0.149288	0.046591	-0.000444	-0.137786	-0.039854	-0.116376	0.092212	-0.074670	-0.185552	0.127647	-0.181115	-0.095428	-0.153846	-0.049529	-0.094412	-0.026207	0.066379	0.151102	0.089471	-0.042771	-0.099777	-0.012162	-0.034685	-0.070583	-0.013812	-0.028043	-0.056643	0.040201	-0.087145	0.024852	-0.107357	0.145977	0.027193	0.073853	0.032907	-0.056893	0.038872	0.083366	-0.019793	-0.153726	0.098948	-0.026582	-0.109104	0.047576	0.070567	-0.007721	-0.037882	-0.062568	0.030352	-0.020745
chr17:69107655-69109655	0.528833	-0.065303	0.291591	0.087632	0.202576	0.119022	0.070085	0.236495	-0.180995	0.047917	-0.103465	-0.158957	-0.058666	-0.250989	-0.057946	-0.110390	-0.129329	0.468139	-0.115404	0.006868	0.185489	-0.253922	-0.289565	0.059162	-0.020171	0.166381	0.193987	0.112359	-0.288778	-0.081488	-0.199820	0.111992	-0.254222	0.249563	0.167721	-0.095835	-0.143628	-0.189279	-0.072922	-0.245810	0.205940	-0.064450	-0.061322	0.091313	-0.207742	0.119087	0.092981	0.026068	0.192464	0.090943	0.182585	-0.309426	-0.011351	0.167127	0.125290	0.126839	0.100073	0.008656	0.163008	-0.186726	-0.140353	-0.098553	-0.036881	0.073782	-0.039574	0.059667	-0.165449	0.036811	-0.043275	-0.069778	0.162317	0.037447	0.068893	0.210783	0.104778	0.106258	-0.023847	-0.120137	0.078776	-0.145517	-0.004776	0.038420	0.101935	0.103105	-0.261196	0.072709	-0.067654	0.024671	-0.079488	0.103269	-0.081316	0.092713	0.092959	-0.119112	0.154480	-0.078834	-0.009421	0.025114	0.049778	0.039085	0.150569	0.052119	0.012767	0.145618	-0.064831	-0.060009	0.014587	0.068199	-0.084723	-0.003027	0.052530	-0.029286	0.113782	-0.027618	-0.046747	-0.046223	-0.042773	0.022761	0.157691	0.058328	0.040612	-0.136165	-0.021752	-0.034387	-0.121577	-0.029289	-0.071561	0.039021
chr17:69107753-69109753	0.562720	0.188119	0.263877	0.079575	0.209545	-0.027649	0.074401	0.179081	-0.189256	0.135470	-0.114838	-0.112792	-0.023172	-0.270040	-0.070808	-0.148402	-0.163208	0.424710	-0.073174	-0.022722	0.169023	-0.171126	-0.299249	0.054921	0.068162	0.159481	0.175577	0.155204	-0.321127	-0.047502	-0.188339	0.121746	-0.246190	0.207045	0.093842	-0.057808	-0.189406	-0.140399	-0.027633	-0.216016	0.199817	-0.044697	-0.072107	0.069779	-0.248595	0.138710	0.092172	-0.015244	0.227155	0.061422	0.188343	-0.324463	0.021911	0.125837	0.067019	0.156529	0.041672	-0.012210	0.143821	-0.175965	-0.166490	-0.104560	-0.020843	0.053518	0.004704	0.032043	-0.149188	0.020843	-0.060815	-0.097438	0.144923	0.021636	0.067601	0.186893	0.108454	0.176375	-0.021281	-0.079848	0.071364	-0.108161	0.027448	0.035079	0.148433	0.070330	-0.260758	0.058019	-0.043632	-0.013988	-0.082498	0.094476	-0.083379	0.084423	0.114171	-0.147333	0.152069	-0.066452	-0.007102	0.025707	0.016371	-0.012041	0.094333	0.071409	0.040695	0.143189	-0.073586	-0.046342	-0.021276	0.049589	-0.062664	0.068819	-0.022014	-0.041244	0.115071	-0.064852	-0.023083	-0.031991	-0.033055	0.040704	0.170974	0.080868	0.028308	-0.106214	-0.046585	0.000846	-0.091634	-0.044052	-0.050653	0.012502
chr13:50944202-50945400	-0.068373	0.457078	0.186282	-0.181083	0.136518	-0.022400	-0.055746	-0.110892	-0.018195	0.121527	0.091559	0.117453	0.242646	0.065765	0.115207	-0.189458	0.202952	-0.293666	0.063024	0.109935	-0.147859	-0.015337	-0.021498	-0.262394	-0.048181	-0.129642	-0.019965	0.141367	0.043192	-0.066138	0.163125	0.338929	-0.245845	-0.177895	-0.270114	0.175362	-0.079033	-0.137039	0.089123	0.056993	-0.183094	-0.165538	-0.226936	-0.180218	0.012140	-0.157283	-0.109436	-0.026053	-0.032910	0.132119	-0.171069	0.073065	0.203249	0.232821	-0.104480	0.019078	0.065984	0.015659	0.090591	-0.054651	0.069233	-0.135142	-0.008112	-0.159727	0.141631	-0.201814	-0.290382	0.180177	0.016093	-0.205942	0.010517	-0.093086	0.055337	-0.091488	0.076812	0.025264	0.184890	0.047163	0.122895	0.018632	0.014812	-0.014759	0.068578	-0.024056	-0.146971	-0.065226	0.348551	-0.071660	-0.106498	0.082293	-0.050472	0.117360	-0.033251	-0.010134	-0.122008	0.126097	0.042117	0.098151	0.276847	0.026953	0.124146	0.081734	0.116708	-0.002133	0.012186	0.013863	-0.069638	-0.138806	-0.010006	-0.097160	-0.138268	0.042986	-0.214419	0.108928	0.032498	0.069645	0.116568	0.037133	-0.148594	0.056945	0.070580	0.031236	-0.003570	-0.037975	-0.085037	-0.079093	-0.049895	0.181655
chr17:5519002-5520600	0.289811	0.607921	0.062975	0.084075	-0.667069	0.249141	-0.158312	0.255179	0.236650	0.545882	-0.119068	-0.261264	-0.224141	0.083022	-0.337780	0.207241	0.033913	-0.036880	0.148261	-0.028002	0.086577	0.041312	-0.202100	0.038409	0.055958	0.137492	-0.077368	-0.004978	0.113922	0.123565	-0.044484	0.090740	0.199658	-0.061785	-0.139339	0.115925	-0.099422	0.028044	-0.049659	0.015852	0.150586	0.012740	0.101747	0.309516	-0.036337	0.020958	0.072523	0.083769	0.110627	-0.145166	0.020219	-0.113301	-0.042043	-0.042214	-0.142300	-0.012128	0.164138	0.028801	-0.184369	-0.140354	0.145724	-0.094280	0.112680	-0.073049	0.088868	-0.067762	0.117075	-0.025559	0.100928	-0.013084	-0.219692	0.001102	0.136211	-0.036413	-0.025674	-0.038474	-0.006336	0.121809	-0.027872	-0.080438	0.111050	0.098792	-0.061467	-0.013157	-0.108460	0.126807	0.149685	0.016325	0.083559	-0.194948	0.064508	-0.158214	-0.049514	0.091593	0.035429	-0.059476	0.133473	-0.025176	0.019522	0.149968	-0.042725	-0.021235	0.056717	-0.116008	0.077705	0.034946	0.059315	0.024583	-0.032348	-0.029845	0.192743	-0.041812	0.019933	-0.215112	-0.012552	0.246178	-0.127336	0.017093	-0.034442	-0.025761	0.003655	0.106736	0.009557	0.069364	0.001890	-0.075145	0.014656	0.139474
chr22:45673802-45678800	0.706506	-0.806509	0.075705	-0.100116	0.156957	-0.288426	-0.143439	-0.094049	0.043373	-0.097013	0.336681	0.228171	0.084476	0.108814	0.024905	0.084597	-0.023065	0.081408	-0.018976	0.123510	0.123842	0.139160	-0.066129	-0.051752	0.253294	-0.135386	0.101026	0.211339	-0.008028	0.109076	0.149665	-0.036731	0.119773	0.036258	-0.124018	-0.042150	0.018499	0.007866	-0.003741	-0.037326	0.145700	-0.086287	0.015490	0.015685	-0.020576	0.005678	-0.279722	0.163619	0.084837	-0.075556	0.030252	-0.039302	-0.108438	0.009001	-0.166588	-0.012047	-0.046821	0.012054	0.044686	-0.063031	-0.084041	-0.144897	-0.064431	-0.008532	-0.132497	-0.034459	0.066147	0.105429	0.062538	-0.108972	-0.110097	-0.089803	0.053774	0.092973	-0.014216	0.046279	-0.009738	0.107727	-0.012249	-0.048870	0.061906	0.049054	-0.001359	-0.092372	-0.040997	-0.119559	-0.050941	-0.058947	0.164710	0.104274	-0.168402	-0.058963	-0.008268	-0.061255	-0.036516	0.062938	-0.095288	-0.071378	0.011192	0.074417	0.086253	-0.126912	-0.047972	-0.010760	-0.127659	-0.121303	-0.115840	-0.224539	0.067305	-0.022894	0.018297	-0.075909	-0.058544	0.087084	0.129155	-0.048336	-0.088141	0.007913	0.199148	-0.116644	-0.133262	0.060780	-0.230253	-0.014999	0.088769	-0.051313	-0.047354	-0.039858
chr6:117209052-117211052	0.334037	-0.068692	0.352798	0.022591	-0.080229	-0.239163	-0.232022	0.178912	-0.153265	-0.045828	0.090121	0.100735	-0.076403	0.007624	0.089163	0.097216	-0.232125	-0.142496	0.235866	0.125764	0.121427	0.107125	-0.060460	-0.204850	0.122792	0.081889	0.130676	-0.024340	-0.200587	0.179933	0.091111	-0.165086	0.042982	0.001103	0.135079	-0.041848	-0.234031	-0.036243	-0.177146	0.008832	-0.266686	0.086951	-0.069281	0.097992	0.014047	0.054557	0.064635	-0.026082	0.114068	-0.001388	0.050544	0.132604	-0.098186	0.046626	0.132157	0.096806	0.078223	0.030150	-0.113958	-0.127060	-0.003834	-0.227164	-0.013250	0.072844	-0.055938	0.049220	0.138219	-0.038373	0.009420	-0.013857	0.041021	-0.059714	-0.007503	0.018107	-0.227769	0.024968	0.130843	-0.008479	-0.093409	0.009999	0.079186	0.098448	-0.094242	-0.004203	-0.031706	-0.103838	-0.009843	0.050633	-0.004762	0.007499	0.047805	0.118189	0.082911	-0.012615	-0.077800	0.046540	0.027131	-0.102844	-0.185283	0.319194	0.092237	0.006144	-0.012089	0.018368	-0.129671	-0.039549	0.003103	0.066739	-0.037018	-0.010682	-0.008869	0.030607	-0.009029	-0.182451	0.115106	-0.043564	0.095693	-0.118057	0.039883	0.342792	0.026247	-0.075169	0.090800	-0.063505	0.010166	-0.133342	-0.038115	-0.009396
chr8:128322819-128324819	0.313744	-0.467676	0.269896	0.002886	-0.030053	-0.069075	-0.294888	0.193467	-0.260532	0.139514	-0.354416	-0.114401	-0.211061	0.011092	-0.147568	-0.039287	-0.041712	-0.000775	-0.298301	-0.022711	-0.130297	0.033176	-0.078745	0.033159	-0.017777	0.098315	0.129298	0.035184	0.066946	-0.033306	0.039337	0.093311	0.084326	-0.079519	0.096104	-0.030269	0.068384	-0.179111	0.225525	-0.004214	-0.046166	-0.141806	-0.093115	-0.037302	0.101750	-0.016468	0.042864	0.002738	-0.041838	0.043200	0.120469	0.097269	-0.023091	-0.026118	0.167994	-0.150018	-0.084904	-0.196989	0.091105	-0.050897	-0.062251	0.314608	-0.021905	0.026254	-0.139687	0.192114	-0.102443	-0.034351	-0.085071	-0.177141	0.036250	0.034452	-0.213122	0.105433	-0.221106	0.130032	0.020225	-0.148275	0.180981	0.091298	-0.061790	0.105901	-0.017061	-0.209070	0.127819	0.134993	0.118882	0.219468	-0.045670	0.223601	0.073567	0.148725	0.023378	-0.147775	0.125421	0.110602	-0.151669	0.150201	0.015269	0.126856	0.052372	0.025247	0.066862	0.076168	0.091099	0.158500	-0.217779	-0.107645	0.068456	-0.020621	0.067510	0.161727	-0.149220	-0.166173	-0.058677	-0.024089	-0.014682	0.071302	0.124263	-0.018121	-0.106979	0.009922	-0.051162	0.144994	0.203566	-0.157372	-0.052403	-0.098968
chr10:51540002-51545000	0.894605	-0.816037	0.152946	0.072889	0.035272	-0.153147	-0.175191	-0.111870	-0.027908	0.136886	-0.234195	-0.065666	-0.028957	-0.100604	0.150553	0.027852	0.044016	0.128173	0.069613	0.089544	-0.000993	-0.081246	0.111035	0.019286	0.047224	-0.059577	-0.031066	0.012983	-0.065069	0.029152	0.008858	-0.172240	0.206121	-0.029013	0.088813	-0.019408	0.091771	-0.114533	-0.070159	0.006551	-0.166250	0.010136	0.136928	0.012001	-0.157811	0.021672	-0.090220	-0.130804	0.136917	0.034109	0.039435	-0.028761	-0.120163	0.052416	-0.185678	0.026115	-0.056824	-0.020295	-0.090350	0.020827	0.075092	0.104509	0.228476	-0.061597	0.024794	0.055513	0.013379	0.071015	-0.099345	0.030466	-0.024912	0.101640	0.159591	0.016584	0.106990	0.149756	0.093306	0.146008	0.124339	0.069774	0.150905	-0.042126	-0.087662	-0.055185	0.161082	0.114293	-0.019810	0.139180	-0.010569	0.076102	0.216579	0.050727	-0.027043	0.003944	0.061748	0.137831	-0.009614	0.002571	-0.015305	0.015373	-0.054626	0.215254	-0.166420	0.070483	-0.102599	-0.006725	-0.102592	-0.077063	0.089088	0.023112	0.043056	0.087295	0.032102	-0.106787	-0.284917	-0.088405	-0.109662	-0.127340	0.028361	0.016234	0.076786	-0.031414	-0.105700	-0.022872	-0.008186	-0.005921	0.100543	0.042547
chrX:51504931-51506931	0.872290	1.129622	-0.020239	0.144835	0.726522	-0.064307	0.115531	0.068151	0.120506	-0.011761	0.091269	-0.053091	0.180690	0.288401	-0.038801	0.007680	0.073785	-0.098697	-0.254001	-0.095775	-0.071122	-0.004269	-0.149222	0.081146	0.174937	-0.070449	0.008088	-0.083995	0.071215	-0.031067	0.023615	0.049722	0.004775	0.031857	0.103002	0.044893	0.145248	-0.155957	0.175368	0.009314	0.059997	0.031346	0.100830	0.041643	0.056037	-0.014456	0.152156	-0.045821	-0.048726	0.090512	-0.072294	0.014486	-0.123273	-0.109558	0.060379	-0.066989	-0.074105	0.276191	0.057056	-0.182535	0.228992	-0.057067	-0.026361	0.100986	-0.027156	-0.006345	-0.070056	0.108846	-0.073001	0.018191	-0.022605	-0.044051	-0.170204	0.076823	0.209996	0.105882	-0.080035	0.218317	0.011153	0.211349	0.127311	0.051582	-0.030825	0.059011	0.195441	0.259442	-0.022206	0.061861	0.003082	0.052464	-0.142148	-0.003283	0.150215	0.039214	-0.001307	-0.046766	-0.006341	0.080016	-0.037009	0.018126	0.135225	0.037324	0.000619	-0.143416	-0.068253	-0.008673	-0.039861	0.156774	-0.084291	0.115651	-0.018471	0.002359	0.025599	-0.136454	0.052422	0.038332	0.055583	-0.143401	-0.032002	-0.106289	-0.056397	0.027161	-0.023941	-0.186914	0.024710	0.077053	0.026559	0.005273
chr20:10016002-10016600	-1.215236	0.700959	0.190656	-0.166366	0.008961	0.197730	0.072326	-0.114257	-0.076134	0.010388	-0.139980	-0.043486	0.185189	0.141797	-0.012406	0.008940	-0.067347	0.005313	0.064622	-0.070910	-0.002874	0.354426	-0.057784	0.041215	0.047244	-0.029505	-0.160161	-0.044954	-0.192386	-0.130967	0.182177	-0.150280	0.103984	0.103476	0.155070	0.049105	-0.069631	-0.143794	0.032650	0.170926	-0.129763	0.018786	0.254958	-0.182940	-0.052170	-0.243419	0.084344	-0.318021	-0.121778	-0.376039	-0.125134	-0.016526	0.093523	-0.014545	0.121277	0.109615	0.113037	0.183178	0.005583	0.061677	-0.044179	-0.084701	-0.027690	-0.097566	-0.027079	0.018366	-0.090722	0.049530	-0.045673	-0.076268	-0.121948	-0.064068	0.094050	0.080476	0.132440	0.036843	-0.058472	-0.196311	0.017220	0.138825	0.107882	-0.028733	0.063326	-0.071835	0.219773	0.159727	-0.215839	-0.131798	0.117862	0.162817	0.107607	0.058550	0.019185	-0.010480	0.061652	0.148040	0.145875	-0.119577	0.171539	-0.185297	0.097155	-0.035024	-0.069571	-0.231349	0.038504	-0.100005	-0.161451	0.007602	-0.114755	0.099338	0.092535	0.090077	-0.071851	-0.234657	0.061462	-0.039269	0.013178	0.102088	0.110433	0.217476	-0.109488	0.065699	-0.025016	0.202623	-0.070639	-0.017145	-0.156871	-0.175144
chr8:128334673-128336673	0.440458	-0.207611	0.105977	-0.113321	0.311796	-0.036339	0.033856	0.070414	0.045017	-0.017804	0.170305	0.236558	-0.230871	0.212349	-0.070284	0.110316	0.044327	-0.117264	0.089987	-0.038476	-0.015127	0.040564	0.173405	0.070214	-0.153098	0.155145	-0.099545	0.090074	0.063789	0.210357	-0.196151	0.021730	0.065499	-0.028305	-0.032768	-0.065862	0.039721	-0.133135	0.033123	-0.194856	-0.126429	-0.064357	0.005613	0.027875	-0.100480	-0.029421	0.153204	0.154869	0.016954	0.034098	-0.016971	-0.086437	0.088456	-0.140246	0.054827	-0.098657	-0.005414	-0.121908	-0.082736	0.055960	0.242802	-0.238011	0.118833	-0.010777	0.072669	0.082250	-0.074292	-0.049773	-0.024367	-0.159459	0.004728	-0.119752	-0.165877	0.180662	0.169398	-0.126488	0.056317	0.028245	0.006156	-0.180870	-0.175376	-0.161661	0.023658	0.056470	-0.071556	-0.016951	0.029215	0.059081	-0.002392	-0.066400	-0.072181	0.024076	0.084596	0.241915	0.084637	0.021448	0.092336	-0.015994	0.212015	0.013177	-0.071361	0.170675	-0.031544	0.043550	0.042288	-0.224842	-0.069470	-0.189382	0.089006	-0.144851	0.005458	0.063285	0.032788	0.083798	0.002529	-0.135282	-0.011113	0.054528	-0.008403	-0.034985	-0.017110	-0.101362	0.025203	0.020509	-0.080403	0.012601	-0.021520	0.006466
chr8:128105880-128107880	0.589089	0.304981	-0.109001	0.163100	0.155639	0.142659	0.030212	0.188814	0.080900	0.085431	-0.160109	-0.138181	0.093524	0.067318	0.169971	-0.140141	0.082830	0.339941	0.266864	-0.053070	0.051291	-0.034732	-0.008461	-0.071191	-0.210319	-0.074186	0.000058	-0.002987	0.005614	0.103382	0.053349	-0.173102	-0.198448	0.006638	0.088543	0.094161	0.023969	-0.063763	-0.023470	-0.085858	0.002848	-0.061170	-0.074862	0.137558	-0.040040	0.077135	0.075533	-0.136203	0.058001	0.024482	-0.164529	0.131581	-0.098769	-0.012614	-0.400597	0.092806	0.062785	0.036286	-0.028009	-0.093169	0.131695	0.074147	0.091606	-0.049697	0.181553	-0.002029	0.033607	0.030858	0.073124	-0.054778	-0.080988	-0.097423	-0.145946	-0.039059	0.007921	0.102706	-0.168068	-0.053559	-0.174377	-0.010092	0.119899	-0.027841	0.051220	-0.068626	-0.043011	0.261356	0.094868	-0.038721	0.003490	-0.014268	0.065828	-0.036138	0.033918	0.001926	0.068996	0.064965	0.154835	-0.091379	-0.086793	0.052059	-0.033899	-0.056916	-0.078003	0.047510	-0.103942	0.265386	-0.002687	-0.138861	0.213761	-0.086007	-0.117742	0.070768	0.195688	0.071797	0.003716	-0.041541	-0.045429	-0.110092	-0.094157	-0.098626	-0.087282	-0.002639	0.294090	-0.166712	0.051658	0.029155	-0.078085	0.022819
chr8:128102602-128104800	0.589881	-0.857984	-0.179810	-0.143709	-0.006724	-0.092566	-0.075294	-0.029596	-0.129115	0.164122	0.048968	0.111899	0.178222	0.139178	-0.069598	0.008144	-0.135778	-0.079461	-0.101185	0.010277	0.017262	-0.073834	0.018076	-0.073120	0.169661	-0.067479	0.052925	0.146861	-0.154249	0.145891	-0.157905	0.087480	-0.185551	-0.066911	-0.052138	-0.073622	0.071790	0.030570	0.162493	0.197686	-0.192782	-0.087239	-0.199359	-0.003855	-0.171942	-0.077983	0.047292	0.142156	-0.102351	0.051248	-0.272269	0.107220	0.036805	-0.090029	0.011048	0.022859	-0.005891	0.037403	-0.121902	-0.019953	-0.119894	0.165838	-0.099144	-0.228442	-0.060370	0.039459	0.196528	-0.091732	-0.057662	0.021137	-0.093313	-0.020565	-0.206311	0.159812	-0.155223	0.073070	0.095120	-0.006831	-0.046510	-0.018999	-0.048369	-0.068288	0.112478	-0.062447	0.064520	0.100020	-0.154186	-0.066536	-0.067394	0.048833	-0.054228	-0.118104	-0.085718	-0.282412	-0.027783	0.065633	-0.026133	0.058815	-0.160106	0.164262	-0.121819	0.068729	0.110752	-0.051798	-0.094455	-0.047596	0.006167	-0.002581	0.079467	-0.132740	-0.033206	0.013242	-0.109903	-0.094839	-0.028718	0.023757	-0.064315	0.166653	-0.062860	0.044761	0.060397	-0.167564	-0.042090	-0.061400	0.035124	0.050179	-0.064832	0.100242
chr8:128538360-128540360	0.148951	-0.657977	0.105306	-0.078024	-0.113478	-0.039664	0.231365	-0.105695	-0.176670	0.008150	0.069296	0.024096	-0.072287	-0.283321	-0.059589	-0.027425	0.160838	0.105509	0.069168	0.052050	0.138451	0.159340	0.013663	0.016857	0.103207	-0.081979	-0.216280	0.016164	-0.078409	-0.050404	0.060705	0.022671	0.082006	0.109555	0.139542	0.031470	-0.126037	-0.051765	-0.027427	0.017343	0.004995	-0.013162	0.280821	0.000818	0.015213	-0.038311	0.138567	-0.042261	0.053425	-0.066735	-0.035504	-0.053191	-0.131311	-0.067753	0.047842	-0.068728	0.135116	-0.150623	-0.022489	-0.072770	-0.184150	0.095690	0.054038	0.067003	-0.078840	0.000294	0.212924	-0.106317	0.045412	-0.099124	-0.133279	-0.100820	0.018730	-0.152937	0.079029	0.013801	-0.018678	-0.012258	-0.001899	-0.046985	0.162121	0.071970	0.238324	-0.109483	0.137547	0.031974	0.008320	0.207925	0.131117	0.106334	-0.104543	-0.040521	0.059035	0.008780	0.037008	0.042349	0.116848	0.165123	-0.207994	0.019292	0.055332	-0.075135	0.132999	-0.094160	-0.077108	-0.014713	0.076362	-0.118876	0.023887	0.025725	-0.099707	0.021970	0.206106	-0.081441	-0.045467	-0.126774	0.158831	0.041706	0.013753	0.124617	-0.046212	-0.091551	-0.015853	-0.008572	0.094490	-0.117068	0.207377	0.029962
chr17:69107202-69108400	-0.140231	-0.442107	0.296490	-0.054857	0.298554	0.071236	-0.077056	-0.330876	0.005521	0.239746	-0.099543	-0.044802	-0.034694	0.031398	-0.090958	-0.039242	-0.302060	0.219915	-0.156311	-0.057253	-0.191310	-0.156547	-0.211761	-0.027287	0.030196	-0.223539	-0.007700	0.089087	-0.207554	-0.116069	-0.058440	0.271955	-0.358267	0.093184	0.227218	-0.232197	-0.160279	-0.049745	-0.017847	-0.015802	0.170115	0.030074	-0.014767	0.204331	0.048841	0.282472	0.039924	0.016028	0.256622	0.065911	0.120881	-0.038792	0.079927	0.120427	-0.072522	0.038093	0.048153	0.068587	0.068051	-0.220843	-0.004418	-0.262939	0.148915	0.020712	-0.267267	0.159578	-0.105818	-0.282183	-0.031830	0.017082	0.128777	0.035543	0.226815	0.112149	0.156796	-0.021583	0.121730	-0.103105	0.149212	0.095844	-0.085399	0.157121	0.129268	-0.006978	-0.171695	-0.155332	-0.137036	0.040906	0.119169	-0.048335	-0.026868	0.047537	0.072755	-0.226160	0.079524	-0.028487	-0.084024	0.185187	0.033352	0.179227	0.022718	0.063749	-0.003121	0.018252	0.084311	-0.205367	0.149306	0.100296	-0.144969	0.044470	0.162473	-0.111920	-0.140328	-0.087525	0.090910	-0.001947	-0.035429	0.088435	-0.011245	0.141958	0.044698	-0.054774	0.051917	-0.145482	-0.138017	-0.010205	-0.040646	-0.015497
chr2:171688802-171690800	0.242184	0.476159	0.244783	0.036068	0.176972	-0.341379	-0.102383	-0.151458	-0.001869	0.029428	0.010676	-0.101264	-0.214945	-0.041960	0.033408	-0.023308	-0.171033	-0.020651	-0.212265	0.073371	0.117103	0.024645	0.000690	-0.010209	-0.117783	-0.052407	-0.211234	0.102516	-0.037633	-0.024506	-0.107697	-0.024476	-0.063317	0.021302	0.038333	-0.165300	0.176917	0.023956	-0.057045	0.087503	-0.131930	-0.214607	-0.000354	0.033301	0.109551	0.068115	-0.140094	-0.065812	-0.188842	-0.065513	0.055403	-0.061210	-0.224174	0.024569	0.052800	0.153662	-0.092629	-0.033529	0.124211	0.042095	0.149589	0.038650	-0.147830	0.067642	0.103915	0.075083	-0.012077	-0.018021	-0.188508	-0.162358	-0.017300	0.150734	-0.088581	-0.021589	-0.041148	0.118796	-0.062020	0.117334	-0.060630	0.079260	0.028875	0.100391	0.029608	0.048331	-0.139301	0.153547	0.073847	0.049730	0.061133	-0.065645	0.033252	0.136834	-0.102274	-0.044733	-0.087712	-0.047045	-0.067773	-0.095818	0.137736	-0.066269	-0.071371	0.033557	0.060777	-0.158361	0.076736	-0.131433	-0.068459	-0.139595	0.092334	0.081877	-0.024573	-0.107357	0.116500	0.138796	0.119680	0.039009	-0.015128	0.152384	-0.071156	0.016060	0.029572	-0.093470	-0.049313	-0.035696	-0.055290	-0.066276	0.078321	0.070002
chr2:171677379-171679379	0.213851	-0.806038	0.203990	-0.175831	-0.039194	-0.209883	-0.019875	0.063443	0.092553	-0.005973	0.017285	-0.030415	0.160954	0.015457	-0.072315	-0.206508	0.042691	-0.151760	0.128105	-0.081432	0.097923	0.023761	-0.109202	-0.125454	0.122224	-0.023080	-0.025757	0.074114	-0.039439	-0.105869	0.052218	-0.044785	-0.116656	0.099258	0.145924	-0.080459	0.044293	0.033433	-0.048342	-0.001279	0.006278	0.071434	0.084583	0.010656	0.066138	0.228344	0.161208	0.104847	0.119692	0.028277	0.106339	0.068378	0.021732	-0.121948	0.184139	-0.147621	0.042249	-0.154513	0.119679	-0.220175	0.124650	0.049075	0.005429	-0.136299	-0.080587	0.020083	-0.207965	-0.060689	0.218936	0.047548	0.041234	0.085863	-0.016211	0.015281	-0.066739	0.135118	-0.107553	0.011891	0.088652	0.125617	0.044582	-0.000652	-0.096013	-0.129454	-0.195602	0.064736	0.095504	-0.025944	0.109848	-0.149792	-0.258022	0.046863	0.072337	-0.079609	-0.148458	-0.131099	-0.065630	0.032718	0.063460	-0.030126	-0.033229	0.079666	-0.131611	0.101847	-0.090443	0.061395	0.094444	0.093458	-0.138871	-0.051126	0.057921	0.022990	0.017764	-0.205616	0.061180	0.150060	0.055851	0.025136	0.055012	0.086736	0.056067	-0.085172	0.273275	0.178394	0.026707	-0.093854	-0.028214	-0.115190
chr5:141013402-141015200	0.514799	0.698548	0.031090	0.007700	0.671131	-0.224318	-0.030095	-0.129367	-0.128184	0.156160	-0.069424	-0.108923	0.071382	-0.019299	0.181670	0.062830	-0.130504	-0.100901	0.009721	-0.248928	-0.002684	0.034923	-0.225413	-0.108480	-0.011150	-0.148772	0.034120	-0.131312	-0.207829	0.093374	0.052483	0.011148	-0.108820	0.016923	0.032083	0.041345	0.098832	-0.026718	-0.076531	0.055685	0.051625	-0.060642	-0.098240	0.298825	0.060647	-0.042441	0.111525	-0.058696	-0.174998	0.146742	-0.095945	0.018052	-0.006690	-0.047690	-0.046115	-0.042027	0.093460	0.018032	-0.080260	-0.221023	0.272098	0.078529	-0.049028	-0.126765	-0.028418	0.123982	0.063012	0.107647	0.086717	0.155660	-0.038613	-0.057219	-0.065812	-0.017617	-0.113988	0.101353	0.158315	0.046515	-0.061962	-0.063751	-0.137378	-0.015332	-0.046576	0.194501	-0.022216	-0.014480	0.054720	-0.083674	0.051744	0.072933	0.073393	-0.106821	-0.113578	0.090347	-0.008298	0.050311	0.110309	-0.022397	0.018522	-0.019190	-0.092404	-0.019896	0.158410	0.005084	0.165770	-0.065613	-0.070362	0.104219	0.054489	-0.039664	-0.041939	0.014449	0.074452	-0.046878	-0.184355	-0.086952	0.214536	0.026014	0.082190	-0.165591	0.040930	0.013802	-0.169053	-0.100964	-0.076967	-0.116410	-0.002680	-0.006658
chr1:155270202-155271800	-0.003309	-0.276038	0.055038	-0.074835	-0.060616	0.001558	0.077533	-0.043916	0.027271	0.200626	0.133263	-0.077845	-0.133427	-0.097367	0.083288	-0.035783	-0.133297	-0.075822	0.181717	0.159613	-0.122492	-0.067665	-0.028510	0.083468	0.013634	-0.004476	0.345575	0.012330	0.088990	-0.219378	-0.198693	-0.028147	0.307241	0.176324	0.129158	-0.033948	-0.053689	-0.065055	-0.004429	-0.037119	-0.081297	0.114163	0.058131	-0.020019	-0.132439	0.366154	-0.158674	-0.053137	-0.103704	0.005477	0.168175	0.191996	-0.065884	-0.058336	0.101193	0.049286	-0.114048	-0.090347	0.200283	0.171228	-0.061559	-0.038215	-0.008190	0.068062	0.035093	-0.065631	-0.013422	0.264037	0.078540	0.242797	0.038502	-0.065946	-0.140474	-0.029596	0.197336	0.046737	-0.149256	-0.107948	-0.104498	-0.007783	-0.108780	-0.030000	-0.023290	0.078956	-0.132537	-0.037167	0.035676	-0.073750	-0.097043	-0.039739	-0.015734	0.171435	-0.187616	0.039105	0.012765	0.033573	0.083018	-0.131799	-0.138456	-0.076950	0.190789	0.033996	0.011332	-0.075591	0.100027	0.078758	0.012467	0.168698	-0.140191	-0.029157	0.082327	-0.009476	-0.213864	0.150122	0.096020	-0.118098	-0.128267	-0.079041	-0.133952	0.093159	-0.048356	0.041959	0.012556	0.137241	0.072899	-0.010196	-0.069845	0.076942
chr11:69238741-69240741	0.365490	-0.493865	-0.334044	-0.064803	-0.004082	-0.076523	0.038209	-0.182867	0.000052	0.008440	-0.016324	0.000758	0.092992	0.014172	-0.047149	0.013706	-0.058437	0.051964	-0.100217	-0.109630	0.073836	-0.015377	-0.016987	-0.008814	-0.147149	0.089636	-0.027849	-0.037665	0.085962	0.118331	-0.185160	0.034117	-0.037877	-0.092174	-0.049847	0.171691	0.126637	0.167829	-0.053228	-0.150441	-0.115310	0.118161	-0.226173	0.029003	-0.075880	-0.058250	-0.216327	-0.040261	-0.094166	-0.004715	0.001506	0.166317	-0.231761	-0.063973	0.195242	0.136600	0.033872	-0.037724	-0.021422	0.161331	0.026236	-0.140534	0.101336	-0.027335	0.140412	-0.000394	-0.056810	-0.077816	0.064398	-0.228974	0.005536	-0.039409	0.107509	0.002016	-0.082329	0.044605	0.030807	-0.121525	0.169099	0.109744	-0.091461	0.045205	-0.014594	-0.050215	-0.086852	0.121859	0.119788	-0.051576	0.120645	0.079638	-0.280260	-0.044615	0.121909	-0.056659	0.163378	0.107024	-0.015863	-0.149496	0.061399	0.105221	0.039349	0.084985	-0.078002	0.094551	-0.073637	0.090556	-0.137502	-0.082675	0.056338	0.008681	0.014906	-0.052073	-0.030990	-0.003472	0.131415	0.029381	-0.108486	0.012293	-0.010421	-0.041699	-0.120294	-0.272899	-0.131278	-0.150994	-0.053257	0.067881	-0.107741	0.117843
chr12:26469002-26473600	0.902279	-0.435731	0.401281	0.002214	0.207596	0.060562	0.100517	-0.257873	-0.181426	-0.129976	-0.135560	0.033039	-0.211669	-0.118296	0.039158	0.276818	-0.017047	0.009770	-0.012412	0.118447	-0.125975	-0.189949	0.011135	0.137753	-0.003467	0.025639	-0.039428	0.047738	-0.112943	-0.058127	-0.012055	-0.084850	-0.137134	-0.081377	-0.046063	0.144738	-0.161732	-0.024197	0.025091	-0.159792	0.031914	-0.007399	-0.048948	-0.014851	-0.017141	0.037576	0.010903	-0.001010	0.087460	-0.027002	0.210220	0.236554	0.011749	0.023608	0.219239	0.079441	-0.035163	0.056301	-0.112680	-0.142398	-0.070226	-0.039522	0.009808	-0.072137	0.064938	-0.020567	0.167935	0.226346	-0.039910	-0.092480	-0.084926	-0.027204	0.082454	-0.097459	-0.069996	0.007521	0.177414	-0.003744	-0.051517	0.042004	-0.013648	0.036667	0.130326	-0.113907	-0.145013	0.046447	0.139239	-0.065384	-0.110669	-0.001365	0.076231	-0.120510	0.035358	0.054435	0.014773	0.219432	-0.032519	0.122364	-0.097118	-0.111668	-0.241091	0.064395	0.027506	-0.018644	0.063409	-0.166291	0.050086	0.061436	-0.081639	-0.249689	0.164344	-0.021002	-0.145185	-0.010147	0.055301	-0.121145	-0.095220	0.017644	-0.050125	0.061112	-0.001129	-0.034616	-0.178213	0.207372	-0.191655	-0.098463	0.067164	-0.151433
chr11:69233802-69236800	0.796244	0.695085	-0.092805	0.161166	0.330583	-0.167609	0.122500	0.152409	0.123378	-0.087123	0.105217	0.239432	-0.219289	-0.005554	0.080277	0.052075	0.018932	0.082057	-0.051620	0.318802	0.117859	0.135691	0.225251	0.139973	0.010148	0.008524	-0.214368	-0.100140	0.128730	0.237595	0.111268	0.084747	-0.292828	-0.043636	0.159895	-0.123224	0.171953	0.160021	-0.198985	-0.134975	0.066804	0.115078	0.036762	-0.081187	-0.025275	0.113964	0.047972	-0.005493	0.066039	0.145308	0.127007	-0.004333	-0.043303	0.123042	-0.013043	0.207349	-0.045537	0.149724	-0.015352	0.074071	0.200365	0.002241	-0.004781	-0.084800	0.132087	0.049776	-0.216634	-0.072446	0.047111	0.086020	-0.007734	0.177407	-0.081289	0.053762	-0.090780	-0.005449	0.017117	-0.098224	0.130357	0.070764	-0.088662	0.082461	0.053815	0.009122	0.055910	-0.007427	0.084759	0.088154	-0.052187	0.143222	0.055782	-0.041136	0.054721	0.020580	-0.105829	0.065292	0.070181	0.144842	-0.054372	0.094535	-0.034562	0.047269	0.135992	-0.011523	0.177473	0.153870	-0.107177	0.171490	-0.000139	0.074108	0.084745	-0.067266	-0.129029	-0.051817	0.024799	-0.049607	0.011750	0.052724	-0.185848	0.023398	-0.070912	-0.076012	0.027243	0.050194	0.027949	0.069551	-0.105000	-0.063267
chr2:30439602-30453600	0.690483	0.357239	0.022798	0.115284	-0.188425	-0.083838	0.143778	0.048517	-0.126467	-0.037854	-0.038413	-0.225280	-0.059102	0.028039	0.099816	0.066208	0.025817	0.104923	-0.000445	-0.139445	0.060831	0.004216	0.118597	-0.133742	-0.011724	-0.124375	0.034497	0.050092	-0.001456	-0.254150	-0.020871	-0.087051	-0.011565	-0.022687	-0.139660	-0.170431	-0.022519	0.017485	-0.110851	0.086190	-0.003512	-0.004297	0.120749	0.093443	-0.006373	0.096866	0.023381	-0.015739	-0.071038	0.055243	-0.188852	0.021099	-0.091576	0.088782	-0.050070	0.010118	0.079108	0.010562	0.069043	0.029446	-0.221593	-0.136724	-0.081034	0.084718	0.076956	-0.220706	-0.034837	-0.089344	-0.110447	-0.062264	0.076925	0.043961	-0.126284	-0.003305	0.083844	-0.114207	0.103918	0.050895	-0.107255	-0.075169	-0.066776	-0.250092	0.091391	0.070210	-0.068962	0.118571	0.034782	0.043418	0.061638	0.079707	0.068094	0.000558	-0.111797	-0.184834	0.037337	-0.080538	0.119218	-0.042548	-0.148249	-0.019046	0.051867	-0.066719	-0.057684	0.036640	-0.055215	-0.159558	0.050797	-0.171186	-0.036918	0.140210	-0.057617	-0.075616	-0.115570	0.019461	0.012747	-0.093460	0.093261	0.014382	-0.032771	-0.039115	0.117052	-0.029550	0.075141	0.005977	0.050993	-0.081039	0.106907	-0.011667
chr20:7105289-7107289	0.508030	0.479565	0.365262	0.164199	-0.175313	0.046571	-0.078192	-0.268508	0.124616	-0.191310	-0.004786	0.073625	0.008851	-0.032452	-0.061143	-0.018875	-0.114170	0.202144	0.137058	-0.047306	0.054051	0.096976	0.250577	-0.160466	-0.016076	-0.189429	0.063658	-0.112528	0.169652	-0.048591	0.144694	-0.061790	-0.065624	0.062442	-0.048561	0.100322	-0.006990	-0.075622	-0.009015	-0.133767	0.039959	0.099523	-0.113091	-0.151203	-0.148804	0.107224	-0.044467	0.020535	-0.092282	-0.006460	0.103446	0.087948	-0.025157	-0.123385	0.008985	-0.042640	0.196516	0.147500	-0.009459	-0.208704	-0.134169	0.020430	0.019393	0.134519	-0.088519	-0.140278	-0.119098	-0.185001	0.084042	0.102732	-0.058969	0.083464	-0.146437	0.040186	-0.202794	-0.101307	-0.089290	-0.095138	0.035248	0.010037	-0.130055	0.056591	0.225115	-0.099256	0.117806	0.060015	-0.005101	-0.040428	-0.008866	0.083265	0.064758	-0.110579	-0.076054	0.014098	-0.060807	0.069979	0.099747	0.023953	-0.097421	-0.120982	0.135019	0.001274	0.089137	-0.099995	0.029495	0.113797	0.013552	0.069479	-0.023562	-0.058966	-0.050216	-0.059148	-0.092164	-0.191019	0.072783	0.118717	-0.057822	-0.007678	-0.005126	0.180462	0.111788	0.076511	0.041583	-0.063633	0.172060	-0.249305	0.158707	0.039849
chr19:13046602-13049400	0.768580	0.244206	-0.218066	0.053389	0.064770	-0.103788	0.318746	-0.011897	-0.100857	-0.228708	0.112338	0.152321	-0.012125	-0.128411	0.300377	-0.026006	-0.011956	-0.103393	-0.090960	0.183465	-0.168800	0.035667	0.064186	-0.041163	-0.161382	0.088733	0.083706	-0.178588	0.023390	-0.130379	-0.053623	-0.113705	-0.010469	-0.047658	0.022279	-0.036175	-0.160917	-0.028986	0.008529	-0.079133	0.065069	0.147715	0.017400	0.123019	0.152648	-0.113221	0.122465	-0.083696	-0.131485	-0.108745	0.026295	-0.115155	0.186462	-0.040664	-0.089042	-0.247301	0.004019	-0.046626	-0.136123	-0.017481	-0.022704	-0.074292	-0.184486	-0.080756	-0.121224	0.114565	-0.095943	0.050932	-0.047009	0.016951	0.160474	0.148992	-0.199596	-0.185997	0.058524	-0.064949	0.057488	-0.006745	-0.166583	-0.070089	-0.047190	-0.043286	0.050941	0.080236	-0.137339	0.158312	0.070120	0.000903	0.216660	0.065329	-0.205142	-0.131175	-0.045358	0.208072	-0.024233	0.069990	0.114588	-0.047960	-0.173166	0.001856	0.064526	0.008220	-0.097388	-0.073111	-0.123101	-0.068727	-0.078382	-0.028893	0.240077	-0.024744	0.080942	-0.129911	-0.185747	-0.110968	0.090043	0.074573	-0.244828	-0.003962	0.190193	-0.036152	0.030377	0.031504	-0.042624	-0.064113	0.079532	0.130519	-0.009712	0.017459
chr11:124608907-124610907	0.328839	-0.960376	0.246019	-0.032474	-0.208326	0.264585	0.135521	0.002916	-0.150653	0.048120	-0.156260	-0.002376	-0.007752	0.040889	0.066536	-0.089189	0.078496	-0.098134	-0.112606	0.256514	0.033584	0.099993	-0.005653	-0.007175	-0.065850	-0.042233	-0.065598	-0.090162	0.066074	-0.030096	-0.187483	-0.226520	0.001200	0.009826	-0.096094	-0.168042	0.079386	-0.102940	0.132731	-0.144048	0.115365	0.017078	0.088714	0.075230	0.262394	0.001240	-0.139628	0.049077	-0.088043	-0.065425	0.109460	0.015463	0.072291	-0.012814	0.032170	-0.053149	0.069943	-0.249163	-0.092699	-0.000925	0.074146	0.005589	-0.027233	0.059330	0.084596	-0.235380	-0.089054	-0.116571	0.130996	-0.097890	-0.037296	0.005676	0.041425	0.105516	0.202696	-0.002477	-0.078749	-0.104872	-0.078245	-0.118347	0.047669	-0.058295	-0.011938	-0.029741	0.159959	-0.127255	-0.250212	0.044773	-0.097458	0.176520	-0.070307	-0.142309	-0.004149	0.017088	-0.137336	-0.134470	-0.144628	0.081093	-0.112834	0.044955	0.151131	-0.023119	0.050160	0.023266	0.017705	0.052197	0.040773	0.083661	0.077268	-0.011077	-0.069318	-0.062426	-0.151117	0.061827	0.029058	-0.124853	-0.076585	0.054470	0.046652	0.064090	0.067745	0.040856	-0.123030	0.094521	-0.168875	0.042259	-0.177104	0.032087
chr3:115376646-115378646	0.787374	0.004228	0.349457	-0.139546	0.111511	0.069964	0.118953	0.010656	0.065148	-0.130910	0.043984	0.067866	-0.039459	-0.080840	0.143275	0.120992	0.041795	0.060605	-0.051633	0.072150	-0.115362	-0.005022	-0.071089	0.096997	0.061867	0.011405	0.105751	-0.102037	-0.154065	-0.080953	-0.175415	0.096237	0.020598	-0.022693	-0.024044	0.222559	-0.216886	-0.093782	-0.020562	-0.050110	0.242309	-0.136494	0.238620	-0.059653	-0.023724	0.015839	-0.242056	-0.145207	-0.002930	0.148300	-0.054314	-0.110735	-0.002948	-0.010632	-0.113219	-0.187273	0.012783	0.114901	-0.117248	0.218821	-0.003762	-0.038394	0.113589	-0.060131	0.133209	-0.008017	0.052924	0.094965	-0.027809	-0.098688	-0.010971	0.242981	0.133919	-0.320374	0.078974	0.021390	0.071066	0.052689	0.043853	0.056958	-0.237083	0.127601	0.057091	0.020063	-0.005514	-0.058867	-0.107850	-0.109377	-0.134619	0.023820	-0.015621	0.150429	0.017898	0.209109	0.061660	-0.017793	-0.109852	-0.030712	-0.061977	0.094781	-0.015735	0.200442	-0.056066	0.012977	-0.076718	-0.012843	0.156184	-0.008777	0.087775	-0.145549	-0.052164	-0.041873	0.053948	0.170114	-0.190902	-0.000347	0.067201	0.012034	-0.024322	0.155317	0.079830	-0.179455	0.114875	0.020887	0.073274	0.069623	0.140157	0.091844
chr3:119814602-119822600	0.533996	0.588553	-0.479344	0.016377	0.072362	-0.192931	0.124798	0.143184	-0.126561	0.035705	-0.122669	0.038330	0.338411	0.241925	-0.112735	0.019867	0.041306	-0.001647	-0.203360	0.002110	0.201684	-0.163892	-0.169211	-0.089112	0.074062	0.117311	-0.112971	0.006433	-0.178650	-0.160271	0.041220	0.014536	-0.041594	-0.000040	-0.131002	-0.001611	0.044896	-0.280374	0.144646	-0.046807	0.119888	0.000295	-0.005317	0.000049	-0.076208	0.070931	-0.145175	0.042009	-0.096629	0.083699	0.028456	-0.055106	-0.107092	-0.036682	-0.054852	-0.001774	-0.005642	-0.086686	-0.009041	0.086227	-0.147711	-0.072772	-0.028501	-0.140389	0.054874	-0.028150	-0.087189	-0.008461	-0.113700	0.086841	0.020127	0.056454	-0.006738	-0.115252	0.193298	0.117686	0.014544	-0.137156	-0.064020	-0.118476	-0.000986	-0.075028	0.010705	-0.112559	-0.023620	0.016125	-0.011843	0.069587	0.010137	0.156343	0.089111	0.144009	-0.083064	-0.043644	0.004316	0.085794	-0.076604	-0.046078	-0.116135	0.072661	0.018635	0.069086	-0.181550	0.001125	-0.064676	0.108488	0.031797	0.033307	0.129601	-0.073951	-0.016266	-0.009995	-0.098466	0.027144	0.021654	-0.112122	-0.066145	-0.006509	0.083961	0.017227	-0.010173	0.038477	0.042242	-0.070245	-0.002858	0.100130	0.253311	0.039634
chr8:31494581-31496581	0.612155	-0.106854	0.361143	0.118728	-0.029493	0.032208	-0.305025	-0.080623	-0.204023	0.115885	-0.194843	0.252351	-0.032519	0.014258	0.149946	-0.206615	0.189183	0.112037	-0.014221	-0.102865	-0.001367	-0.034629	0.067710	-0.016581	-0.132205	0.301606	-0.167834	0.025208	0.095573	-0.058514	0.128084	0.063077	0.329838	0.099748	0.124555	-0.129207	-0.008444	-0.049699	-0.002301	0.002283	-0.012037	-0.302880	-0.120711	0.148042	0.046541	-0.119747	0.234177	0.217942	0.130172	0.060876	0.291241	0.311494	-0.086723	-0.016272	-0.254261	0.154656	-0.227716	0.129138	-0.010138	-0.010071	0.043596	-0.123180	-0.201072	-0.041818	0.112152	0.364437	0.151178	-0.040419	-0.011276	0.067067	-0.020798	0.284889	0.232066	0.086957	0.025385	0.196748	0.031366	0.109207	0.107668	-0.057681	-0.075524	0.144749	0.036114	-0.019283	0.034648	0.056848	-0.009335	0.005491	0.045696	0.182041	0.013419	-0.234159	-0.149416	0.151943	-0.065683	-0.096953	0.005044	-0.060483	0.017853	0.154059	-0.046086	0.020301	-0.188853	-0.012981	-0.006420	0.125727	0.255503	-0.129043	-0.014283	0.034059	0.023402	-0.010600	-0.135086	-0.010853	0.057890	-0.146729	0.063936	0.022806	0.151582	0.009344	-0.042746	-0.100430	-0.060152	0.073776	-0.088208	-0.181111	0.080477	0.088962
chr1:98494802-98502600	0.693101	-0.100007	0.203594	0.041305	-0.114237	0.097553	0.268093	-0.050662	-0.226205	-0.239874	0.016423	-0.168124	-0.019069	-0.008061	0.075706	0.023825	0.067464	-0.003725	0.075850	-0.038320	0.178277	-0.106487	0.001409	-0.106735	0.048529	0.022130	-0.067024	0.003684	0.038137	0.002548	-0.012120	-0.223686	0.133083	-0.092479	-0.027436	0.082562	-0.049370	0.134602	-0.128395	0.086823	-0.102181	0.147583	0.077891	-0.139580	-0.168143	0.149747	-0.078616	-0.029289	-0.086874	0.125363	0.104330	-0.085086	0.006362	0.099084	-0.018875	-0.070789	0.034429	0.000688	0.115137	0.096144	-0.187269	-0.205467	-0.000730	-0.049307	0.033955	0.051498	-0.005081	-0.091407	0.034504	0.042260	0.187850	-0.012908	-0.111969	-0.093725	-0.084838	-0.081517	0.204018	0.043876	0.143660	-0.011582	-0.054122	0.038393	-0.121843	0.021641	0.086264	0.160092	0.087724	0.021920	-0.213183	-0.010355	-0.069951	0.142653	0.087857	0.081906	0.062046	-0.051644	-0.102992	-0.135389	0.118842	0.071493	-0.054572	0.073951	-0.016860	0.086833	0.036409	-0.105943	0.107520	-0.017960	0.045449	-0.038031	-0.024423	0.064290	-0.056346	-0.117561	0.088193	0.046415	-0.148162	0.052547	-0.058440	-0.008698	-0.113890	0.121949	-0.015796	-0.058122	-0.127145	-0.176740	-0.006436	-0.023399
chr19:19430963-19432963	0.494744	0.255512	-0.448866	0.134976	-0.514149	-0.033643	-0.019826	-0.208966	0.113727	0.115134	0.210323	-0.006934	-0.065408	0.021822	0.059919	-0.052202	-0.002550	0.179424	-0.032383	0.061422	-0.054423	0.120960	-0.015094	-0.202695	-0.053612	-0.122727	-0.095871	0.107387	-0.129600	0.017260	0.278518	0.217104	0.131783	0.074133	0.112294	-0.225359	-0.031527	0.040412	0.100217	0.027215	0.028279	0.034132	0.115729	0.094332	-0.100414	-0.024473	0.109979	-0.113781	-0.054555	-0.092678	0.138961	0.185169	0.183557	-0.197158	-0.042330	-0.208183	-0.024510	0.114220	0.039089	-0.075084	0.271732	0.029548	-0.014505	0.098677	0.118242	-0.088696	-0.107387	0.225472	-0.057049	-0.203540	-0.023653	0.135920	-0.063280	-0.123616	-0.077801	0.061170	-0.041401	0.102231	0.038844	-0.020741	0.127263	0.063042	-0.056944	0.018367	-0.099130	0.017465	-0.128584	0.114001	0.013881	0.080700	0.110205	-0.000705	0.123798	-0.075544	0.093346	-0.294498	-0.159364	-0.075055	0.133308	-0.039563	0.046552	-0.153545	-0.033078	-0.005472	0.167842	-0.032275	-0.029671	0.114427	-0.027289	0.003699	-0.111208	-0.077898	0.127999	0.055112	0.062384	-0.068697	-0.012803	-0.062088	-0.140906	0.138864	0.274118	0.112803	0.072506	0.011480	-0.041647	-0.030305	0.035236	-0.113370
chr3:52741002-52747400	0.719117	0.047107	-0.052782	-0.098269	-0.111879	-0.469138	0.079964	-0.139550	0.013621	0.053924	0.163694	-0.071539	-0.088651	0.034716	-0.211998	0.090416	-0.028493	-0.058588	-0.028140	0.012212	-0.075482	-0.056722	0.033463	-0.044554	0.149916	0.039335	-0.057351	0.013836	0.020636	0.016986	-0.091085	0.021908	-0.112420	-0.065319	0.053945	0.046692	0.185212	0.121514	0.004061	-0.121724	-0.127680	0.016819	0.094838	0.105945	-0.010089	-0.014932	0.129277	0.051730	-0.045939	-0.040349	0.003181	-0.037882	0.073150	-0.039134	-0.049853	-0.116118	0.228022	0.062253	-0.148382	-0.195226	-0.005856	-0.051402	0.037319	-0.201349	0.065676	-0.095322	0.075015	-0.087337	-0.009682	-0.015425	0.023560	-0.080947	0.193683	-0.088316	-0.203672	0.098630	-0.078850	-0.059031	-0.249093	-0.135077	0.100837	-0.161883	0.119912	0.033637	0.017574	0.049804	-0.016148	0.121502	-0.130867	-0.076588	-0.117835	-0.029296	-0.010892	0.024811	-0.079438	-0.006379	0.092764	-0.022166	-0.172809	0.033163	0.054239	0.049740	-0.112157	-0.011040	0.090979	-0.155410	-0.070317	-0.180640	0.066156	-0.141511	0.042363	0.085120	0.030492	0.027563	-0.175881	0.099750	-0.178022	0.095496	-0.048769	0.048542	-0.058392	0.060279	0.062997	-0.010515	0.033886	-0.179885	0.163326	-0.109262
chr3:52804202-52804600	-2.655337	0.329864	-0.294752	-0.519102	-0.512264	0.046555	0.187386	0.214219	-0.118806	-0.233417	-0.163048	-0.239975	0.198200	-0.117894	0.235904	0.238049	0.306309	0.288576	0.146340	-0.041464	-0.103064	0.187565	0.149206	-0.097201	0.123558	0.308113	-0.090119	0.225398	-0.174050	0.068701	0.075532	0.233964	0.297305	-0.046917	0.035425	0.036579	0.132301	-0.073373	0.083207	0.024155	0.157066	0.004166	0.004166	0.262503	-0.179935	-0.118142	0.047246	0.254461	0.001163	-0.197500	-0.020567	0.028674	-0.089329	-0.005422	0.103607	-0.249968	-0.139713	-0.170329	-0.185791	0.108095	0.192304	-0.144600	0.041116	0.087995	-0.238399	0.150057	-0.166523	0.107592	-0.044431	-0.008028	0.046232	-0.091890	0.233276	0.008562	0.086097	0.186225	0.096732	-0.181414	-0.144100	0.137715	-0.180413	-0.082052	0.018864	-0.028719	-0.061785	0.076306	0.156304	0.105994	0.050062	-0.084188	0.220173	0.039663	0.147670	0.023317	-0.127286	0.074162	0.000732	-0.059084	-0.169509	0.099860	0.038629	-0.054628	0.070791	0.041603	-0.017020	-0.037320	-0.024001	0.200678	-0.137416	-0.153065	-0.000352	-0.153760	0.045516	0.153832	0.056445	-0.157758	0.084010	0.194811	-0.040496	-0.016032	-0.049491	0.037147	-0.132350	0.128425	-0.134017	0.014842	-0.101224	0.028308
chr3:52817802-52819800	-0.132351	-0.860227	-0.730267	-0.092209	0.087550	0.225675	-0.012696	0.014816	-0.121920	-0.067706	0.034247	0.146587	-0.215011	-0.026902	-0.163045	0.203429	-0.231036	0.162314	0.004645	-0.039310	-0.192933	-0.008830	-0.191238	0.098488	0.015103	0.065037	-0.242804	0.024353	-0.177524	-0.044619	0.017424	-0.032091	0.151698	0.060820	0.097655	0.006005	0.111738	-0.278040	-0.113955	-0.054456	-0.054232	0.076685	0.008968	0.044769	0.028316	-0.134161	0.017575	0.062664	-0.053465	-0.109367	-0.048173	0.149144	0.187892	0.049279	0.019829	-0.044081	0.047047	-0.019801	0.067912	0.158432	-0.152526	0.051283	0.038628	-0.108650	-0.136501	-0.130943	0.062947	-0.028637	-0.073851	-0.183351	-0.022774	-0.105052	-0.064333	-0.159548	0.000133	0.046404	0.009068	0.153101	0.107296	-0.166796	-0.040259	-0.049070	0.085603	-0.190364	0.052675	-0.055476	0.025918	-0.091187	-0.121556	-0.042624	0.014533	-0.034228	0.007484	0.083659	0.078760	0.003634	0.076233	-0.120400	-0.317014	0.005141	-0.087474	-0.048593	0.086664	0.125203	0.023431	0.033509	-0.184014	0.020530	0.039477	0.055111	0.148911	-0.072240	-0.187604	0.029983	-0.133773	0.078627	0.015866	0.001876	0.060430	-0.097866	0.029934	-0.008286	-0.159596	0.123580	-0.138804	-0.075336	-0.010487	-0.158524
chr1:243633202-243642000	0.878190	0.303221	0.486700	0.016952	0.114931	-0.228372	0.227379	0.115709	-0.140384	-0.088360	0.002546	0.221107	0.226411	0.010290	-0.164457	0.030868	-0.008303	-0.005343	0.130903	0.118873	0.018043	-0.016470	0.039174	-0.138916	-0.041687	0.061283	0.033253	0.099451	0.034153	-0.121104	0.275740	-0.125629	0.119744	0.177282	-0.239541	-0.252247	-0.162154	-0.093325	0.069465	0.020245	0.013333	0.019303	-0.118388	0.011414	-0.012906	0.016625	0.121358	-0.015086	0.230338	0.054295	-0.010610	-0.005898	0.050831	-0.027868	0.029368	0.070473	-0.071530	0.084931	0.004730	0.190370	0.158079	0.132580	-0.158601	-0.034136	-0.083543	-0.149699	-0.051344	0.174658	-0.034038	-0.089394	-0.160721	-0.011116	0.000894	0.141574	-0.065471	0.158324	0.038970	-0.098211	-0.046586	-0.264147	0.049176	0.059266	0.009372	0.040035	-0.072720	0.121471	-0.058996	-0.230380	0.007232	0.070550	0.234511	-0.049691	0.020039	-0.012254	0.127399	0.024513	0.045083	-0.067925	-0.102010	0.116958	0.113169	0.097029	-0.065611	0.024603	0.146508	-0.049513	0.042961	-0.142048	-0.087078	-0.121111	-0.020002	0.123270	0.231985	0.130388	-0.014496	0.000445	0.072075	-0.078861	-0.022296	0.058490	-0.101340	-0.184841	0.038386	0.027882	0.010517	-0.137720	-0.127693	0.055889
chr2:200779737-200781737	0.664967	0.294765	-0.074177	0.065039	-0.151066	-0.194984	-0.038096	-0.361406	-0.021206	0.072307	0.118594	0.053509	-0.043507	0.079185	0.208695	-0.012344	-0.069514	-0.057825	-0.036702	0.006465	0.144426	-0.058596	0.128209	-0.103577	0.201502	0.064983	0.097029	-0.003143	-0.194300	-0.069904	-0.221917	-0.040937	0.035853	-0.110806	-0.142998	-0.109807	0.184853	0.069397	-0.127857	0.074688	0.077549	-0.040792	-0.084047	0.023846	0.001439	0.097007	-0.045257	0.021950	-0.012391	0.065860	-0.024150	0.178479	-0.108482	-0.046862	-0.101996	0.044842	0.167150	-0.100253	0.003348	-0.207997	-0.057318	-0.058622	-0.066140	-0.113936	-0.012869	-0.013674	0.179624	-0.100414	0.052671	0.159977	-0.150531	-0.074441	0.010179	0.006455	-0.009158	0.159402	0.064659	0.074880	0.066475	-0.009575	0.050810	0.040985	0.015344	-0.031371	-0.074526	-0.093084	0.080816	0.132914	-0.126189	-0.105103	0.079418	-0.047694	0.057509	0.120374	-0.005602	-0.073163	-0.056605	0.022631	0.107852	0.121660	-0.050298	0.189405	0.155849	0.136624	-0.029767	-0.078004	0.070049	0.025670	-0.025031	-0.010303	-0.161160	0.065469	-0.031061	0.055389	0.077446	-0.041569	0.022487	0.073226	0.144256	-0.009263	-0.024467	-0.117125	0.026327	0.063012	0.083966	0.084209	0.103405	0.080824
chr10:104652545-104654545	0.537091	-0.149039	0.342236	0.086139	-0.210821	0.118552	-0.113385	0.139672	-0.086501	-0.030370	-0.039282	-0.071500	-0.113892	-0.186518	0.028341	0.115899	0.023655	-0.051302	0.116195	-0.235086	-0.032633	0.134146	0.017933	0.065737	0.034324	-0.116576	-0.017780	-0.119029	0.027698	-0.070617	-0.187527	-0.078342	0.149390	0.076063	-0.031422	0.076283	-0.162399	-0.083017	0.130153	-0.135222	-0.219945	-0.000772	0.028567	-0.068323	-0.141545	-0.037228	0.016051	0.088242	0.061823	0.038978	-0.137883	-0.038625	-0.204776	-0.076570	-0.242466	0.086522	0.083345	-0.065916	-0.038234	0.030759	0.099252	-0.019289	-0.019795	-0.193661	0.035808	0.137783	-0.027315	-0.002611	0.204824	-0.066409	-0.115965	0.080320	0.035858	-0.196846	0.297484	0.081671	-0.126149	0.098899	-0.145449	0.117516	-0.003928	0.218909	-0.192858	-0.094079	-0.155722	-0.058717	0.136340	-0.051107	-0.006662	-0.070644	-0.125520	0.076792	-0.078975	-0.089545	0.015315	0.004130	0.009834	-0.027381	0.144741	-0.239302	0.034037	-0.048672	0.030350	-0.136662	0.176300	0.062373	-0.091031	0.033987	0.059216	0.042807	-0.069917	-0.014051	0.057468	-0.138553	0.092983	-0.065643	-0.050624	-0.122079	-0.092911	0.015366	0.122693	0.022598	-0.004546	-0.017213	-0.039445	0.012396	0.078061	-0.062063
chr19:19432802-19440800	0.582560	-0.433207	-0.310321	0.010096	0.036841	-0.212234	-0.046479	0.016702	-0.094938	-0.119345	0.091717	0.186890	-0.113545	-0.001204	0.087693	0.094799	-0.087615	-0.027168	-0.142502	0.138206	0.236612	-0.018105	-0.012706	0.132017	-0.017648	-0.140960	-0.162583	-0.059375	-0.067724	0.051403	0.035073	0.212806	-0.041989	0.025235	-0.044709	0.108797	-0.243068	0.049306	0.171680	0.120433	-0.034699	-0.008746	0.058959	-0.070109	-0.225109	-0.015187	0.086210	0.006119	-0.061930	-0.070990	0.181184	-0.048137	-0.072895	0.134928	0.141650	0.055939	0.065249	-0.005125	-0.005102	0.112005	0.011363	0.023951	-0.045266	-0.153410	0.003321	-0.004517	-0.128142	-0.035726	-0.193002	-0.020160	0.158255	0.105295	0.027912	-0.171551	-0.074275	0.096962	-0.110210	-0.191093	-0.172347	0.015229	0.156235	0.093417	0.109801	-0.085624	0.061429	0.053140	-0.014196	0.047800	-0.098325	0.007842	-0.002078	-0.121831	-0.055844	0.121587	-0.121442	0.174417	0.037992	-0.060311	0.040227	-0.022567	-0.190430	-0.056081	0.133405	-0.043585	-0.109275	0.025139	-0.016225	-0.060758	0.129296	-0.012205	-0.091986	-0.182072	0.050764	-0.046286	0.057393	0.059973	-0.032996	-0.069648	-0.182024	-0.125114	-0.029254	0.067828	-0.123226	0.021076	0.015132	0.037557	-0.015828	-0.131770
chr2:233742002-233760600	0.858739	0.621022	-0.049813	0.124090	0.130072	0.144488	0.059728	-0.060112	0.071423	-0.092785	0.169003	0.017232	-0.109174	-0.159088	0.039130	0.102640	-0.154773	0.162442	0.140994	0.029503	0.120987	-0.034674	-0.126219	-0.036291	0.148682	0.078861	0.077084	-0.047443	0.176078	-0.067295	0.035225	0.023074	-0.028433	0.086861	-0.055715	-0.045463	-0.026363	0.058859	0.020988	0.013367	-0.041036	0.012571	-0.096404	-0.055531	-0.012925	0.102172	-0.036938	0.000376	0.104635	0.079632	-0.049583	-0.084021	-0.156961	-0.121290	0.002501	0.065861	0.065408	0.074721	-0.091329	0.075650	0.039056	0.078128	0.073969	-0.122614	-0.094788	0.096090	-0.009696	-0.288347	0.069163	0.074220	-0.088441	0.024318	-0.174805	0.033809	0.124432	0.165747	0.020789	0.233853	0.097099	-0.041073	0.065464	0.206425	0.015054	-0.077673	-0.131890	0.087939	-0.041101	0.099086	0.171692	-0.044591	-0.007538	0.180689	-0.099571	-0.123589	-0.003377	0.002499	-0.025301	-0.076523	-0.053363	0.075334	0.023262	0.291762	-0.066371	-0.093262	0.069305	0.031199	0.023959	0.008960	-0.156691	-0.025379	0.004807	0.097316	-0.098955	0.227704	-0.012203	-0.074367	0.007065	0.106441	-0.086349	0.048301	0.038218	-0.016793	-0.014655	-0.056762	-0.002769	0.101356	-0.021966	0.147669
chrX:55056617-55058617	0.406035	-0.767271	0.011175	-0.092831	0.171081	-0.046776	0.015014	-0.215829	-0.099461	-0.043117	-0.054324	0.034707	0.049865	0.106870	0.002014	0.097152	0.028515	0.003171	0.006770	-0.017273	-0.088354	0.035442	0.015304	-0.046870	0.028086	0.062660	0.016258	0.003233	0.124762	0.032426	0.008409	0.087234	-0.016346	-0.069338	-0.110960	-0.092440	0.134463	0.148759	-0.069200	0.045111	-0.135448	-0.095761	0.023788	-0.088620	-0.011043	-0.165332	-0.024845	-0.028993	0.076729	0.032806	-0.043332	0.077486	0.078409	0.282645	-0.001417	-0.101195	-0.210965	-0.025199	-0.074060	-0.218045	-0.070093	-0.023896	0.186000	0.158769	0.001489	0.156657	0.019527	-0.019641	-0.043560	-0.052293	0.010460	0.154398	-0.083736	-0.014574	-0.145774	-0.062909	0.000656	-0.061312	0.016624	-0.326110	0.002865	0.102372	0.053052	-0.198095	0.036813	-0.017875	0.088069	-0.070459	0.028393	0.038365	-0.064016	-0.033603	0.014453	-0.033467	0.157196	-0.060107	0.026991	0.190991	0.078550	-0.180813	0.055757	0.018476	0.036831	-0.115469	-0.088081	0.002297	-0.088713	0.085127	0.045870	-0.151242	-0.114300	-0.000234	-0.055549	-0.141470	0.020431	-0.019697	0.000098	-0.108496	0.182202	-0.211688	0.035641	0.108279	0.220946	-0.002376	0.016256	0.050205	0.046786	0.064887
chr11:1996802-2023400	0.041151	-0.525373	-0.858057	-0.261839	0.104654	-0.112617	0.009354	0.141400	0.092853	-0.027231	-0.000591	0.110699	-0.086435	-0.051507	-0.162022	-0.141634	-0.153390	-0.090967	0.071478	-0.055372	0.091417	-0.082053	0.017476	-0.138962	0.039852	0.036710	0.033894	-0.214057	0.068081	-0.054945	0.009931	0.184893	0.027463	0.009306	0.074823	0.096724	0.050000	-0.112528	0.218408	-0.170364	-0.041179	0.197351	0.058145	-0.023007	0.195566	-0.059798	0.050959	0.040220	0.022292	0.092295	-0.196722	-0.092625	-0.006595	-0.075546	-0.114120	-0.025913	-0.154968	-0.086642	-0.122031	0.081986	0.070018	0.025380	0.121698	-0.041343	-0.020089	-0.103142	0.030073	0.227258	0.008424	0.071904	0.189822	0.165516	0.067352	-0.038856	0.022348	-0.052694	-0.138878	0.156100	-0.054410	0.006315	0.090232	0.173054	-0.028565	0.016751	-0.101152	-0.004645	-0.115761	0.003762	-0.085696	0.154034	0.141138	-0.086165	-0.030172	-0.034884	-0.248445	-0.052848	0.003358	0.116897	0.069787	-0.003263	0.002365	-0.101617	0.124816	0.084643	0.065458	0.090284	-0.053862	-0.044956	0.043786	-0.120029	0.016439	0.053118	-0.006487	-0.024851	0.000512	-0.065483	-0.013500	0.180571	0.008812	-0.076188	-0.002693	0.010117	-0.050721	0.044931	-0.111303	0.048615	-0.039022	0.021204
chr11:118890202-118900800	0.383944	-0.589450	-0.317357	0.061025	-0.108725	-0.068796	0.020490	-0.053327	0.021841	-0.140323	0.069189	-0.095448	-0.114408	-0.022300	-0.053746	0.245573	0.008307	0.110912	0.109238	-0.255835	-0.078536	0.096726	0.085036	-0.059853	-0.027651	0.171343	0.050622	-0.184516	0.022750	-0.131770	-0.008490	0.143150	0.045379	0.005220	0.165294	0.017954	-0.155536	-0.097346	-0.182626	0.120213	0.005205	-0.010555	-0.033537	-0.071001	0.057591	-0.063036	0.070555	0.078501	-0.110330	0.040469	0.139576	-0.014223	-0.005139	0.032550	0.044135	0.063523	0.084362	-0.020316	-0.079133	-0.138660	0.025318	-0.079510	-0.091312	0.111878	-0.005280	-0.059734	0.047230	0.075924	-0.073298	-0.020351	0.073900	0.106399	-0.035945	0.033444	-0.075128	-0.060216	-0.047410	0.080818	0.107167	-0.061050	0.046413	0.049050	-0.041050	-0.020463	0.051220	0.028665	-0.023741	0.080628	-0.026297	0.090772	-0.128056	0.132911	0.056887	0.056426	0.007202	-0.035480	-0.044447	-0.189400	0.026191	0.041510	0.123631	0.059118	-0.099771	0.070495	-0.123756	0.078120	0.090065	-0.154612	-0.053062	-0.017520	0.065873	0.061385	0.040497	-0.016886	0.012035	-0.116098	0.029611	0.019973	0.036675	0.000969	-0.111928	-0.069961	0.054070	0.053603	0.107502	-0.060370	0.079684	-0.039966
chr7:22760602-22771600	0.723527	-0.539292	-0.011493	0.156019	-0.076295	-0.146158	-0.089594	-0.192490	0.041457	0.023919	-0.063851	0.095137	-0.213816	0.015450	-0.015673	-0.249474	0.215839	0.106558	-0.005783	0.020057	-0.060590	0.104769	-0.100706	0.019731	0.063077	0.141136	-0.099096	-0.063677	-0.160089	-0.201243	-0.023996	-0.202200	0.083010	0.045720	0.202033	0.004764	-0.005944	0.016463	0.113339	0.300082	0.098299	-0.053942	-0.008151	-0.003135	-0.242772	-0.027667	-0.083748	-0.003228	-0.112660	0.123776	-0.103884	-0.097556	-0.017146	0.014888	-0.129648	-0.162137	-0.060554	-0.193121	-0.008786	0.055390	-0.089899	-0.130693	-0.092540	-0.086876	-0.019172	0.147420	0.000978	-0.198896	-0.131790	-0.025476	0.154921	-0.147193	0.000212	0.209145	0.206284	0.141035	0.069994	-0.133693	0.272153	0.237672	-0.017044	-0.154290	0.086234	0.009176	-0.098352	0.071083	0.192077	-0.137822	0.075384	-0.027758	-0.005773	-0.063234	-0.100957	0.047914	0.062680	-0.067662	-0.167846	-0.005785	0.026401	0.054301	0.144680	0.172872	0.005888	-0.012740	0.146328	-0.101500	-0.099668	-0.040110	-0.033037	0.038417	0.197029	-0.029044	0.064609	0.051310	0.170199	0.032525	0.023199	0.020208	0.024552	0.122028	0.088412	0.038097	0.053122	-0.044900	-0.093919	-0.003701	0.100904	0.105792
chr16:31275202-31281400	0.776457	0.068686	-0.266490	0.180784	-0.123879	-0.360268	0.017749	0.188008	0.040175	0.340572	-0.126230	-0.161801	-0.156973	-0.051305	-0.105219	0.175762	-0.005811	-0.070358	-0.149065	-0.120925	0.104138	-0.148672	-0.076704	0.029997	-0.002821	-0.010769	-0.023948	-0.224195	0.004524	0.188117	-0.079209	0.225378	0.051283	0.177380	-0.078729	-0.000251	-0.079035	0.046222	0.128028	-0.077576	-0.113717	-0.023091	0.179446	0.066751	0.012223	0.121253	-0.004241	0.062679	-0.039803	-0.050631	-0.218885	0.105880	-0.019667	0.107625	0.009291	-0.013420	0.018141	0.031547	-0.065667	0.101353	0.132445	-0.210674	0.065360	0.018869	0.119072	0.072862	-0.083474	-0.037358	-0.025897	-0.029149	-0.108921	0.068622	0.117557	0.133576	0.080558	0.012499	-0.005689	-0.014997	-0.099341	-0.053127	0.039537	-0.184873	-0.313316	-0.017867	0.004175	0.049716	0.016489	-0.036460	-0.085473	0.257766	-0.083447	-0.066807	-0.238373	-0.033547	-0.041948	0.200017	0.066703	-0.083674	0.097601	0.054477	0.083236	0.112217	0.009397	-0.093378	0.069535	-0.002037	0.053154	0.068118	-0.006783	-0.067102	-0.096535	-0.022729	0.008157	0.111381	-0.026438	-0.032885	-0.063945	0.046537	-0.006363	0.219203	-0.074017	-0.195952	0.059102	-0.021696	-0.054410	-0.020312	0.159538	0.126867
chr6:138229039-138231039	0.551511	-0.811102	0.016504	-0.011863	0.399123	0.212157	0.005202	-0.156097	0.480339	-0.056683	0.200156	0.079307	-0.043262	-0.244771	0.290734	0.285121	-0.101585	-0.281837	0.786376	-0.362519	-0.169032	0.090685	-0.024394	0.253815	-0.035169	0.179795	0.122929	-0.292080	0.063919	0.043001	-0.259052	-0.241257	-0.101119	-0.121425	-0.079638	-0.009449	0.041078	-0.267484	-0.058070	0.151544	0.031915	-0.099478	0.159633	0.051475	-0.035060	-0.017951	0.023865	0.136672	-0.145190	0.051888	-0.024937	0.089993	0.070014	0.067545	0.047041	0.081956	-0.011498	-0.180611	-0.217037	-0.232494	0.039352	-0.063673	-0.097330	0.200949	0.148529	-0.080637	0.087066	-0.075104	-0.113843	-0.012036	0.040896	0.167247	0.166266	-0.028670	-0.029820	0.066143	-0.085698	-0.095417	0.068405	0.097329	0.194925	0.077505	-0.029917	-0.030463	0.113456	0.219781	-0.176070	0.060512	-0.014707	-0.006912	-0.070156	-0.004430	-0.022564	-0.170456	-0.019457	0.153929	0.009102	-0.004302	0.067456	-0.076474	-0.098799	-0.044464	-0.032765	-0.137480	-0.008177	0.113722	0.034374	0.082103	-0.049154	0.093716	-0.108960	0.137446	-0.002902	0.043975	-0.025081	0.004723	-0.033165	0.075555	-0.064458	0.004262	0.136886	-0.025202	-0.117714	-0.115937	0.063268	-0.065715	-0.130719	0.107473
chr6:138229040-138231040	0.561718	-0.815293	-0.035538	-0.018432	0.389465	0.093064	-0.070659	-0.254073	0.468570	-0.028118	0.193873	0.123947	-0.040192	-0.239712	0.306179	0.292618	-0.092533	-0.283013	0.787307	-0.337234	-0.191854	0.106299	-0.015070	0.227801	-0.032314	0.179434	0.098199	-0.273381	0.056128	0.031584	-0.243294	-0.235287	-0.099052	-0.129667	-0.083677	0.030800	0.041369	-0.299223	-0.076147	0.152990	0.027540	-0.109155	0.166198	0.053458	-0.026565	-0.044898	0.033708	0.130465	-0.146786	0.047303	-0.033585	0.080925	0.074939	0.048368	0.055433	0.072583	-0.030231	-0.177924	-0.198864	-0.216155	0.019402	-0.068038	-0.107516	0.180606	0.135318	-0.090568	0.081851	-0.049971	-0.135461	-0.011332	0.035719	0.145357	0.148831	-0.039559	-0.042654	0.087135	-0.072294	-0.120514	0.048379	0.098427	0.193922	0.070575	-0.028567	-0.048327	0.103884	0.200688	-0.186280	0.049345	-0.015882	-0.015278	-0.046386	-0.013301	-0.013917	-0.177996	-0.004164	0.124479	0.005105	-0.024952	0.070342	-0.075816	-0.124959	-0.044572	-0.038193	-0.123426	-0.028383	0.125596	0.050020	0.104731	-0.031621	0.118813	-0.112530	0.144110	-0.000325	0.043195	-0.016041	0.010986	-0.032404	0.068730	-0.072966	0.024476	0.154001	-0.032603	-0.131670	-0.096110	0.044797	-0.056050	-0.155073	0.079607
chr6:138190202-138205800	0.573674	-0.759370	0.014893	0.019504	-0.107428	-0.075556	-0.031822	0.104904	0.111188	-0.099778	-0.012857	0.014859	0.045803	0.223498	0.139165	-0.066669	-0.059799	0.007818	0.039677	0.084761	0.096049	0.093341	-0.186658	0.217115	0.113671	0.054688	0.191925	0.043702	0.026748	0.062316	-0.079777	0.098253	-0.029897	0.165441	-0.109250	0.117138	0.010214	-0.190689	-0.104262	0.136998	0.031215	0.002175	0.067993	-0.038432	-0.088816	-0.006544	0.045945	-0.050842	0.017932	0.073715	-0.045816	-0.175913	0.100740	-0.077494	-0.022447	0.042062	0.330503	0.017853	-0.039999	0.009718	0.042832	-0.043238	-0.101000	0.113734	0.092971	0.006870	-0.049960	-0.012359	0.004773	-0.034553	0.099851	-0.088350	-0.095205	-0.007873	0.160019	-0.072664	-0.226365	-0.103157	-0.038010	-0.017286	0.113016	-0.215512	-0.010219	-0.020239	-0.186517	0.064029	-0.024884	0.110228	-0.081486	0.127956	-0.138450	-0.183533	0.005615	-0.018433	0.108286	-0.023066	-0.089995	-0.119050	0.022693	0.241463	-0.068054	-0.098492	0.128576	0.014312	-0.169160	0.042799	0.024453	-0.076304	-0.114612	-0.146264	0.180015	-0.105940	-0.064886	0.034103	-0.013045	0.107971	0.022578	0.246806	-0.080441	-0.024608	-0.034927	-0.033167	0.088378	0.029519	0.050974	-0.060961	0.178473	-0.049729
chr1:47780992-47782224	-0.396533	-0.349502	-0.394361	-0.089725	0.223914	0.256939	-0.208275	-0.161055	0.095759	0.030170	-0.093220	-0.072033	-0.059851	0.040468	-0.457379	-0.304365	-0.196774	0.138416	-0.110435	0.230288	-0.041612	0.128533	0.170038	-0.036000	-0.240169	-0.064815	0.108417	-0.110268	0.043634	-0.203672	0.074611	-0.033140	0.192177	0.090484	0.176056	0.200134	0.167479	0.175021	-0.070481	0.076913	-0.071413	-0.026350	-0.053519	0.053814	0.081521	0.148933	0.109674	-0.112959	0.102509	0.111528	-0.134181	0.077799	-0.322996	-0.235175	-0.030717	0.053558	0.023272	0.025005	0.073767	0.002857	-0.190757	-0.069549	-0.168347	-0.216771	-0.163042	0.036544	-0.101954	-0.152143	-0.157071	-0.089164	0.067339	-0.055413	-0.127510	0.221078	0.006198	0.051921	-0.018979	0.136406	-0.155605	-0.079197	0.134187	0.019893	-0.007928	0.093852	-0.140774	0.110863	0.151097	0.029272	-0.222980	0.082688	0.062722	-0.176959	0.267753	0.131107	0.161834	0.007390	-0.139849	0.068241	-0.127286	-0.046359	0.094098	-0.069367	0.044514	-0.081880	0.052507	0.084082	0.072482	0.058924	0.120256	0.164211	-0.097759	0.069496	-0.022162	0.052399	-0.009356	-0.144483	0.108912	-0.156609	-0.216458	-0.070487	0.126876	-0.126594	0.053273	-0.214866	-0.088610	-0.119190	0.021032	-0.219579
chr8:130180065-130180972	-0.836502	-0.211142	0.175244	-0.284832	0.371961	0.166841	0.004977	-0.378081	0.070928	0.017382	-0.036200	-0.049422	-0.094336	0.059728	-0.206382	0.047301	-0.011340	-0.107639	-0.123514	0.156199	0.206055	-0.000535	0.073941	-0.061679	-0.075754	0.098392	-0.230449	-0.181342	-0.105099	0.070148	0.024761	0.063706	-0.060433	0.068113	0.109984	0.066133	0.155562	-0.029142	0.001924	-0.111386	0.032162	-0.027444	-0.099869	0.104385	0.151419	-0.003204	-0.065215	-0.108252	-0.134748	0.212357	-0.082903	0.229514	0.001929	-0.028862	-0.239705	0.066368	-0.065737	0.003119	0.109022	-0.042456	-0.380254	-0.199197	-0.025194	-0.231185	0.134696	-0.091644	0.076951	0.043644	0.055204	0.062386	-0.015827	0.036004	0.063621	-0.189245	0.019026	-0.045812	-0.163503	-0.042935	-0.051469	0.320433	0.052359	0.077532	0.034655	-0.035861	-0.157882	0.116655	-0.138934	0.144873	0.157076	0.128529	0.073117	-0.044560	0.152933	0.051048	-0.075049	0.045523	-0.144956	0.003890	0.147054	-0.070146	0.090830	0.092628	0.148040	-0.003182	0.003777	-0.068781	-0.108190	-0.082012	0.074969	-0.089766	-0.117460	0.026884	-0.000706	0.283543	-0.033863	-0.076577	0.064908	-0.128170	-0.064410	0.112224	-0.016481	-0.038485	-0.165474	-0.137536	-0.067134	-0.067801	-0.072695	-0.018519
chr11:5248002-5248400	-2.644489	0.146978	0.245834	-0.457011	-0.263249	-0.126080	0.127079	0.128544	-0.152786	0.014066	-0.056052	0.110490	0.312835	-0.050210	-0.016520	-0.166095	-0.111093	0.322819	0.220936	-0.187897	0.165652	-0.319866	-0.195091	-0.223623	-0.082298	-0.145041	-0.041329	0.041734	0.092812	0.161944	-0.158538	0.212334	-0.137044	-0.000179	0.023497	-0.151861	-0.094713	-0.020900	-0.081011	-0.035307	0.127182	-0.066353	-0.091101	-0.000378	-0.020445	0.037550	-0.186668	0.171744	0.043640	-0.150675	0.111085	-0.085797	0.056235	-0.068696	-0.087214	-0.111485	-0.168264	-0.130798	0.002055	-0.081609	0.043814	0.116290	-0.130819	-0.097579	-0.111261	-0.205796	-0.034672	0.027380	-0.265989	0.118979	0.006417	-0.186317	-0.192039	0.021240	-0.130190	-0.138388	-0.162599	0.062976	-0.061282	0.152141	0.105069	-0.212521	-0.083109	0.010473	-0.050230	-0.038476	-0.216910	-0.047456	-0.080533	-0.296125	-0.156735	0.047027	0.136492	0.021275	0.037381	0.071123	0.170579	-0.179127	-0.072551	-0.146008	0.070746	-0.082660	0.199853	0.089580	0.043701	-0.008186	-0.012422	-0.115125	-0.025196	0.205757	-0.141745	0.141691	0.005753	-0.061811	0.104648	0.162499	0.046713	-0.027299	0.044450	0.017513	0.245860	0.087625	-0.103618	-0.099447	-0.138769	-0.053017	0.013609	0.195179
chr11:5247402-5249402	0.623095	-0.113639	-0.038227	-0.005603	0.557287	0.137493	0.085667	0.162323	-0.002013	0.009629	-0.096795	0.100961	0.182856	0.194937	0.024741	-0.219581	-0.002873	0.331372	0.183910	-0.159546	0.099043	-0.030438	0.034454	-0.109874	-0.220335	-0.121867	0.076018	0.100722	0.137024	0.111262	-0.142409	0.039278	0.015554	-0.169620	-0.103463	0.084172	-0.211170	0.124801	-0.063457	-0.139558	-0.071997	0.035718	-0.011268	0.091919	-0.080285	0.096419	-0.003258	0.050189	-0.073394	-0.194184	0.260008	-0.228274	-0.011079	0.176700	-0.118132	-0.158448	-0.189226	-0.254699	0.147018	0.005660	-0.097525	-0.168491	-0.090346	-0.111209	0.012626	-0.005247	0.095404	-0.113676	-0.179428	0.200875	-0.073772	0.108575	-0.010937	0.048414	0.223502	-0.160944	-0.214065	0.129875	0.005098	0.040053	0.100690	0.051361	-0.008537	-0.010301	-0.051723	-0.060707	0.030132	-0.001538	-0.031100	-0.013713	0.037763	0.050837	0.156673	-0.139736	-0.062769	0.120454	-0.043491	-0.103864	-0.150021	0.134151	0.056213	-0.084086	0.084538	-0.073063	-0.067088	-0.085114	-0.083509	0.049388	-0.021407	0.020371	-0.088503	0.139331	-0.045965	0.163860	-0.060700	-0.017684	0.054226	0.151545	-0.060488	-0.042744	0.039730	-0.042213	-0.079802	-0.106762	0.055329	0.092217	0.086736	-0.075248
chr11:5247491-5249491	0.415884	-0.508601	0.007824	-0.127549	0.462964	0.077788	0.081233	0.088559	-0.041782	0.026426	-0.156356	0.201751	0.203849	0.185220	-0.028010	-0.167957	-0.115726	0.239770	0.246445	-0.184416	0.183890	-0.047377	-0.012812	-0.133717	-0.231042	-0.125540	0.041751	0.092192	0.080457	0.130011	-0.199186	0.077281	0.011775	-0.088984	-0.038100	0.137637	-0.273028	0.194107	0.018325	-0.204945	-0.045896	0.072619	-0.093139	0.159471	-0.039314	0.162453	-0.129027	0.059541	-0.132950	-0.131714	0.264844	-0.231180	0.074379	0.212833	-0.100256	-0.143095	-0.273773	-0.197805	0.085264	0.024044	-0.068334	-0.144796	-0.116096	-0.227981	-0.051852	-0.145633	0.210210	-0.068624	-0.069456	0.175033	-0.036692	0.126274	0.019957	-0.076857	0.102930	-0.118146	-0.252988	0.279771	0.068968	0.032964	0.150727	0.026560	0.085204	-0.000616	-0.015443	-0.034350	0.021157	-0.060241	-0.051812	0.003706	0.060636	0.116461	0.078468	-0.133378	-0.121716	0.104837	-0.077953	0.011882	-0.142900	0.136477	0.093948	-0.121200	0.090508	-0.052074	-0.035273	-0.080549	-0.086297	0.114107	0.003407	0.010336	-0.006936	0.132806	-0.021396	0.154256	-0.044757	-0.092296	0.049217	0.080903	-0.030711	-0.017092	0.089363	0.005087	-0.018289	-0.121408	0.091066	0.028826	0.129835	-0.068594
chr11:5254802-5256800	0.460058	0.197098	0.050598	-0.010859	0.235056	-0.065683	0.122081	0.201005	-0.009154	0.058690	-0.009210	-0.122735	-0.098093	-0.045669	0.150829	0.007606	0.013213	-0.110466	-0.066658	-0.124265	0.057090	0.084449	-0.068639	0.023975	-0.004991	0.105423	-0.116539	-0.025631	0.098148	0.012245	-0.108208	0.230480	0.247068	-0.111651	0.112656	0.041695	0.089732	0.136678	0.095005	0.067181	-0.174654	0.120350	0.026102	0.101480	0.239668	0.142725	0.044396	-0.119502	0.034682	0.172264	-0.016410	-0.083587	0.055949	0.046251	0.092021	0.008106	-0.139397	0.120850	0.143891	0.050059	0.007564	0.121061	0.001789	0.051283	-0.116178	-0.049922	-0.002999	-0.083160	0.047362	0.209852	0.019406	-0.190171	0.006525	-0.016414	0.050101	0.169030	-0.121258	0.075677	0.047554	-0.041039	-0.093452	0.111679	0.115387	-0.170192	0.074648	0.130326	0.152873	-0.013219	-0.082257	0.056201	-0.040069	0.095049	-0.152165	0.163491	0.012044	0.150781	-0.032295	-0.189250	-0.045612	-0.026919	0.082222	-0.135370	-0.004263	0.202168	-0.162814	-0.003499	-0.029764	0.072763	0.179180	0.087270	0.071914	-0.057152	0.047642	-0.038428	0.076015	0.134395	0.002732	-0.290007	-0.152046	0.122140	0.250243	-0.143698	0.123107	0.088357	-0.034386	0.088420	-0.051026	0.020566
chr16:208709-210709	0.525045	0.547128	-0.089373	0.202577	-0.261125	-0.264153	0.287278	-0.263031	0.144011	-0.123983	0.125815	-0.091172	0.116954	0.165748	0.042384	-0.076474	0.043182	-0.011541	-0.005224	0.142971	-0.161112	-0.020546	0.015755	-0.048695	0.063571	-0.143444	-0.029458	-0.103777	-0.011343	-0.274829	-0.133385	0.013863	0.052293	0.044572	-0.100610	0.033135	0.137124	0.030415	-0.071112	0.057777	-0.039357	0.207002	0.157148	0.089465	-0.212907	0.089397	-0.005317	0.189412	0.169393	0.030919	-0.099411	-0.288012	-0.103747	-0.010100	0.186949	-0.058839	-0.051450	-0.016937	0.017797	-0.058661	0.048791	0.003516	-0.068705	0.062476	0.132126	0.114808	-0.106823	-0.037167	-0.169903	0.015943	-0.091603	-0.080962	0.039884	0.007418	-0.137654	0.104641	-0.090474	0.098709	-0.155919	-0.142863	0.094006	-0.034209	0.095702	-0.157804	0.170828	0.000988	0.143757	0.113606	0.045708	0.024013	-0.080007	0.026524	-0.047002	-0.034432	-0.057415	-0.237220	0.005553	-0.069787	0.003757	0.109445	0.006005	-0.061292	0.058651	0.037347	-0.015427	-0.068455	-0.145358	-0.140930	0.006086	-0.028117	0.267466	0.164292	0.011391	0.054908	-0.103960	-0.074851	-0.099000	-0.110556	0.091467	-0.012335	-0.038584	0.032006	0.114296	0.071623	-0.001407	-0.112703	-0.006676	0.055358
chr3:24201602-24205000	1.064595	0.508170	0.085249	0.187224	-0.137266	-0.123769	-0.123418	-0.206498	-0.005694	-0.082732	-0.046469	0.064986	-0.001446	-0.132940	0.039927	0.259002	-0.281211	-0.137278	0.001628	0.243429	0.037364	0.053050	0.008851	0.159562	0.155275	0.103258	-0.032096	0.310104	-0.103698	-0.138591	-0.170612	0.093163	-0.224662	0.063178	0.003552	0.011333	-0.107708	-0.256338	-0.029231	0.023770	-0.260294	-0.040816	0.100627	-0.160369	0.011566	-0.009595	0.068766	0.037318	0.073517	-0.006687	0.027340	-0.026251	0.047612	0.093855	-0.104988	0.013761	0.106073	-0.096956	0.071234	0.082113	0.079894	-0.009418	0.044225	0.161032	-0.042948	0.020683	0.021195	0.028744	-0.031438	0.102571	0.028238	0.000895	0.054340	-0.027986	0.032682	-0.059536	-0.109166	-0.193594	0.045169	0.035800	-0.002942	0.180141	-0.129169	-0.035758	0.106607	-0.164438	0.191181	0.177708	-0.183720	-0.261989	0.052391	-0.110184	-0.072204	-0.098927	0.053188	-0.094090	-0.109634	0.129006	-0.200111	0.170483	-0.103180	-0.060729	-0.189110	0.095499	0.087068	0.124833	-0.192658	-0.060952	0.110431	0.106711	0.033268	0.057079	0.151228	0.086993	-0.126663	-0.013654	0.135101	0.138686	0.048705	0.010820	-0.068017	-0.065771	-0.022688	-0.072658	-0.105203	0.039681	-0.130139	0.120420
chr10:27388383-27390383	0.718222	0.542916	0.118805	0.082228	-0.025931	0.117245	-0.355355	0.027662	-0.107117	0.026834	-0.166238	0.124063	-0.172352	-0.146691	0.078458	-0.143406	0.154501	-0.100636	-0.037858	-0.049242	0.026897	0.224828	-0.026436	-0.023770	0.209477	0.143896	0.032114	0.054840	-0.126511	0.136437	-0.032431	-0.174417	-0.182858	-0.222170	-0.086308	0.097692	0.088727	-0.010101	0.028688	0.042098	0.197054	0.057399	0.128112	0.088989	0.012601	0.062365	-0.175677	0.058321	0.057484	0.064729	-0.148111	-0.010503	-0.117411	-0.013661	-0.090701	-0.087972	-0.096009	-0.093675	0.216458	-0.231526	0.111616	-0.015356	0.046068	-0.073364	-0.032732	0.011100	-0.019714	0.175537	-0.161496	-0.231779	-0.157915	0.034529	-0.109098	0.114738	-0.100756	0.054522	0.009064	0.037896	0.047162	0.190607	0.112279	-0.156173	-0.158549	-0.053439	-0.058375	-0.186637	-0.085880	-0.061713	0.072749	-0.093071	-0.105059	0.150844	0.103467	-0.005259	-0.002249	-0.091849	0.118853	-0.050949	0.188630	-0.025032	0.083609	-0.008470	-0.009346	0.051499	-0.125622	0.089974	0.125625	0.087958	0.024977	0.051771	-0.136440	-0.001944	-0.050168	-0.142297	-0.109385	-0.178126	-0.114033	-0.074906	0.233555	0.011723	0.095889	0.019201	0.113793	-0.095048	0.031921	0.002878	-0.062926	-0.167861
chr1:181019802-181020800	-0.187135	0.246214	0.287354	0.068247	-0.303311	0.391676	0.107885	-0.203520	0.050348	-0.048213	-0.147078	0.345684	-0.048121	0.020743	-0.087910	-0.252219	-0.181019	-0.078884	0.055766	0.042996	0.177201	0.311522	-0.049201	-0.017209	0.097933	-0.040255	-0.104329	0.137581	-0.153857	0.046965	-0.027312	-0.083234	0.082338	0.016128	-0.212671	0.338613	0.117653	-0.064799	-0.042311	0.088356	-0.014798	-0.055342	-0.096694	0.136178	0.005783	-0.046110	-0.288690	0.073183	0.074465	0.100558	0.173682	-0.183159	0.047693	-0.023570	-0.148034	-0.158111	0.094331	0.105554	-0.095272	0.120909	0.011990	0.060281	-0.190072	-0.010445	0.015994	-0.058438	0.016347	-0.122135	-0.058233	-0.014164	0.038632	0.249606	-0.065333	0.136461	0.055781	-0.146004	-0.155332	-0.112413	0.074499	0.127197	0.145865	-0.006788	0.087063	0.143423	-0.020001	-0.126023	-0.044652	-0.160735	0.132918	0.122930	0.074752	0.065244	0.032558	-0.162863	-0.038673	0.043563	-0.042487	0.006875	0.106968	0.205945	-0.081233	0.133442	0.004106	-0.149114	0.102384	0.120175	-0.026730	-0.036984	-0.161253	-0.130532	0.053356	-0.135813	0.071113	0.122357	0.197077	0.218647	0.084811	0.094824	0.042485	-0.165847	-0.039273	0.047445	0.045086	0.092236	0.065073	-0.241035	-0.094936	0.245610
chr4:26085002-26091000	0.471675	-1.273841	-0.029790	-0.175453	-0.086412	-0.166930	-0.097282	0.044207	-0.075800	0.095059	-0.046674	0.245198	0.160749	-0.087806	-0.171014	-0.151391	0.015455	-0.156625	-0.058198	0.032962	-0.128662	-0.145871	0.033695	-0.090663	-0.026645	0.026210	-0.064372	0.100544	0.192529	0.085483	0.007087	-0.025066	-0.020090	0.069357	0.007973	-0.072788	0.069212	0.094421	-0.040960	-0.012375	0.080143	0.062748	-0.092044	-0.079067	-0.018876	-0.026948	0.084919	0.034283	0.032394	0.061762	0.070380	0.051302	0.002616	-0.123572	0.001124	0.038988	-0.143365	0.027877	-0.004567	-0.117396	0.133819	0.181336	-0.021797	-0.007475	-0.079058	-0.192016	-0.063887	0.044260	-0.132425	0.008233	-0.164347	0.043699	0.045387	-0.072551	0.027775	0.020312	0.022449	0.079440	-0.143403	-0.160475	0.113280	0.012838	-0.135352	-0.112666	0.093506	0.051518	0.033731	0.026278	-0.082746	0.019536	-0.035597	-0.137497	0.088530	0.002198	0.092696	0.066621	-0.061314	0.133881	-0.093240	-0.113467	0.087357	0.042757	-0.129712	0.048554	-0.033314	-0.118299	0.039448	-0.016097	0.042911	-0.050257	0.006434	0.011805	-0.140285	-0.014254	-0.093187	-0.007079	-0.070041	0.052772	-0.016442	0.037964	0.043151	-0.100038	0.090923	-0.060528	-0.096252	0.057438	0.030414	-0.004946
chr11:2181419-2183419	0.092264	0.053492	-0.622049	0.127409	0.006749	0.211835	0.055703	0.042409	0.056875	0.251669	0.029843	-0.370614	0.095856	0.111655	-0.001572	-0.074872	-0.161519	0.083704	0.031790	0.009947	-0.079979	-0.190596	0.155664	0.002811	0.060198	0.184072	0.012574	-0.035870	-0.031297	-0.073441	0.072460	-0.120180	0.093368	-0.016311	0.014980	-0.006970	-0.142784	0.012436	-0.153053	-0.256576	-0.240387	0.180573	0.179987	-0.035966	-0.153222	-0.031851	0.137317	0.016140	-0.264160	-0.021554	-0.002246	-0.030056	0.131759	0.103565	0.018516	0.126570	-0.074002	0.024935	0.078035	0.163420	-0.029580	0.056659	0.046291	-0.004829	0.125792	0.019934	-0.005127	0.015694	0.047479	0.042229	0.011348	-0.080494	-0.112793	0.043162	0.006588	-0.146066	0.050129	0.007353	-0.242824	-0.252121	0.120372	0.041024	0.219266	-0.044684	-0.023155	0.003445	-0.145340	-0.058594	-0.026297	-0.081136	-0.086653	-0.090730	0.078948	-0.126953	-0.063384	-0.123166	-0.034746	-0.185696	0.039561	0.012574	-0.002845	-0.005679	-0.139796	0.089652	0.032871	-0.213791	-0.019562	0.000910	-0.101502	-0.070523	0.094998	0.035268	0.157545	-0.144449	0.067489	-0.008909	0.103875	-0.071401	-0.087683	-0.003024	0.066863	0.046364	0.024685	-0.011584	0.030782	0.017878	0.056049	0.036608
chr12:121412402-121416200	1.234630	0.632814	-0.075822	0.207998	-0.169080	0.170365	-0.072234	-0.068597	0.258770	0.279033	0.021284	0.038366	-0.259649	-0.101809	-0.023306	0.103893	-0.054272	-0.001376	0.072080	0.059847	0.081323	-0.039370	-0.302446	0.130991	0.090232	-0.106866	0.085525	0.123568	-0.007535	0.017463	-0.220777	0.139019	-0.081086	0.055312	-0.201438	-0.062405	0.027083	-0.071696	-0.210767	-0.032465	0.066389	0.032890	0.061374	-0.049459	0.064062	0.093748	-0.001969	-0.101294	0.049233	-0.162528	-0.044196	-0.060893	-0.040912	-0.101696	-0.105449	0.210013	-0.165649	-0.228983	-0.226504	-0.034920	-0.215668	0.101327	0.236172	-0.110821	0.006447	0.038261	-0.157273	0.014611	-0.030040	0.083689	0.225492	-0.188382	-0.054928	0.235665	0.047333	0.019042	0.064322	-0.068047	-0.054986	-0.186056	-0.060942	-0.078534	0.010868	0.091696	0.073985	0.006549	0.039515	-0.063511	0.160671	0.021191	0.028500	-0.009721	0.046267	-0.049004	0.135819	0.135808	0.112730	0.039526	-0.229737	-0.050200	-0.030199	0.132818	0.035512	-0.222472	-0.050382	0.036291	0.088970	-0.107456	0.042026	-0.091724	0.083460	-0.197194	0.068671	0.167279	0.117926	0.165278	-0.010215	-0.029478	-0.044056	-0.166446	0.083070	-0.085135	-0.033772	0.215154	-0.050947	-0.015716	-0.037804	-0.089934
chr12:121416402-121424400	0.770218	-0.492598	0.063110	0.023622	0.030724	-0.416171	-0.072982	-0.042290	-0.048006	0.184330	-0.019930	-0.052721	-0.013934	-0.200269	0.078432	0.082847	-0.050445	0.148157	0.065281	0.107469	0.112988	0.004195	-0.236699	0.142462	0.128337	-0.043099	0.123496	-0.154048	0.044511	-0.027995	0.001078	-0.045521	0.043992	0.153941	0.044184	-0.095033	-0.094148	0.071467	-0.017533	-0.017711	-0.116514	-0.122215	-0.073759	-0.010751	-0.089632	-0.165727	-0.112610	-0.004769	-0.094085	0.075347	-0.127819	0.072462	-0.025864	0.127672	0.150358	-0.124485	-0.000559	-0.034677	0.080077	-0.144240	-0.075946	0.037177	0.154142	0.081454	-0.050500	0.140723	0.176223	0.006215	-0.066826	-0.109171	-0.062023	0.207646	-0.049871	-0.069718	0.078031	-0.004116	0.014964	-0.159672	-0.003539	-0.167641	-0.110141	-0.181792	0.052148	-0.059608	0.159085	0.127703	-0.152156	0.132731	0.027970	-0.267472	0.011213	0.015697	0.117672	0.019055	-0.099101	0.080959	-0.047265	0.136757	-0.018069	0.057918	0.079536	-0.080040	-0.102991	0.079606	-0.131269	-0.071495	-0.110182	0.095333	-0.021473	0.157576	0.068416	0.040310	0.043317	0.103916	0.058370	0.121784	-0.012139	-0.019988	-0.034024	-0.147210	0.004994	0.023845	-0.005550	0.005344	-0.087193	-0.070846	0.136220	-0.131609
chr20:42983276-42985276	0.358882	-0.515988	-0.103164	-0.070928	-0.056750	-0.005841	0.030779	-0.122896	-0.373393	0.004005	-0.029436	-0.111984	0.217561	-0.043815	-0.206559	0.088836	-0.061217	-0.063463	0.082812	-0.056330	-0.081036	-0.047419	-0.162616	-0.123948	0.139274	0.024028	0.087424	-0.163258	0.023851	0.222088	0.036495	0.097254	0.147902	0.020474	0.204326	0.202231	-0.252670	-0.283468	0.065586	0.027425	-0.000710	-0.084043	0.000352	0.071608	0.104083	0.063437	-0.202454	-0.068996	-0.180851	-0.090720	0.038041	-0.052489	-0.221553	0.005488	-0.121234	-0.058198	-0.005727	0.036002	-0.038372	-0.136169	-0.082361	0.187473	-0.136335	-0.019403	-0.059456	-0.015860	-0.063714	-0.027078	-0.071696	-0.115691	0.079015	-0.050782	0.097860	0.018104	-0.185382	0.016710	-0.011488	0.007533	0.001803	-0.003431	0.069180	0.012119	-0.028768	0.031989	0.094228	-0.021130	0.100623	-0.139440	-0.102871	0.029789	0.121590	-0.004264	0.123221	0.132035	-0.002323	-0.025066	-0.057723	0.131452	-0.001090	0.067924	-0.157635	-0.033132	0.036988	0.030586	0.039935	0.077411	-0.043766	0.119543	0.074381	0.139020	-0.164506	0.120693	0.265407	0.124135	-0.015510	0.056785	-0.037500	-0.015495	0.068671	0.030983	0.051833	0.113326	0.068217	0.104526	-0.022368	0.098229	0.009918	0.034994
chr10:12304602-12308600	0.922654	0.057102	0.100703	0.194976	-0.305579	0.045904	0.333651	0.132023	0.234762	0.092356	0.086340	-0.051423	0.146137	0.017863	-0.017035	-0.015168	-0.140570	-0.022032	0.034944	-0.146169	-0.012689	0.122132	-0.114992	0.012851	0.003151	-0.038564	0.126695	0.006109	-0.087228	-0.146309	0.156796	0.101515	0.183045	-0.177093	-0.112892	0.035040	0.084759	0.007174	0.007976	0.099050	-0.088762	0.088099	0.087466	0.035103	-0.024978	-0.028149	0.033764	-0.154873	0.123317	-0.037762	-0.133264	-0.117628	0.160224	0.059707	0.002298	-0.089234	0.021770	-0.122461	-0.128139	-0.090686	0.038560	0.009421	-0.011790	0.162798	0.189784	0.136399	-0.071312	-0.120384	0.150979	-0.017071	-0.195796	-0.032817	0.018660	-0.155823	-0.095654	0.024600	0.104104	-0.059059	0.164817	-0.041124	0.242549	0.006420	-0.074333	0.124919	0.032213	-0.137586	-0.133686	0.016940	0.145618	0.059840	-0.098588	0.170849	0.075571	0.089684	0.119434	0.019786	-0.045585	0.057815	0.106842	-0.101410	0.031283	-0.056878	-0.198996	0.039069	-0.086056	0.137359	0.087392	-0.082207	0.005476	0.055940	0.167228	-0.077218	-0.068645	-0.069734	0.017597	0.011396	-0.074330	0.112024	-0.207618	-0.140306	-0.075481	0.088722	-0.057986	-0.011303	-0.046031	-0.019661	-0.020832	0.028040
chr10:114792602-114841400	1.147526	0.827137	0.147149	0.110762	0.255010	0.107566	0.065864	-0.106717	0.060103	0.185808	-0.047183	-0.068790	0.129920	0.068940	-0.033124	-0.118126	-0.022727	-0.126379	-0.116202	-0.052993	-0.043499	0.082816	0.039954	-0.079696	0.023171	-0.223873	-0.141510	0.080116	-0.025887	-0.089715	-0.112295	-0.001705	-0.036984	-0.096583	-0.021331	0.027109	-0.036181	-0.124764	0.127567	0.040243	-0.061330	0.054505	-0.033219	-0.023365	0.027123	-0.232642	-0.209531	-0.054261	-0.005674	0.177829	-0.012440	0.127630	-0.119691	-0.017699	-0.040205	-0.070071	0.020221	-0.065275	-0.161673	0.146654	-0.049836	-0.089476	-0.031591	-0.200501	0.206112	-0.006332	-0.183025	-0.126253	-0.072875	0.115273	0.036453	0.192318	0.050165	-0.087082	-0.097334	0.042708	0.047239	0.047716	-0.083874	-0.033072	-0.145756	-0.010591	0.015549	-0.070429	-0.023253	0.022854	0.049881	-0.069113	0.087305	0.010297	-0.040952	-0.189599	-0.113275	-0.009484	0.100269	0.298116	0.167767	-0.044498	0.039306	0.007407	0.008623	0.049075	0.142929	-0.041468	-0.174200	-0.155441	0.039367	0.052155	0.042793	-0.027174	-0.012450	-0.049353	0.003001	-0.106922	-0.170749	-0.076494	0.040279	-0.132906	0.085371	0.002844	-0.081052	0.020181	0.066251	0.003084	0.074917	0.006181	0.033743	0.045742
chr11:72463802-72492000	1.005037	0.844265	-0.105321	-0.033378	-0.125367	-0.269310	-0.053424	0.082430	-0.067852	0.150258	-0.062888	0.041974	0.218502	0.072661	0.053969	0.184566	0.070278	-0.029457	-0.069392	-0.107514	-0.010335	0.079680	-0.115261	0.148597	-0.120144	0.131033	-0.084777	0.073159	-0.133913	0.030956	-0.004013	0.032109	-0.159302	0.035784	-0.042966	0.028716	0.229560	-0.077505	0.157979	0.012063	-0.001425	-0.011176	-0.038117	-0.017798	-0.069427	0.172704	0.111769	-0.015586	-0.068369	0.061203	-0.110691	0.025432	0.056475	-0.010571	-0.095935	-0.000713	-0.108236	-0.133584	0.061545	-0.105195	0.061282	-0.035390	0.098581	0.052006	0.103422	0.156379	-0.033685	-0.203516	-0.042398	-0.051637	0.084967	0.137388	-0.150152	0.090689	-0.171014	0.068489	0.019841	0.039525	-0.005580	0.014145	-0.116164	-0.103323	0.058396	0.030313	-0.040661	0.111360	-0.090791	-0.145928	-0.023737	-0.018688	-0.128262	-0.022292	0.082872	0.018984	0.112383	-0.032855	-0.037844	-0.100311	0.055950	0.103452	0.066945	-0.022896	0.121961	-0.106313	0.060173	-0.008120	0.050901	-0.071209	0.043096	0.071433	-0.125296	0.145880	-0.006435	-0.023027	-0.079718	0.068296	-0.028441	0.135344	-0.176385	-0.060740	-0.024450	0.226116	-0.011143	0.009408	0.011830	0.130950	-0.036652	-0.022853
chr11:2845202-2852800	0.158155	-0.442591	-0.850937	-0.007129	0.118105	0.346397	-0.092839	0.205554	0.016584	0.077905	-0.098466	0.058646	-0.104441	0.124882	-0.135965	-0.073217	0.050271	0.135441	0.070529	0.036249	0.093788	-0.086218	-0.073025	-0.007665	-0.241657	0.007047	-0.024182	0.071698	0.029178	0.050152	0.043557	0.118698	0.088009	0.135967	0.225891	0.083247	0.298744	0.225909	-0.114732	0.072366	-0.034849	-0.074873	0.146840	-0.119198	-0.068298	0.099896	0.175591	0.022757	-0.009310	0.068254	-0.005709	-0.044421	0.111645	0.228416	0.258835	0.035387	0.048170	0.064801	-0.044464	-0.146549	-0.062929	-0.119828	-0.221098	-0.088392	0.006132	0.027433	0.005242	-0.102151	0.045399	0.047444	0.132240	0.014166	0.080292	0.109060	0.018803	-0.109281	-0.045654	0.034104	-0.117249	0.034648	-0.000233	0.005980	-0.143722	0.094934	-0.119875	-0.025472	0.098594	0.114608	-0.017928	-0.072214	-0.021843	-0.057340	0.010065	0.182610	0.227070	0.047134	0.090808	-0.176697	0.180906	0.067486	0.011072	0.043013	-0.026954	0.037533	0.094378	0.043200	-0.176098	-0.040876	0.067605	-0.020417	0.041930	-0.050469	-0.100194	0.040632	-0.131111	-0.063330	0.118784	0.094203	0.120616	-0.118433	0.048810	0.076538	-0.061508	0.018431	-0.052369	-0.070088	-0.012762	0.164507
chr4:6292002-6301400	0.239807	-0.331788	-0.709762	-0.065932	-0.081788	0.122507	-0.211060	0.211153	-0.039560	0.041503	-0.108705	0.113160	0.155256	-0.024029	0.105480	-0.116755	0.011462	0.090933	0.238624	-0.013524	-0.043696	-0.062533	0.024315	0.155208	-0.052149	-0.141743	0.039139	0.151322	-0.051043	-0.081775	-0.055980	-0.017819	-0.004554	0.123554	0.067362	0.047135	0.022998	0.106822	-0.069563	-0.056552	-0.106717	0.043627	0.102694	-0.022878	0.136748	0.078044	-0.190420	-0.167399	-0.008102	0.153784	0.036480	0.166121	0.021341	-0.113214	-0.154681	-0.055826	0.185521	0.192342	-0.065778	-0.047725	-0.024659	0.082677	-0.039170	0.021174	0.084680	-0.074809	0.063356	0.047200	-0.118633	-0.060464	-0.046324	0.029613	0.189097	0.021919	0.176373	-0.005645	0.015510	-0.022490	0.259187	0.172760	0.100112	-0.125437	0.072117	0.004687	0.109448	-0.151060	0.123905	0.035703	-0.043384	0.024306	0.097600	-0.156153	-0.024096	-0.072885	0.009107	0.152988	-0.140610	-0.079638	-0.054097	-0.094348	0.038995	-0.039535	0.031735	0.006964	0.082748	0.039860	-0.027612	0.029506	-0.176194	-0.096407	0.033956	-0.031549	0.045390	-0.064216	-0.027890	0.018590	-0.183514	-0.096820	0.054590	0.088382	-0.013561	-0.126093	-0.068546	0.060348	-0.148863	-0.069028	0.174412	-0.043872
chr6:37775402-37777000	0.356881	0.316989	0.052342	0.112626	-0.113364	0.271017	0.097035	0.204816	0.080479	0.126827	0.027931	0.016578	-0.099493	-0.024114	-0.095839	-0.024126	0.056554	0.031591	0.049984	0.133664	-0.116737	-0.005080	-0.062582	-0.066390	-0.012444	-0.036780	0.006402	-0.190672	-0.053728	0.051473	0.165097	0.088623	-0.012179	0.116844	-0.012822	0.033233	0.038546	-0.022321	0.094112	-0.019701	-0.021181	0.003125	-0.125344	0.217694	-0.032356	0.066429	-0.005532	0.062363	-0.171412	0.157223	-0.174526	0.076263	0.016488	0.046456	0.009888	-0.046083	-0.092234	0.210916	-0.048719	0.097512	-0.086232	0.014259	0.089531	-0.156871	-0.065214	0.091311	-0.120674	-0.201327	-0.001686	-0.113820	-0.172721	0.117396	0.026237	0.069706	0.032691	0.103843	-0.001789	0.087154	0.005524	-0.090109	0.023856	0.038619	0.034172	0.021282	-0.040686	-0.157283	0.038149	-0.106791	-0.080586	0.050618	-0.012409	-0.036002	-0.015014	-0.035830	0.018462	-0.152437	-0.162810	-0.137126	0.056232	0.021715	-0.185993	-0.108085	-0.182559	-0.155022	-0.154215	-0.099053	-0.010945	0.011814	0.102873	0.094257	0.065479	-0.061368	-0.072403	0.006518	0.103754	-0.055190	-0.080098	-0.121008	0.157631	0.199702	0.190771	0.034471	-0.021432	-0.163908	0.002705	0.071597	-0.166673	-0.133173
chr3:185499202-185517400	0.597388	-0.986988	-0.001774	0.112369	-0.309045	-0.148770	-0.103199	-0.274296	-0.045016	-0.043871	-0.005084	-0.055851	0.028676	-0.015161	-0.027266	-0.070712	0.156127	-0.182867	0.009623	-0.070266	0.121795	-0.019338	-0.021288	-0.016712	0.136384	0.118654	0.007906	0.027428	-0.083695	0.042127	-0.009551	-0.051037	-0.008110	-0.056752	-0.101909	-0.063307	0.136952	-0.109622	0.224981	-0.056775	-0.030076	0.047245	0.143982	0.093707	-0.025338	-0.046101	0.083628	-0.013497	-0.194124	-0.068421	-0.011445	0.002070	-0.080804	-0.033866	-0.082325	-0.110321	0.069812	-0.044557	0.050908	0.040808	0.131057	0.126968	-0.065926	0.088553	-0.214437	-0.034930	-0.124071	-0.034609	-0.180863	-0.109191	0.074231	-0.090269	0.010205	0.069231	0.057513	-0.128638	0.176947	0.119467	0.200303	0.095994	-0.007069	0.015050	0.165026	-0.147362	0.159612	0.076872	0.247605	-0.019032	0.092632	-0.006351	-0.023351	-0.162028	-0.096338	0.006067	-0.131632	0.112742	0.018258	-0.109390	-0.059016	-0.097419	-0.055842	0.088965	0.031375	0.148836	0.154610	-0.032665	-0.113701	-0.053560	-0.035372	0.052247	-0.049621	0.044374	0.019231	-0.101252	0.184571	-0.076567	-0.010026	0.200654	-0.108115	0.069583	0.025987	0.152419	0.083524	-0.091262	-0.013592	-0.026109	-0.040548	-0.135852
chr15:62390602-62392000	-0.909996	-0.380535	-0.719867	-0.281810	0.198074	0.139450	0.061258	-0.301853	0.230085	0.094025	0.087283	-0.222629	-0.191068	-0.431908	0.304124	-0.127603	-0.118505	0.026350	0.116912	-0.017002	-0.172627	0.023341	0.176531	-0.295701	0.032179	0.059271	-0.262738	-0.033203	0.027773	0.229931	-0.035228	0.000220	0.059652	-0.019497	0.128378	0.134438	-0.146729	-0.096709	-0.093227	0.009457	0.025982	-0.064141	-0.041038	0.132175	-0.114064	-0.173935	0.012943	0.072177	0.024189	-0.074970	0.107113	-0.088854	0.122362	-0.145813	0.036844	0.048367	0.076692	0.085759	0.095437	0.044333	0.166026	0.109118	0.179698	0.244842	0.086176	-0.225937	0.104671	-0.135080	0.009516	0.151810	-0.145531	0.111521	0.074861	0.015085	-0.157391	-0.025846	0.028118	-0.241313	0.093525	-0.189904	-0.041458	0.090841	0.001574	0.009885	-0.158838	-0.116658	0.071693	0.023712	-0.129875	0.002251	-0.015598	-0.060184	0.075467	0.139449	-0.065583	0.039982	0.022643	-0.110631	-0.001513	0.065035	0.069932	0.009375	-0.023731	0.045914	-0.058322	0.115655	0.125541	-0.017855	0.017591	0.076141	-0.034628	-0.100897	-0.072916	-0.042268	0.040838	0.004131	0.081215	0.063634	0.071870	-0.008079	0.118995	-0.021353	0.100495	-0.011440	-0.074582	0.083847	-0.096680	0.075684
chr10:114757349-114759349	0.429512	-0.991485	0.302009	-0.060570	0.216769	0.159413	0.244398	0.121360	0.200233	0.036596	0.121581	0.029412	0.116267	-0.069340	-0.054597	-0.047213	-0.159289	0.035789	0.150939	0.064763	0.147491	0.045347	-0.103688	0.102137	0.077452	0.132387	-0.039989	-0.032094	0.117669	0.160071	-0.124853	-0.067176	0.051824	0.020467	0.067567	-0.127030	-0.112719	0.135348	0.206451	-0.190634	-0.108853	-0.124413	-0.043504	-0.070835	0.072703	-0.197321	0.180346	-0.096940	0.176870	-0.132571	-0.143138	0.067882	-0.013828	0.075089	0.049881	-0.085895	0.174855	0.125595	-0.163371	-0.058696	-0.082217	0.134963	-0.142827	-0.040192	0.038953	-0.126789	-0.244119	-0.023399	0.018302	-0.029800	0.056717	0.039657	0.009724	-0.051113	-0.045655	0.165586	-0.018753	0.053425	0.145712	-0.034678	-0.034288	0.087388	-0.066896	-0.033329	0.244301	-0.025158	0.074085	0.044536	0.088467	-0.028933	-0.019942	-0.118520	0.089690	-0.000226	0.022050	-0.148897	0.146634	-0.179009	0.086348	-0.087050	0.164546	0.115981	-0.005733	0.132246	-0.082377	0.121132	-0.073235	-0.006579	0.005772	0.036011	0.048739	0.041376	-0.078103	-0.031854	-0.091175	-0.139035	-0.039003	-0.073868	-0.037292	-0.210947	-0.029096	0.142274	-0.078541	-0.020253	-0.011732	0.101039	0.021078	0.109197
chr16:53814602-53817000	0.583517	-0.812946	0.195060	0.003717	0.037702	0.068149	-0.071637	0.219130	0.119738	0.014100	-0.032223	0.201665	0.075777	-0.070117	-0.139185	0.019513	0.093031	0.001055	0.007730	-0.023867	0.068321	0.084198	0.088944	0.302216	0.064733	-0.020291	0.088277	-0.253536	0.188974	-0.153041	-0.165745	0.107686	0.068805	0.007778	0.113179	0.070234	-0.034080	0.141600	0.134064	-0.050571	-0.111671	0.066652	-0.066510	-0.131408	0.026696	-0.032546	-0.143373	-0.040449	0.056750	0.000017	-0.027696	-0.012478	0.005953	0.242508	0.208510	0.117718	0.215630	-0.027428	0.078295	0.070824	-0.083835	-0.153125	0.053252	-0.021450	0.200992	0.071251	-0.212366	0.011466	0.012917	0.033856	-0.063167	0.104863	-0.025092	-0.101254	-0.112481	0.022885	-0.047062	0.054400	-0.027293	0.028018	-0.095985	0.051612	0.072358	0.028441	-0.295217	-0.191620	0.024514	0.197183	0.060706	-0.105618	0.091866	-0.017653	-0.071742	0.065247	-0.258239	0.029422	-0.222801	0.104524	0.078675	0.114896	0.127832	-0.012076	0.057705	0.159893	0.017233	-0.034715	0.122805	0.049130	0.090652	0.096768	0.071689	-0.074851	0.038999	-0.017311	0.001861	-0.106790	-0.113667	0.026836	0.105028	-0.059353	-0.014923	-0.051655	-0.003367	0.087717	-0.187153	0.129097	-0.018563	0.075277
chr3:123036602-123074000	0.369640	-1.307555	-0.011727	-0.049073	-0.161294	-0.075438	0.139983	0.198266	-0.017608	-0.189746	0.002174	-0.272417	-0.052486	-0.006312	-0.053266	-0.180963	-0.021444	0.053058	-0.050897	-0.328860	-0.227138	0.127837	0.135381	0.081993	0.009476	0.073689	0.034176	0.146884	0.122969	0.073964	0.072277	0.011008	-0.069832	-0.022765	-0.107276	-0.189332	0.086049	-0.115094	0.059958	-0.002715	0.028270	-0.113102	-0.094392	0.033062	-0.003231	0.121841	-0.106347	0.162806	0.044565	-0.064182	-0.007823	-0.002811	0.041811	0.055428	0.061817	-0.091339	0.047091	0.019198	0.119913	0.009032	0.044308	-0.018169	0.098555	-0.134023	-0.014585	0.072515	0.044822	0.074363	0.038608	0.133409	-0.159280	-0.126296	0.041442	0.010380	0.083865	0.183076	0.052601	0.004023	-0.010158	-0.044114	0.026349	-0.058334	-0.086463	0.015355	0.037468	-0.100844	-0.108544	-0.038491	-0.197526	0.049017	-0.015681	-0.034406	-0.018604	0.063826	0.001639	0.007177	0.002809	0.212810	0.041920	0.125448	0.119084	-0.150414	0.008794	-0.068786	0.034489	-0.039341	-0.140143	0.039858	-0.027928	-0.094882	-0.088851	0.108716	0.107920	-0.184526	0.056327	-0.077451	0.020466	0.078445	-0.084025	-0.128527	0.000456	0.151362	0.131118	0.140970	0.050971	-0.063538	-0.060259	0.036973
chr11:2190002-2193400	0.214350	-0.648413	-0.754330	-0.082052	0.052608	0.191537	-0.059754	-0.196149	0.072022	0.022614	0.100954	-0.150613	0.085318	-0.174097	0.196869	0.033941	-0.079221	-0.092218	-0.260518	0.258417	0.134655	-0.043321	-0.112749	-0.021446	0.231899	0.214509	-0.089984	0.107323	0.109103	-0.083905	0.054887	-0.116435	-0.056427	-0.191537	-0.000908	0.135149	-0.093819	0.013171	-0.256797	0.116038	-0.131252	0.090066	0.216200	0.239028	-0.105666	-0.278365	0.047907	0.019181	0.097154	0.128084	0.138479	0.002996	0.029337	0.115585	0.126981	0.043709	0.083555	-0.054818	-0.010999	0.065675	-0.084770	0.037827	-0.056950	0.009116	0.039266	-0.033216	0.203002	-0.039036	0.116565	0.093481	0.057605	-0.037542	-0.009183	-0.034082	0.078802	0.125694	0.166865	-0.033880	-0.063013	0.014096	-0.107879	0.112934	0.188033	0.059459	0.021530	-0.128557	-0.089999	-0.077895	0.013258	0.106054	-0.054419	0.082457	0.074066	-0.017199	0.123558	0.119559	0.056430	0.017619	0.061159	0.030854	0.065474	0.047125	0.006314	0.139884	-0.051043	-0.062320	-0.068287	-0.096689	0.066686	0.045207	0.198431	0.048963	0.021449	-0.095702	0.000047	0.052817	0.097414	0.013014	-0.063013	0.071940	-0.018064	0.042467	-0.015459	-0.138596	0.043956	-0.031079	-0.016099	-0.028449
chr8:129543949-129554294	0.695266	-0.416541	0.078782	-0.003911	-0.005806	-0.297521	-0.001209	0.089445	-0.311007	-0.049884	-0.131972	-0.033541	-0.053488	0.166306	-0.066343	-0.035978	0.313128	-0.102480	-0.029303	0.001302	0.004356	0.165219	-0.092676	-0.103347	0.039173	-0.017334	-0.088850	-0.042473	0.061451	0.080994	0.091177	-0.087938	0.063183	-0.009289	-0.179050	0.152730	0.124650	0.019741	-0.059705	0.117670	0.007895	0.142574	0.009452	-0.094083	0.013584	-0.130058	0.045537	-0.006292	0.057505	0.109493	-0.030653	0.031609	0.112237	0.014144	-0.085816	0.126177	-0.010456	-0.109760	0.131652	0.116562	0.051977	0.074459	0.100300	0.111744	0.054036	-0.124706	-0.120648	-0.039588	0.032878	-0.052305	-0.043846	-0.101080	0.006476	0.062602	0.052473	0.010998	-0.021250	-0.133348	0.010228	0.070654	0.087679	0.010012	-0.045527	0.095433	0.062142	0.040910	-0.033127	-0.149125	0.006972	-0.038819	0.051706	-0.154771	-0.055290	0.116464	-0.064709	0.132096	0.210860	0.136251	-0.046347	-0.033162	0.057940	-0.014842	-0.026035	0.106879	0.053390	0.057309	0.057434	0.062293	0.042197	0.106508	-0.045298	-0.039848	0.027891	-0.178404	0.094857	-0.195806	0.161318	0.225578	-0.048801	0.106514	-0.047960	0.024204	-0.143417	-0.029658	0.169890	-0.139364	-0.009438	0.049745
chr22:19743002-19744600	-0.634629	-0.407228	-0.707690	-0.139384	0.011489	0.257422	-0.208807	0.081203	-0.078333	-0.094608	-0.134329	-0.078516	-0.016348	0.144790	-0.269793	0.098072	-0.398407	-0.033076	-0.091870	-0.086170	-0.023851	-0.157613	0.204907	0.015441	0.012322	0.268487	-0.067045	0.025385	-0.132403	0.022503	0.056955	0.128221	0.044725	0.033649	0.281056	0.088606	-0.221016	-0.328899	0.104980	-0.114328	-0.160976	-0.009300	0.098022	0.010338	-0.155291	0.037007	-0.037758	0.168581	0.049840	0.001233	-0.175991	-0.105089	-0.229740	0.036978	-0.123102	0.027541	0.043545	0.003262	-0.163157	0.092725	0.027105	-0.035899	-0.149730	0.028284	0.211003	-0.171287	-0.037104	-0.115378	-0.004033	0.155021	-0.131186	-0.019103	-0.104326	-0.079135	-0.093322	-0.222283	0.178546	-0.018538	0.106754	-0.023001	0.189143	-0.094751	-0.100543	0.131198	0.181342	0.009604	0.052696	-0.099211	0.005476	0.048245	-0.189463	-0.094034	0.094907	0.075925	-0.002230	-0.073966	0.030050	-0.079663	0.062504	-0.113337	0.134919	0.042831	-0.004276	0.018153	0.080201	-0.128443	0.009029	-0.013219	0.021760	0.091728	-0.026857	0.142176	0.038277	-0.013974	0.049182	0.035806	0.054768	0.139892	-0.033501	0.040352	0.101760	-0.071494	0.041450	-0.041329	-0.118408	-0.169441	0.014818	-0.067308
chrX:81728473-81728883	-1.518673	0.562921	0.237372	-0.142699	-0.298272	0.072491	-0.175788	-0.263236	0.026237	-0.111677	-0.254281	0.068027	-0.265884	-0.136208	0.220679	-0.199132	0.475233	-0.052815	-0.065094	0.027143	-0.205830	0.225467	-0.122851	-0.409410	-0.040151	-0.192527	0.436527	-0.269472	-0.237349	0.093214	-0.242157	-0.055232	-0.234750	-0.063978	-0.055545	-0.065688	0.216298	-0.057962	0.044961	0.122428	-0.075794	-0.029102	-0.060908	-0.070405	-0.168841	-0.153004	0.203714	-0.089070	-0.051111	-0.139923	0.175452	0.005450	-0.029144	0.314305	-0.040547	0.113528	-0.526192	-0.235046	0.095689	-0.178447	0.012838	-0.191396	0.198780	-0.292336	0.243986	-0.064475	-0.123859	-0.110742	-0.010275	-0.277786	0.085878	-0.005697	0.253403	-0.052073	-0.396997	-0.245220	0.101963	-0.014569	-0.225853	0.038782	0.078361	0.018070	-0.167678	-0.025799	-0.010275	0.011905	0.026613	-0.054788	0.324398	0.140620	0.077142	-0.011495	0.041957	0.031351	-0.167751	-0.137477	0.027045	-0.001702	-0.143990	0.021381	0.024291	-0.103318	0.047913	0.013734	0.208218	0.031276	-0.313101	-0.006241	0.119020	-0.196810	0.244709	0.088956	-0.108404	-0.015523	-0.028688	-0.071470	-0.020727	0.055589	0.161055	0.266785	-0.023406	-0.112028	-0.027524	0.217548	-0.015977	0.126633	0.171445	-0.065888
chrX:81841817-81842227	-1.563355	2.061754	0.204353	-0.220552	-0.474534	0.546375	0.363003	-0.079999	-0.044842	-0.155542	-0.323529	-0.416226	-0.119862	-0.166390	-0.090127	0.295992	-0.174252	-0.224852	0.085415	-0.003391	-0.072249	0.140387	0.150657	-0.041314	-0.004045	-0.264721	-0.267887	0.160002	-0.004345	-0.055724	-0.062375	-0.009094	-0.103260	0.025333	-0.145243	0.083020	-0.230058	0.264942	0.240584	-0.136960	0.233770	-0.179078	0.012508	0.072814	-0.236988	0.189431	0.037110	-0.002522	-0.185254	0.080492	0.121139	0.148564	-0.030240	0.081490	-0.039887	-0.035019	-0.102109	0.097908	0.142001	0.317753	-0.201097	-0.113981	-0.072325	-0.196177	-0.351258	0.181114	0.273582	0.148502	0.065618	-0.143995	-0.178925	0.232527	-0.054320	0.026071	-0.107473	-0.017111	-0.134643	0.294921	0.121796	-0.010509	-0.074809	0.011662	-0.016115	-0.083321	0.016735	0.014791	0.023701	0.155101	0.031168	-0.108054	-0.050317	0.076983	-0.313901	-0.106981	0.107891	-0.096069	-0.240497	0.151936	-0.039692	0.075847	0.276496	0.036055	-0.115171	-0.047394	0.013590	0.097958	0.025881	0.210433	0.112716	0.078538	0.018165	0.023198	0.018842	-0.290362	-0.125360	-0.032763	0.099424	0.069446	-0.031463	-0.239674	-0.165738	-0.061313	0.127165	-0.129045	-0.034078	-0.182163	0.068882	-0.024625
